id,held_out_item,held_out_item_text,true_resp,generated_resp,rationale,n_observed_items,prompt
211_267_2022,CREDI_B1,"Can the child pick up a small object (e.g., a small toy or stone) using just one hand?",1,1,Child picks up/drops objects and transfers between hands.,39,"Below are the observed responses for one person.
    Observed item responses:
    Item ID: CREDI_B10
Item text: ""Can the child use gestures to indicate what he/she wants (e.g., put arms up to indicate that he/she wants to be held, or point to water)?""
Response: 1

Item ID: CREDI_B11
Item text: ""Can the child pick up and drop a small object (e.g., a small toy or stone) into a bucket or bowl while sitting?""
Response: 1

Item ID: CREDI_B12
Item text: ""Can the child throw a small ball or stone forward using his/her hand?""
Response: 1

Item ID: CREDI_B13
Item text: ""Can the child say one or more words (e.g., names like “mama” or “ba” for “ball”)?""
Response: 1

Item ID: CREDI_B14
Item text: ""Does the child ask you for help using signs or words when he/she cannot do something on his/her own (e.g., to reach an object up high)?""
Response: 1

Item ID: CREDI_B15
Item text: ""Can the child walk several steps while holding on to a person or object (e.g., wall or furniture)?""
Response: 1

Item ID: CREDI_B16
Item text: ""Can the child follow simple directions (e.g., “stand up” or “come here”)?""
Response: 1

Item ID: CREDI_B17
Item text: ""Can the child maintain a standing position on his/her own, without holding on or receiving support?""
Response: 1

Item ID: CREDI_B18
Item text: ""Can the child point to a person or object when asked (e.g., “where is mama?” or “where is the ball?”)?""
Response: 1

Item ID: CREDI_B19
Item text: ""Can the child climb onto an object, such as a chair or bench?""
Response: 0

Item ID: CREDI_B2
Item text: ""Does the child play by tapping an object on the ground or a table?""
Response: 1

Item ID: CREDI_B20
Item text: ""Can the child kick a ball, or other round objects, forward using his/her foot?""
Response: 1

Item ID: CREDI_B3
Item text: ""Does the child intentionally move or change his/her position to get objects that are out of reach?""
Response: 1

Item ID: CREDI_B4
Item text: ""If the child likes an object and someone hides it (e.g put it under the bedsheet or behind some object), does the child look for it?""
Response: 1

Item ID: CREDI_B5
Item text: ""Can the child hold him/herself in a sitting position without help or support for longer than a few seconds?""
Response: 1

Item ID: CREDI_B6
Item text: ""Does the child look at an object when someone says “look!” and points to it?""
Response: 1

Item ID: CREDI_B7
Item text: ""Can the child pick up and eat small pieces of food with his/her fingers?""
Response: 1

Item ID: CREDI_B8
Item text: ""Can the child crawl, roll, or scoot forward on his/her own?""
Response: 1

Item ID: CREDI_B9
Item text: ""Can the child transfer a small object (e.g., a small toy or stone) from one hand to the other?""
Response: 1

Item ID: CREDI_C1
Item text: ""Can the child maintain a standing position on his/her own, without holding on or receiving support?""
Response: 1

Item ID: CREDI_C10
Item text: ""Does the child show sympathy or look concerned when others are hurt or sad?""
Response: 0

Item ID: CREDI_C11
Item text: ""Can the child run more than a few steps without falling or bumping into objects?""
Response: 1

Item ID: CREDI_C12
Item text: ""Can the child drink from a cup (without a lid) on his/her own without spilling?""
Response: 1

Item ID: CREDI_C13
Item text: ""Can the child stack three or more small objects (e.g., blocks, cups, bottle caps) on top of each other?""
Response: 1

Item ID: CREDI_C14
Item text: ""Can the child answer simple questions (e.g., “do you want water?”) by saying “yes” or “no,” rather than nodding?""
Response: 0

Item ID: CREDI_C15
Item text: ""Does the child play with an object by making it something else? (e.g., imagining a bottle as a doll, a stone as a car, or a spoon as an airplane)""
Response: 0

Item ID: CREDI_C16
Item text: ""Can the child correctly name at least one family member other than mom and dad (e.g., name of brother, sister, aunt, uncle)?""
Response: 0

Item ID: CREDI_C17
Item text: ""Can the child ask for something (e.g., food, water) by name when he/she wants it?""
Response: 1

Item ID: CREDI_C18
Item text: ""Can the child walk backwards?""
Response: 1

Item ID: CREDI_C19
Item text: ""If the child knows an object (like a cup or an animal) and you show it to him/her, can he/she tell its name every time?""
Response: 1

Item ID: CREDI_C2
Item text: ""Can the child follow simple directions (e.g., “stand up” or “come here”)?""
Response: 1

Item ID: CREDI_C20
Item text: ""Can the child say ten or more separate words (e.g., names like “mama” or objects like “ball”)?""
Response: 1

Item ID: CREDI_C3
Item text: ""Does the child imitate others’ behavior (e.g., washing hands or dishes)?""
Response: 1

Item ID: CREDI_C4
Item text: ""Can the child climb onto an object such as a chair or bench?""
Response: 1

Item ID: CREDI_C5
Item text: ""Is the child kind to younger children (e.g., speaks to them nicely and touches them gently)?""
Response: 1

Item ID: CREDI_C6
Item text: ""Does the child show curiosity to learn new things (e.g., by asking questions or exploring a new area)?""
Response: 1

Item ID: CREDI_C7
Item text: ""Can the child point to a person or object when asked (e.g., “where is mama?” or “where is the ball?”)?""
Response: 1

Item ID: CREDI_C8
Item text: ""Can the child kick a ball, or other round objects, forward using his/her foot?""
Response: 1

Item ID: CREDI_C9
Item text: ""Does the child involve others in play (i.e., play interactive games with other children)?""
Response: 1
    Now predict this person's response to the held-out item below.
    Held-out item ID: CREDI_B1
    Held-out item text: ""Can the child pick up a small object (e.g., a small toy or stone) using just one hand?""
    Return the predicted response as 0 or 1."
211_267_2022,CREDI_B10,"Can the child use gestures to indicate what he/she wants (e.g., put arms up to indicate that he/she wants to be held, or point to water)?",1,1,"Child uses words and asks for help, implies gestures used",39,"Below are the observed responses for one person.
    Observed item responses:
    Item ID: CREDI_B1
Item text: ""Can the child pick up a small object (e.g., a small toy or stone) using just one hand?""
Response: 1

Item ID: CREDI_B11
Item text: ""Can the child pick up and drop a small object (e.g., a small toy or stone) into a bucket or bowl while sitting?""
Response: 1

Item ID: CREDI_B12
Item text: ""Can the child throw a small ball or stone forward using his/her hand?""
Response: 1

Item ID: CREDI_B13
Item text: ""Can the child say one or more words (e.g., names like “mama” or “ba” for “ball”)?""
Response: 1

Item ID: CREDI_B14
Item text: ""Does the child ask you for help using signs or words when he/she cannot do something on his/her own (e.g., to reach an object up high)?""
Response: 1

Item ID: CREDI_B15
Item text: ""Can the child walk several steps while holding on to a person or object (e.g., wall or furniture)?""
Response: 1

Item ID: CREDI_B16
Item text: ""Can the child follow simple directions (e.g., “stand up” or “come here”)?""
Response: 1

Item ID: CREDI_B17
Item text: ""Can the child maintain a standing position on his/her own, without holding on or receiving support?""
Response: 1

Item ID: CREDI_B18
Item text: ""Can the child point to a person or object when asked (e.g., “where is mama?” or “where is the ball?”)?""
Response: 1

Item ID: CREDI_B19
Item text: ""Can the child climb onto an object, such as a chair or bench?""
Response: 0

Item ID: CREDI_B2
Item text: ""Does the child play by tapping an object on the ground or a table?""
Response: 1

Item ID: CREDI_B20
Item text: ""Can the child kick a ball, or other round objects, forward using his/her foot?""
Response: 1

Item ID: CREDI_B3
Item text: ""Does the child intentionally move or change his/her position to get objects that are out of reach?""
Response: 1

Item ID: CREDI_B4
Item text: ""If the child likes an object and someone hides it (e.g put it under the bedsheet or behind some object), does the child look for it?""
Response: 1

Item ID: CREDI_B5
Item text: ""Can the child hold him/herself in a sitting position without help or support for longer than a few seconds?""
Response: 1

Item ID: CREDI_B6
Item text: ""Does the child look at an object when someone says “look!” and points to it?""
Response: 1

Item ID: CREDI_B7
Item text: ""Can the child pick up and eat small pieces of food with his/her fingers?""
Response: 1

Item ID: CREDI_B8
Item text: ""Can the child crawl, roll, or scoot forward on his/her own?""
Response: 1

Item ID: CREDI_B9
Item text: ""Can the child transfer a small object (e.g., a small toy or stone) from one hand to the other?""
Response: 1

Item ID: CREDI_C1
Item text: ""Can the child maintain a standing position on his/her own, without holding on or receiving support?""
Response: 1

Item ID: CREDI_C10
Item text: ""Does the child show sympathy or look concerned when others are hurt or sad?""
Response: 0

Item ID: CREDI_C11
Item text: ""Can the child run more than a few steps without falling or bumping into objects?""
Response: 1

Item ID: CREDI_C12
Item text: ""Can the child drink from a cup (without a lid) on his/her own without spilling?""
Response: 1

Item ID: CREDI_C13
Item text: ""Can the child stack three or more small objects (e.g., blocks, cups, bottle caps) on top of each other?""
Response: 1

Item ID: CREDI_C14
Item text: ""Can the child answer simple questions (e.g., “do you want water?”) by saying “yes” or “no,” rather than nodding?""
Response: 0

Item ID: CREDI_C15
Item text: ""Does the child play with an object by making it something else? (e.g., imagining a bottle as a doll, a stone as a car, or a spoon as an airplane)""
Response: 0

Item ID: CREDI_C16
Item text: ""Can the child correctly name at least one family member other than mom and dad (e.g., name of brother, sister, aunt, uncle)?""
Response: 0

Item ID: CREDI_C17
Item text: ""Can the child ask for something (e.g., food, water) by name when he/she wants it?""
Response: 1

Item ID: CREDI_C18
Item text: ""Can the child walk backwards?""
Response: 1

Item ID: CREDI_C19
Item text: ""If the child knows an object (like a cup or an animal) and you show it to him/her, can he/she tell its name every time?""
Response: 1

Item ID: CREDI_C2
Item text: ""Can the child follow simple directions (e.g., “stand up” or “come here”)?""
Response: 1

Item ID: CREDI_C20
Item text: ""Can the child say ten or more separate words (e.g., names like “mama” or objects like “ball”)?""
Response: 1

Item ID: CREDI_C3
Item text: ""Does the child imitate others’ behavior (e.g., washing hands or dishes)?""
Response: 1

Item ID: CREDI_C4
Item text: ""Can the child climb onto an object such as a chair or bench?""
Response: 1

Item ID: CREDI_C5
Item text: ""Is the child kind to younger children (e.g., speaks to them nicely and touches them gently)?""
Response: 1

Item ID: CREDI_C6
Item text: ""Does the child show curiosity to learn new things (e.g., by asking questions or exploring a new area)?""
Response: 1

Item ID: CREDI_C7
Item text: ""Can the child point to a person or object when asked (e.g., “where is mama?” or “where is the ball?”)?""
Response: 1

Item ID: CREDI_C8
Item text: ""Can the child kick a ball, or other round objects, forward using his/her foot?""
Response: 1

Item ID: CREDI_C9
Item text: ""Does the child involve others in play (i.e., play interactive games with other children)?""
Response: 1
    Now predict this person's response to the held-out item below.
    Held-out item ID: CREDI_B10
    Held-out item text: ""Can the child use gestures to indicate what he/she wants (e.g., put arms up to indicate that he/she wants to be held, or point to water)?""
    Return the predicted response as 0 or 1."
211_267_2022,CREDI_B11,"Can the child pick up and drop a small object (e.g., a small toy or stone) into a bucket or bowl while sitting?",1,1,Child picks up small objects and transfers between hands.,39,"Below are the observed responses for one person.
    Observed item responses:
    Item ID: CREDI_B1
Item text: ""Can the child pick up a small object (e.g., a small toy or stone) using just one hand?""
Response: 1

Item ID: CREDI_B10
Item text: ""Can the child use gestures to indicate what he/she wants (e.g., put arms up to indicate that he/she wants to be held, or point to water)?""
Response: 1

Item ID: CREDI_B12
Item text: ""Can the child throw a small ball or stone forward using his/her hand?""
Response: 1

Item ID: CREDI_B13
Item text: ""Can the child say one or more words (e.g., names like “mama” or “ba” for “ball”)?""
Response: 1

Item ID: CREDI_B14
Item text: ""Does the child ask you for help using signs or words when he/she cannot do something on his/her own (e.g., to reach an object up high)?""
Response: 1

Item ID: CREDI_B15
Item text: ""Can the child walk several steps while holding on to a person or object (e.g., wall or furniture)?""
Response: 1

Item ID: CREDI_B16
Item text: ""Can the child follow simple directions (e.g., “stand up” or “come here”)?""
Response: 1

Item ID: CREDI_B17
Item text: ""Can the child maintain a standing position on his/her own, without holding on or receiving support?""
Response: 1

Item ID: CREDI_B18
Item text: ""Can the child point to a person or object when asked (e.g., “where is mama?” or “where is the ball?”)?""
Response: 1

Item ID: CREDI_B19
Item text: ""Can the child climb onto an object, such as a chair or bench?""
Response: 0

Item ID: CREDI_B2
Item text: ""Does the child play by tapping an object on the ground or a table?""
Response: 1

Item ID: CREDI_B20
Item text: ""Can the child kick a ball, or other round objects, forward using his/her foot?""
Response: 1

Item ID: CREDI_B3
Item text: ""Does the child intentionally move or change his/her position to get objects that are out of reach?""
Response: 1

Item ID: CREDI_B4
Item text: ""If the child likes an object and someone hides it (e.g put it under the bedsheet or behind some object), does the child look for it?""
Response: 1

Item ID: CREDI_B5
Item text: ""Can the child hold him/herself in a sitting position without help or support for longer than a few seconds?""
Response: 1

Item ID: CREDI_B6
Item text: ""Does the child look at an object when someone says “look!” and points to it?""
Response: 1

Item ID: CREDI_B7
Item text: ""Can the child pick up and eat small pieces of food with his/her fingers?""
Response: 1

Item ID: CREDI_B8
Item text: ""Can the child crawl, roll, or scoot forward on his/her own?""
Response: 1

Item ID: CREDI_B9
Item text: ""Can the child transfer a small object (e.g., a small toy or stone) from one hand to the other?""
Response: 1

Item ID: CREDI_C1
Item text: ""Can the child maintain a standing position on his/her own, without holding on or receiving support?""
Response: 1

Item ID: CREDI_C10
Item text: ""Does the child show sympathy or look concerned when others are hurt or sad?""
Response: 0

Item ID: CREDI_C11
Item text: ""Can the child run more than a few steps without falling or bumping into objects?""
Response: 1

Item ID: CREDI_C12
Item text: ""Can the child drink from a cup (without a lid) on his/her own without spilling?""
Response: 1

Item ID: CREDI_C13
Item text: ""Can the child stack three or more small objects (e.g., blocks, cups, bottle caps) on top of each other?""
Response: 1

Item ID: CREDI_C14
Item text: ""Can the child answer simple questions (e.g., “do you want water?”) by saying “yes” or “no,” rather than nodding?""
Response: 0

Item ID: CREDI_C15
Item text: ""Does the child play with an object by making it something else? (e.g., imagining a bottle as a doll, a stone as a car, or a spoon as an airplane)""
Response: 0

Item ID: CREDI_C16
Item text: ""Can the child correctly name at least one family member other than mom and dad (e.g., name of brother, sister, aunt, uncle)?""
Response: 0

Item ID: CREDI_C17
Item text: ""Can the child ask for something (e.g., food, water) by name when he/she wants it?""
Response: 1

Item ID: CREDI_C18
Item text: ""Can the child walk backwards?""
Response: 1

Item ID: CREDI_C19
Item text: ""If the child knows an object (like a cup or an animal) and you show it to him/her, can he/she tell its name every time?""
Response: 1

Item ID: CREDI_C2
Item text: ""Can the child follow simple directions (e.g., “stand up” or “come here”)?""
Response: 1

Item ID: CREDI_C20
Item text: ""Can the child say ten or more separate words (e.g., names like “mama” or objects like “ball”)?""
Response: 1

Item ID: CREDI_C3
Item text: ""Does the child imitate others’ behavior (e.g., washing hands or dishes)?""
Response: 1

Item ID: CREDI_C4
Item text: ""Can the child climb onto an object such as a chair or bench?""
Response: 1

Item ID: CREDI_C5
Item text: ""Is the child kind to younger children (e.g., speaks to them nicely and touches them gently)?""
Response: 1

Item ID: CREDI_C6
Item text: ""Does the child show curiosity to learn new things (e.g., by asking questions or exploring a new area)?""
Response: 1

Item ID: CREDI_C7
Item text: ""Can the child point to a person or object when asked (e.g., “where is mama?” or “where is the ball?”)?""
Response: 1

Item ID: CREDI_C8
Item text: ""Can the child kick a ball, or other round objects, forward using his/her foot?""
Response: 1

Item ID: CREDI_C9
Item text: ""Does the child involve others in play (i.e., play interactive games with other children)?""
Response: 1
    Now predict this person's response to the held-out item below.
    Held-out item ID: CREDI_B11
    Held-out item text: ""Can the child pick up and drop a small object (e.g., a small toy or stone) into a bucket or bowl while sitting?""
    Return the predicted response as 0 or 1."
211_267_2022,CREDI_B12,Can the child throw a small ball or stone forward using his/her hand?,1,1,Child throws balls and picks up small objects successfully.,39,"Below are the observed responses for one person.
    Observed item responses:
    Item ID: CREDI_B1
Item text: ""Can the child pick up a small object (e.g., a small toy or stone) using just one hand?""
Response: 1

Item ID: CREDI_B10
Item text: ""Can the child use gestures to indicate what he/she wants (e.g., put arms up to indicate that he/she wants to be held, or point to water)?""
Response: 1

Item ID: CREDI_B11
Item text: ""Can the child pick up and drop a small object (e.g., a small toy or stone) into a bucket or bowl while sitting?""
Response: 1

Item ID: CREDI_B13
Item text: ""Can the child say one or more words (e.g., names like “mama” or “ba” for “ball”)?""
Response: 1

Item ID: CREDI_B14
Item text: ""Does the child ask you for help using signs or words when he/she cannot do something on his/her own (e.g., to reach an object up high)?""
Response: 1

Item ID: CREDI_B15
Item text: ""Can the child walk several steps while holding on to a person or object (e.g., wall or furniture)?""
Response: 1

Item ID: CREDI_B16
Item text: ""Can the child follow simple directions (e.g., “stand up” or “come here”)?""
Response: 1

Item ID: CREDI_B17
Item text: ""Can the child maintain a standing position on his/her own, without holding on or receiving support?""
Response: 1

Item ID: CREDI_B18
Item text: ""Can the child point to a person or object when asked (e.g., “where is mama?” or “where is the ball?”)?""
Response: 1

Item ID: CREDI_B19
Item text: ""Can the child climb onto an object, such as a chair or bench?""
Response: 0

Item ID: CREDI_B2
Item text: ""Does the child play by tapping an object on the ground or a table?""
Response: 1

Item ID: CREDI_B20
Item text: ""Can the child kick a ball, or other round objects, forward using his/her foot?""
Response: 1

Item ID: CREDI_B3
Item text: ""Does the child intentionally move or change his/her position to get objects that are out of reach?""
Response: 1

Item ID: CREDI_B4
Item text: ""If the child likes an object and someone hides it (e.g put it under the bedsheet or behind some object), does the child look for it?""
Response: 1

Item ID: CREDI_B5
Item text: ""Can the child hold him/herself in a sitting position without help or support for longer than a few seconds?""
Response: 1

Item ID: CREDI_B6
Item text: ""Does the child look at an object when someone says “look!” and points to it?""
Response: 1

Item ID: CREDI_B7
Item text: ""Can the child pick up and eat small pieces of food with his/her fingers?""
Response: 1

Item ID: CREDI_B8
Item text: ""Can the child crawl, roll, or scoot forward on his/her own?""
Response: 1

Item ID: CREDI_B9
Item text: ""Can the child transfer a small object (e.g., a small toy or stone) from one hand to the other?""
Response: 1

Item ID: CREDI_C1
Item text: ""Can the child maintain a standing position on his/her own, without holding on or receiving support?""
Response: 1

Item ID: CREDI_C10
Item text: ""Does the child show sympathy or look concerned when others are hurt or sad?""
Response: 0

Item ID: CREDI_C11
Item text: ""Can the child run more than a few steps without falling or bumping into objects?""
Response: 1

Item ID: CREDI_C12
Item text: ""Can the child drink from a cup (without a lid) on his/her own without spilling?""
Response: 1

Item ID: CREDI_C13
Item text: ""Can the child stack three or more small objects (e.g., blocks, cups, bottle caps) on top of each other?""
Response: 1

Item ID: CREDI_C14
Item text: ""Can the child answer simple questions (e.g., “do you want water?”) by saying “yes” or “no,” rather than nodding?""
Response: 0

Item ID: CREDI_C15
Item text: ""Does the child play with an object by making it something else? (e.g., imagining a bottle as a doll, a stone as a car, or a spoon as an airplane)""
Response: 0

Item ID: CREDI_C16
Item text: ""Can the child correctly name at least one family member other than mom and dad (e.g., name of brother, sister, aunt, uncle)?""
Response: 0

Item ID: CREDI_C17
Item text: ""Can the child ask for something (e.g., food, water) by name when he/she wants it?""
Response: 1

Item ID: CREDI_C18
Item text: ""Can the child walk backwards?""
Response: 1

Item ID: CREDI_C19
Item text: ""If the child knows an object (like a cup or an animal) and you show it to him/her, can he/she tell its name every time?""
Response: 1

Item ID: CREDI_C2
Item text: ""Can the child follow simple directions (e.g., “stand up” or “come here”)?""
Response: 1

Item ID: CREDI_C20
Item text: ""Can the child say ten or more separate words (e.g., names like “mama” or objects like “ball”)?""
Response: 1

Item ID: CREDI_C3
Item text: ""Does the child imitate others’ behavior (e.g., washing hands or dishes)?""
Response: 1

Item ID: CREDI_C4
Item text: ""Can the child climb onto an object such as a chair or bench?""
Response: 1

Item ID: CREDI_C5
Item text: ""Is the child kind to younger children (e.g., speaks to them nicely and touches them gently)?""
Response: 1

Item ID: CREDI_C6
Item text: ""Does the child show curiosity to learn new things (e.g., by asking questions or exploring a new area)?""
Response: 1

Item ID: CREDI_C7
Item text: ""Can the child point to a person or object when asked (e.g., “where is mama?” or “where is the ball?”)?""
Response: 1

Item ID: CREDI_C8
Item text: ""Can the child kick a ball, or other round objects, forward using his/her foot?""
Response: 1

Item ID: CREDI_C9
Item text: ""Does the child involve others in play (i.e., play interactive games with other children)?""
Response: 1
    Now predict this person's response to the held-out item below.
    Held-out item ID: CREDI_B12
    Held-out item text: ""Can the child throw a small ball or stone forward using his/her hand?""
    Return the predicted response as 0 or 1."
211_267_2022,CREDI_B13,"Can the child say one or more words (e.g., names like “mama” or “ba” for “ball”)?",1,1,Child asks for help and names objects consistently.,39,"Below are the observed responses for one person.
    Observed item responses:
    Item ID: CREDI_B1
Item text: ""Can the child pick up a small object (e.g., a small toy or stone) using just one hand?""
Response: 1

Item ID: CREDI_B10
Item text: ""Can the child use gestures to indicate what he/she wants (e.g., put arms up to indicate that he/she wants to be held, or point to water)?""
Response: 1

Item ID: CREDI_B11
Item text: ""Can the child pick up and drop a small object (e.g., a small toy or stone) into a bucket or bowl while sitting?""
Response: 1

Item ID: CREDI_B12
Item text: ""Can the child throw a small ball or stone forward using his/her hand?""
Response: 1

Item ID: CREDI_B14
Item text: ""Does the child ask you for help using signs or words when he/she cannot do something on his/her own (e.g., to reach an object up high)?""
Response: 1

Item ID: CREDI_B15
Item text: ""Can the child walk several steps while holding on to a person or object (e.g., wall or furniture)?""
Response: 1

Item ID: CREDI_B16
Item text: ""Can the child follow simple directions (e.g., “stand up” or “come here”)?""
Response: 1

Item ID: CREDI_B17
Item text: ""Can the child maintain a standing position on his/her own, without holding on or receiving support?""
Response: 1

Item ID: CREDI_B18
Item text: ""Can the child point to a person or object when asked (e.g., “where is mama?” or “where is the ball?”)?""
Response: 1

Item ID: CREDI_B19
Item text: ""Can the child climb onto an object, such as a chair or bench?""
Response: 0

Item ID: CREDI_B2
Item text: ""Does the child play by tapping an object on the ground or a table?""
Response: 1

Item ID: CREDI_B20
Item text: ""Can the child kick a ball, or other round objects, forward using his/her foot?""
Response: 1

Item ID: CREDI_B3
Item text: ""Does the child intentionally move or change his/her position to get objects that are out of reach?""
Response: 1

Item ID: CREDI_B4
Item text: ""If the child likes an object and someone hides it (e.g put it under the bedsheet or behind some object), does the child look for it?""
Response: 1

Item ID: CREDI_B5
Item text: ""Can the child hold him/herself in a sitting position without help or support for longer than a few seconds?""
Response: 1

Item ID: CREDI_B6
Item text: ""Does the child look at an object when someone says “look!” and points to it?""
Response: 1

Item ID: CREDI_B7
Item text: ""Can the child pick up and eat small pieces of food with his/her fingers?""
Response: 1

Item ID: CREDI_B8
Item text: ""Can the child crawl, roll, or scoot forward on his/her own?""
Response: 1

Item ID: CREDI_B9
Item text: ""Can the child transfer a small object (e.g., a small toy or stone) from one hand to the other?""
Response: 1

Item ID: CREDI_C1
Item text: ""Can the child maintain a standing position on his/her own, without holding on or receiving support?""
Response: 1

Item ID: CREDI_C10
Item text: ""Does the child show sympathy or look concerned when others are hurt or sad?""
Response: 0

Item ID: CREDI_C11
Item text: ""Can the child run more than a few steps without falling or bumping into objects?""
Response: 1

Item ID: CREDI_C12
Item text: ""Can the child drink from a cup (without a lid) on his/her own without spilling?""
Response: 1

Item ID: CREDI_C13
Item text: ""Can the child stack three or more small objects (e.g., blocks, cups, bottle caps) on top of each other?""
Response: 1

Item ID: CREDI_C14
Item text: ""Can the child answer simple questions (e.g., “do you want water?”) by saying “yes” or “no,” rather than nodding?""
Response: 0

Item ID: CREDI_C15
Item text: ""Does the child play with an object by making it something else? (e.g., imagining a bottle as a doll, a stone as a car, or a spoon as an airplane)""
Response: 0

Item ID: CREDI_C16
Item text: ""Can the child correctly name at least one family member other than mom and dad (e.g., name of brother, sister, aunt, uncle)?""
Response: 0

Item ID: CREDI_C17
Item text: ""Can the child ask for something (e.g., food, water) by name when he/she wants it?""
Response: 1

Item ID: CREDI_C18
Item text: ""Can the child walk backwards?""
Response: 1

Item ID: CREDI_C19
Item text: ""If the child knows an object (like a cup or an animal) and you show it to him/her, can he/she tell its name every time?""
Response: 1

Item ID: CREDI_C2
Item text: ""Can the child follow simple directions (e.g., “stand up” or “come here”)?""
Response: 1

Item ID: CREDI_C20
Item text: ""Can the child say ten or more separate words (e.g., names like “mama” or objects like “ball”)?""
Response: 1

Item ID: CREDI_C3
Item text: ""Does the child imitate others’ behavior (e.g., washing hands or dishes)?""
Response: 1

Item ID: CREDI_C4
Item text: ""Can the child climb onto an object such as a chair or bench?""
Response: 1

Item ID: CREDI_C5
Item text: ""Is the child kind to younger children (e.g., speaks to them nicely and touches them gently)?""
Response: 1

Item ID: CREDI_C6
Item text: ""Does the child show curiosity to learn new things (e.g., by asking questions or exploring a new area)?""
Response: 1

Item ID: CREDI_C7
Item text: ""Can the child point to a person or object when asked (e.g., “where is mama?” or “where is the ball?”)?""
Response: 1

Item ID: CREDI_C8
Item text: ""Can the child kick a ball, or other round objects, forward using his/her foot?""
Response: 1

Item ID: CREDI_C9
Item text: ""Does the child involve others in play (i.e., play interactive games with other children)?""
Response: 1
    Now predict this person's response to the held-out item below.
    Held-out item ID: CREDI_B13
    Held-out item text: ""Can the child say one or more words (e.g., names like “mama” or “ba” for “ball”)?""
    Return the predicted response as 0 or 1."
211_267_2022,CREDI_B14,"Does the child ask you for help using signs or words when he/she cannot do something on his/her own (e.g., to reach an object up high)?",1,1,Child uses gestures and words to communicate needs.,39,"Below are the observed responses for one person.
    Observed item responses:
    Item ID: CREDI_B1
Item text: ""Can the child pick up a small object (e.g., a small toy or stone) using just one hand?""
Response: 1

Item ID: CREDI_B10
Item text: ""Can the child use gestures to indicate what he/she wants (e.g., put arms up to indicate that he/she wants to be held, or point to water)?""
Response: 1

Item ID: CREDI_B11
Item text: ""Can the child pick up and drop a small object (e.g., a small toy or stone) into a bucket or bowl while sitting?""
Response: 1

Item ID: CREDI_B12
Item text: ""Can the child throw a small ball or stone forward using his/her hand?""
Response: 1

Item ID: CREDI_B13
Item text: ""Can the child say one or more words (e.g., names like “mama” or “ba” for “ball”)?""
Response: 1

Item ID: CREDI_B15
Item text: ""Can the child walk several steps while holding on to a person or object (e.g., wall or furniture)?""
Response: 1

Item ID: CREDI_B16
Item text: ""Can the child follow simple directions (e.g., “stand up” or “come here”)?""
Response: 1

Item ID: CREDI_B17
Item text: ""Can the child maintain a standing position on his/her own, without holding on or receiving support?""
Response: 1

Item ID: CREDI_B18
Item text: ""Can the child point to a person or object when asked (e.g., “where is mama?” or “where is the ball?”)?""
Response: 1

Item ID: CREDI_B19
Item text: ""Can the child climb onto an object, such as a chair or bench?""
Response: 0

Item ID: CREDI_B2
Item text: ""Does the child play by tapping an object on the ground or a table?""
Response: 1

Item ID: CREDI_B20
Item text: ""Can the child kick a ball, or other round objects, forward using his/her foot?""
Response: 1

Item ID: CREDI_B3
Item text: ""Does the child intentionally move or change his/her position to get objects that are out of reach?""
Response: 1

Item ID: CREDI_B4
Item text: ""If the child likes an object and someone hides it (e.g put it under the bedsheet or behind some object), does the child look for it?""
Response: 1

Item ID: CREDI_B5
Item text: ""Can the child hold him/herself in a sitting position without help or support for longer than a few seconds?""
Response: 1

Item ID: CREDI_B6
Item text: ""Does the child look at an object when someone says “look!” and points to it?""
Response: 1

Item ID: CREDI_B7
Item text: ""Can the child pick up and eat small pieces of food with his/her fingers?""
Response: 1

Item ID: CREDI_B8
Item text: ""Can the child crawl, roll, or scoot forward on his/her own?""
Response: 1

Item ID: CREDI_B9
Item text: ""Can the child transfer a small object (e.g., a small toy or stone) from one hand to the other?""
Response: 1

Item ID: CREDI_C1
Item text: ""Can the child maintain a standing position on his/her own, without holding on or receiving support?""
Response: 1

Item ID: CREDI_C10
Item text: ""Does the child show sympathy or look concerned when others are hurt or sad?""
Response: 0

Item ID: CREDI_C11
Item text: ""Can the child run more than a few steps without falling or bumping into objects?""
Response: 1

Item ID: CREDI_C12
Item text: ""Can the child drink from a cup (without a lid) on his/her own without spilling?""
Response: 1

Item ID: CREDI_C13
Item text: ""Can the child stack three or more small objects (e.g., blocks, cups, bottle caps) on top of each other?""
Response: 1

Item ID: CREDI_C14
Item text: ""Can the child answer simple questions (e.g., “do you want water?”) by saying “yes” or “no,” rather than nodding?""
Response: 0

Item ID: CREDI_C15
Item text: ""Does the child play with an object by making it something else? (e.g., imagining a bottle as a doll, a stone as a car, or a spoon as an airplane)""
Response: 0

Item ID: CREDI_C16
Item text: ""Can the child correctly name at least one family member other than mom and dad (e.g., name of brother, sister, aunt, uncle)?""
Response: 0

Item ID: CREDI_C17
Item text: ""Can the child ask for something (e.g., food, water) by name when he/she wants it?""
Response: 1

Item ID: CREDI_C18
Item text: ""Can the child walk backwards?""
Response: 1

Item ID: CREDI_C19
Item text: ""If the child knows an object (like a cup or an animal) and you show it to him/her, can he/she tell its name every time?""
Response: 1

Item ID: CREDI_C2
Item text: ""Can the child follow simple directions (e.g., “stand up” or “come here”)?""
Response: 1

Item ID: CREDI_C20
Item text: ""Can the child say ten or more separate words (e.g., names like “mama” or objects like “ball”)?""
Response: 1

Item ID: CREDI_C3
Item text: ""Does the child imitate others’ behavior (e.g., washing hands or dishes)?""
Response: 1

Item ID: CREDI_C4
Item text: ""Can the child climb onto an object such as a chair or bench?""
Response: 1

Item ID: CREDI_C5
Item text: ""Is the child kind to younger children (e.g., speaks to them nicely and touches them gently)?""
Response: 1

Item ID: CREDI_C6
Item text: ""Does the child show curiosity to learn new things (e.g., by asking questions or exploring a new area)?""
Response: 1

Item ID: CREDI_C7
Item text: ""Can the child point to a person or object when asked (e.g., “where is mama?” or “where is the ball?”)?""
Response: 1

Item ID: CREDI_C8
Item text: ""Can the child kick a ball, or other round objects, forward using his/her foot?""
Response: 1

Item ID: CREDI_C9
Item text: ""Does the child involve others in play (i.e., play interactive games with other children)?""
Response: 1
    Now predict this person's response to the held-out item below.
    Held-out item ID: CREDI_B14
    Held-out item text: ""Does the child ask you for help using signs or words when he/she cannot do something on his/her own (e.g., to reach an object up high)?""
    Return the predicted response as 0 or 1."
211_267_2022,CREDI_B15,"Can the child walk several steps while holding on to a person or object (e.g., wall or furniture)?",1,1,"Child stands unsupported, walks backwards, and moves actively.",39,"Below are the observed responses for one person.
    Observed item responses:
    Item ID: CREDI_B1
Item text: ""Can the child pick up a small object (e.g., a small toy or stone) using just one hand?""
Response: 1

Item ID: CREDI_B10
Item text: ""Can the child use gestures to indicate what he/she wants (e.g., put arms up to indicate that he/she wants to be held, or point to water)?""
Response: 1

Item ID: CREDI_B11
Item text: ""Can the child pick up and drop a small object (e.g., a small toy or stone) into a bucket or bowl while sitting?""
Response: 1

Item ID: CREDI_B12
Item text: ""Can the child throw a small ball or stone forward using his/her hand?""
Response: 1

Item ID: CREDI_B13
Item text: ""Can the child say one or more words (e.g., names like “mama” or “ba” for “ball”)?""
Response: 1

Item ID: CREDI_B14
Item text: ""Does the child ask you for help using signs or words when he/she cannot do something on his/her own (e.g., to reach an object up high)?""
Response: 1

Item ID: CREDI_B16
Item text: ""Can the child follow simple directions (e.g., “stand up” or “come here”)?""
Response: 1

Item ID: CREDI_B17
Item text: ""Can the child maintain a standing position on his/her own, without holding on or receiving support?""
Response: 1

Item ID: CREDI_B18
Item text: ""Can the child point to a person or object when asked (e.g., “where is mama?” or “where is the ball?”)?""
Response: 1

Item ID: CREDI_B19
Item text: ""Can the child climb onto an object, such as a chair or bench?""
Response: 0

Item ID: CREDI_B2
Item text: ""Does the child play by tapping an object on the ground or a table?""
Response: 1

Item ID: CREDI_B20
Item text: ""Can the child kick a ball, or other round objects, forward using his/her foot?""
Response: 1

Item ID: CREDI_B3
Item text: ""Does the child intentionally move or change his/her position to get objects that are out of reach?""
Response: 1

Item ID: CREDI_B4
Item text: ""If the child likes an object and someone hides it (e.g put it under the bedsheet or behind some object), does the child look for it?""
Response: 1

Item ID: CREDI_B5
Item text: ""Can the child hold him/herself in a sitting position without help or support for longer than a few seconds?""
Response: 1

Item ID: CREDI_B6
Item text: ""Does the child look at an object when someone says “look!” and points to it?""
Response: 1

Item ID: CREDI_B7
Item text: ""Can the child pick up and eat small pieces of food with his/her fingers?""
Response: 1

Item ID: CREDI_B8
Item text: ""Can the child crawl, roll, or scoot forward on his/her own?""
Response: 1

Item ID: CREDI_B9
Item text: ""Can the child transfer a small object (e.g., a small toy or stone) from one hand to the other?""
Response: 1

Item ID: CREDI_C1
Item text: ""Can the child maintain a standing position on his/her own, without holding on or receiving support?""
Response: 1

Item ID: CREDI_C10
Item text: ""Does the child show sympathy or look concerned when others are hurt or sad?""
Response: 0

Item ID: CREDI_C11
Item text: ""Can the child run more than a few steps without falling or bumping into objects?""
Response: 1

Item ID: CREDI_C12
Item text: ""Can the child drink from a cup (without a lid) on his/her own without spilling?""
Response: 1

Item ID: CREDI_C13
Item text: ""Can the child stack three or more small objects (e.g., blocks, cups, bottle caps) on top of each other?""
Response: 1

Item ID: CREDI_C14
Item text: ""Can the child answer simple questions (e.g., “do you want water?”) by saying “yes” or “no,” rather than nodding?""
Response: 0

Item ID: CREDI_C15
Item text: ""Does the child play with an object by making it something else? (e.g., imagining a bottle as a doll, a stone as a car, or a spoon as an airplane)""
Response: 0

Item ID: CREDI_C16
Item text: ""Can the child correctly name at least one family member other than mom and dad (e.g., name of brother, sister, aunt, uncle)?""
Response: 0

Item ID: CREDI_C17
Item text: ""Can the child ask for something (e.g., food, water) by name when he/she wants it?""
Response: 1

Item ID: CREDI_C18
Item text: ""Can the child walk backwards?""
Response: 1

Item ID: CREDI_C19
Item text: ""If the child knows an object (like a cup or an animal) and you show it to him/her, can he/she tell its name every time?""
Response: 1

Item ID: CREDI_C2
Item text: ""Can the child follow simple directions (e.g., “stand up” or “come here”)?""
Response: 1

Item ID: CREDI_C20
Item text: ""Can the child say ten or more separate words (e.g., names like “mama” or objects like “ball”)?""
Response: 1

Item ID: CREDI_C3
Item text: ""Does the child imitate others’ behavior (e.g., washing hands or dishes)?""
Response: 1

Item ID: CREDI_C4
Item text: ""Can the child climb onto an object such as a chair or bench?""
Response: 1

Item ID: CREDI_C5
Item text: ""Is the child kind to younger children (e.g., speaks to them nicely and touches them gently)?""
Response: 1

Item ID: CREDI_C6
Item text: ""Does the child show curiosity to learn new things (e.g., by asking questions or exploring a new area)?""
Response: 1

Item ID: CREDI_C7
Item text: ""Can the child point to a person or object when asked (e.g., “where is mama?” or “where is the ball?”)?""
Response: 1

Item ID: CREDI_C8
Item text: ""Can the child kick a ball, or other round objects, forward using his/her foot?""
Response: 1

Item ID: CREDI_C9
Item text: ""Does the child involve others in play (i.e., play interactive games with other children)?""
Response: 1
    Now predict this person's response to the held-out item below.
    Held-out item ID: CREDI_B15
    Held-out item text: ""Can the child walk several steps while holding on to a person or object (e.g., wall or furniture)?""
    Return the predicted response as 0 or 1."
211_267_2022,CREDI_B16,"Can the child follow simple directions (e.g., “stand up” or “come here”)?",1,1,Child responds to commands and follows directions.,39,"Below are the observed responses for one person.
    Observed item responses:
    Item ID: CREDI_B1
Item text: ""Can the child pick up a small object (e.g., a small toy or stone) using just one hand?""
Response: 1

Item ID: CREDI_B10
Item text: ""Can the child use gestures to indicate what he/she wants (e.g., put arms up to indicate that he/she wants to be held, or point to water)?""
Response: 1

Item ID: CREDI_B11
Item text: ""Can the child pick up and drop a small object (e.g., a small toy or stone) into a bucket or bowl while sitting?""
Response: 1

Item ID: CREDI_B12
Item text: ""Can the child throw a small ball or stone forward using his/her hand?""
Response: 1

Item ID: CREDI_B13
Item text: ""Can the child say one or more words (e.g., names like “mama” or “ba” for “ball”)?""
Response: 1

Item ID: CREDI_B14
Item text: ""Does the child ask you for help using signs or words when he/she cannot do something on his/her own (e.g., to reach an object up high)?""
Response: 1

Item ID: CREDI_B15
Item text: ""Can the child walk several steps while holding on to a person or object (e.g., wall or furniture)?""
Response: 1

Item ID: CREDI_B17
Item text: ""Can the child maintain a standing position on his/her own, without holding on or receiving support?""
Response: 1

Item ID: CREDI_B18
Item text: ""Can the child point to a person or object when asked (e.g., “where is mama?” or “where is the ball?”)?""
Response: 1

Item ID: CREDI_B19
Item text: ""Can the child climb onto an object, such as a chair or bench?""
Response: 0

Item ID: CREDI_B2
Item text: ""Does the child play by tapping an object on the ground or a table?""
Response: 1

Item ID: CREDI_B20
Item text: ""Can the child kick a ball, or other round objects, forward using his/her foot?""
Response: 1

Item ID: CREDI_B3
Item text: ""Does the child intentionally move or change his/her position to get objects that are out of reach?""
Response: 1

Item ID: CREDI_B4
Item text: ""If the child likes an object and someone hides it (e.g put it under the bedsheet or behind some object), does the child look for it?""
Response: 1

Item ID: CREDI_B5
Item text: ""Can the child hold him/herself in a sitting position without help or support for longer than a few seconds?""
Response: 1

Item ID: CREDI_B6
Item text: ""Does the child look at an object when someone says “look!” and points to it?""
Response: 1

Item ID: CREDI_B7
Item text: ""Can the child pick up and eat small pieces of food with his/her fingers?""
Response: 1

Item ID: CREDI_B8
Item text: ""Can the child crawl, roll, or scoot forward on his/her own?""
Response: 1

Item ID: CREDI_B9
Item text: ""Can the child transfer a small object (e.g., a small toy or stone) from one hand to the other?""
Response: 1

Item ID: CREDI_C1
Item text: ""Can the child maintain a standing position on his/her own, without holding on or receiving support?""
Response: 1

Item ID: CREDI_C10
Item text: ""Does the child show sympathy or look concerned when others are hurt or sad?""
Response: 0

Item ID: CREDI_C11
Item text: ""Can the child run more than a few steps without falling or bumping into objects?""
Response: 1

Item ID: CREDI_C12
Item text: ""Can the child drink from a cup (without a lid) on his/her own without spilling?""
Response: 1

Item ID: CREDI_C13
Item text: ""Can the child stack three or more small objects (e.g., blocks, cups, bottle caps) on top of each other?""
Response: 1

Item ID: CREDI_C14
Item text: ""Can the child answer simple questions (e.g., “do you want water?”) by saying “yes” or “no,” rather than nodding?""
Response: 0

Item ID: CREDI_C15
Item text: ""Does the child play with an object by making it something else? (e.g., imagining a bottle as a doll, a stone as a car, or a spoon as an airplane)""
Response: 0

Item ID: CREDI_C16
Item text: ""Can the child correctly name at least one family member other than mom and dad (e.g., name of brother, sister, aunt, uncle)?""
Response: 0

Item ID: CREDI_C17
Item text: ""Can the child ask for something (e.g., food, water) by name when he/she wants it?""
Response: 1

Item ID: CREDI_C18
Item text: ""Can the child walk backwards?""
Response: 1

Item ID: CREDI_C19
Item text: ""If the child knows an object (like a cup or an animal) and you show it to him/her, can he/she tell its name every time?""
Response: 1

Item ID: CREDI_C2
Item text: ""Can the child follow simple directions (e.g., “stand up” or “come here”)?""
Response: 1

Item ID: CREDI_C20
Item text: ""Can the child say ten or more separate words (e.g., names like “mama” or objects like “ball”)?""
Response: 1

Item ID: CREDI_C3
Item text: ""Does the child imitate others’ behavior (e.g., washing hands or dishes)?""
Response: 1

Item ID: CREDI_C4
Item text: ""Can the child climb onto an object such as a chair or bench?""
Response: 1

Item ID: CREDI_C5
Item text: ""Is the child kind to younger children (e.g., speaks to them nicely and touches them gently)?""
Response: 1

Item ID: CREDI_C6
Item text: ""Does the child show curiosity to learn new things (e.g., by asking questions or exploring a new area)?""
Response: 1

Item ID: CREDI_C7
Item text: ""Can the child point to a person or object when asked (e.g., “where is mama?” or “where is the ball?”)?""
Response: 1

Item ID: CREDI_C8
Item text: ""Can the child kick a ball, or other round objects, forward using his/her foot?""
Response: 1

Item ID: CREDI_C9
Item text: ""Does the child involve others in play (i.e., play interactive games with other children)?""
Response: 1
    Now predict this person's response to the held-out item below.
    Held-out item ID: CREDI_B16
    Held-out item text: ""Can the child follow simple directions (e.g., “stand up” or “come here”)?""
    Return the predicted response as 0 or 1."
211_267_2022,CREDI_B17,"Can the child maintain a standing position on his/her own, without holding on or receiving support?",1,1,Child can walk steps holding on and stand without support.,39,"Below are the observed responses for one person.
    Observed item responses:
    Item ID: CREDI_B1
Item text: ""Can the child pick up a small object (e.g., a small toy or stone) using just one hand?""
Response: 1

Item ID: CREDI_B10
Item text: ""Can the child use gestures to indicate what he/she wants (e.g., put arms up to indicate that he/she wants to be held, or point to water)?""
Response: 1

Item ID: CREDI_B11
Item text: ""Can the child pick up and drop a small object (e.g., a small toy or stone) into a bucket or bowl while sitting?""
Response: 1

Item ID: CREDI_B12
Item text: ""Can the child throw a small ball or stone forward using his/her hand?""
Response: 1

Item ID: CREDI_B13
Item text: ""Can the child say one or more words (e.g., names like “mama” or “ba” for “ball”)?""
Response: 1

Item ID: CREDI_B14
Item text: ""Does the child ask you for help using signs or words when he/she cannot do something on his/her own (e.g., to reach an object up high)?""
Response: 1

Item ID: CREDI_B15
Item text: ""Can the child walk several steps while holding on to a person or object (e.g., wall or furniture)?""
Response: 1

Item ID: CREDI_B16
Item text: ""Can the child follow simple directions (e.g., “stand up” or “come here”)?""
Response: 1

Item ID: CREDI_B18
Item text: ""Can the child point to a person or object when asked (e.g., “where is mama?” or “where is the ball?”)?""
Response: 1

Item ID: CREDI_B19
Item text: ""Can the child climb onto an object, such as a chair or bench?""
Response: 0

Item ID: CREDI_B2
Item text: ""Does the child play by tapping an object on the ground or a table?""
Response: 1

Item ID: CREDI_B20
Item text: ""Can the child kick a ball, or other round objects, forward using his/her foot?""
Response: 1

Item ID: CREDI_B3
Item text: ""Does the child intentionally move or change his/her position to get objects that are out of reach?""
Response: 1

Item ID: CREDI_B4
Item text: ""If the child likes an object and someone hides it (e.g put it under the bedsheet or behind some object), does the child look for it?""
Response: 1

Item ID: CREDI_B5
Item text: ""Can the child hold him/herself in a sitting position without help or support for longer than a few seconds?""
Response: 1

Item ID: CREDI_B6
Item text: ""Does the child look at an object when someone says “look!” and points to it?""
Response: 1

Item ID: CREDI_B7
Item text: ""Can the child pick up and eat small pieces of food with his/her fingers?""
Response: 1

Item ID: CREDI_B8
Item text: ""Can the child crawl, roll, or scoot forward on his/her own?""
Response: 1

Item ID: CREDI_B9
Item text: ""Can the child transfer a small object (e.g., a small toy or stone) from one hand to the other?""
Response: 1

Item ID: CREDI_C1
Item text: ""Can the child maintain a standing position on his/her own, without holding on or receiving support?""
Response: 1

Item ID: CREDI_C10
Item text: ""Does the child show sympathy or look concerned when others are hurt or sad?""
Response: 0

Item ID: CREDI_C11
Item text: ""Can the child run more than a few steps without falling or bumping into objects?""
Response: 1

Item ID: CREDI_C12
Item text: ""Can the child drink from a cup (without a lid) on his/her own without spilling?""
Response: 1

Item ID: CREDI_C13
Item text: ""Can the child stack three or more small objects (e.g., blocks, cups, bottle caps) on top of each other?""
Response: 1

Item ID: CREDI_C14
Item text: ""Can the child answer simple questions (e.g., “do you want water?”) by saying “yes” or “no,” rather than nodding?""
Response: 0

Item ID: CREDI_C15
Item text: ""Does the child play with an object by making it something else? (e.g., imagining a bottle as a doll, a stone as a car, or a spoon as an airplane)""
Response: 0

Item ID: CREDI_C16
Item text: ""Can the child correctly name at least one family member other than mom and dad (e.g., name of brother, sister, aunt, uncle)?""
Response: 0

Item ID: CREDI_C17
Item text: ""Can the child ask for something (e.g., food, water) by name when he/she wants it?""
Response: 1

Item ID: CREDI_C18
Item text: ""Can the child walk backwards?""
Response: 1

Item ID: CREDI_C19
Item text: ""If the child knows an object (like a cup or an animal) and you show it to him/her, can he/she tell its name every time?""
Response: 1

Item ID: CREDI_C2
Item text: ""Can the child follow simple directions (e.g., “stand up” or “come here”)?""
Response: 1

Item ID: CREDI_C20
Item text: ""Can the child say ten or more separate words (e.g., names like “mama” or objects like “ball”)?""
Response: 1

Item ID: CREDI_C3
Item text: ""Does the child imitate others’ behavior (e.g., washing hands or dishes)?""
Response: 1

Item ID: CREDI_C4
Item text: ""Can the child climb onto an object such as a chair or bench?""
Response: 1

Item ID: CREDI_C5
Item text: ""Is the child kind to younger children (e.g., speaks to them nicely and touches them gently)?""
Response: 1

Item ID: CREDI_C6
Item text: ""Does the child show curiosity to learn new things (e.g., by asking questions or exploring a new area)?""
Response: 1

Item ID: CREDI_C7
Item text: ""Can the child point to a person or object when asked (e.g., “where is mama?” or “where is the ball?”)?""
Response: 1

Item ID: CREDI_C8
Item text: ""Can the child kick a ball, or other round objects, forward using his/her foot?""
Response: 1

Item ID: CREDI_C9
Item text: ""Does the child involve others in play (i.e., play interactive games with other children)?""
Response: 1
    Now predict this person's response to the held-out item below.
    Held-out item ID: CREDI_B17
    Held-out item text: ""Can the child maintain a standing position on his/her own, without holding on or receiving support?""
    Return the predicted response as 0 or 1."
211_267_2022,CREDI_B18,"Can the child point to a person or object when asked (e.g., “where is mama?” or “where is the ball?”)?",1,1,Child points to objects and people when asked.,39,"Below are the observed responses for one person.
    Observed item responses:
    Item ID: CREDI_B1
Item text: ""Can the child pick up a small object (e.g., a small toy or stone) using just one hand?""
Response: 1

Item ID: CREDI_B10
Item text: ""Can the child use gestures to indicate what he/she wants (e.g., put arms up to indicate that he/she wants to be held, or point to water)?""
Response: 1

Item ID: CREDI_B11
Item text: ""Can the child pick up and drop a small object (e.g., a small toy or stone) into a bucket or bowl while sitting?""
Response: 1

Item ID: CREDI_B12
Item text: ""Can the child throw a small ball or stone forward using his/her hand?""
Response: 1

Item ID: CREDI_B13
Item text: ""Can the child say one or more words (e.g., names like “mama” or “ba” for “ball”)?""
Response: 1

Item ID: CREDI_B14
Item text: ""Does the child ask you for help using signs or words when he/she cannot do something on his/her own (e.g., to reach an object up high)?""
Response: 1

Item ID: CREDI_B15
Item text: ""Can the child walk several steps while holding on to a person or object (e.g., wall or furniture)?""
Response: 1

Item ID: CREDI_B16
Item text: ""Can the child follow simple directions (e.g., “stand up” or “come here”)?""
Response: 1

Item ID: CREDI_B17
Item text: ""Can the child maintain a standing position on his/her own, without holding on or receiving support?""
Response: 1

Item ID: CREDI_B19
Item text: ""Can the child climb onto an object, such as a chair or bench?""
Response: 0

Item ID: CREDI_B2
Item text: ""Does the child play by tapping an object on the ground or a table?""
Response: 1

Item ID: CREDI_B20
Item text: ""Can the child kick a ball, or other round objects, forward using his/her foot?""
Response: 1

Item ID: CREDI_B3
Item text: ""Does the child intentionally move or change his/her position to get objects that are out of reach?""
Response: 1

Item ID: CREDI_B4
Item text: ""If the child likes an object and someone hides it (e.g put it under the bedsheet or behind some object), does the child look for it?""
Response: 1

Item ID: CREDI_B5
Item text: ""Can the child hold him/herself in a sitting position without help or support for longer than a few seconds?""
Response: 1

Item ID: CREDI_B6
Item text: ""Does the child look at an object when someone says “look!” and points to it?""
Response: 1

Item ID: CREDI_B7
Item text: ""Can the child pick up and eat small pieces of food with his/her fingers?""
Response: 1

Item ID: CREDI_B8
Item text: ""Can the child crawl, roll, or scoot forward on his/her own?""
Response: 1

Item ID: CREDI_B9
Item text: ""Can the child transfer a small object (e.g., a small toy or stone) from one hand to the other?""
Response: 1

Item ID: CREDI_C1
Item text: ""Can the child maintain a standing position on his/her own, without holding on or receiving support?""
Response: 1

Item ID: CREDI_C10
Item text: ""Does the child show sympathy or look concerned when others are hurt or sad?""
Response: 0

Item ID: CREDI_C11
Item text: ""Can the child run more than a few steps without falling or bumping into objects?""
Response: 1

Item ID: CREDI_C12
Item text: ""Can the child drink from a cup (without a lid) on his/her own without spilling?""
Response: 1

Item ID: CREDI_C13
Item text: ""Can the child stack three or more small objects (e.g., blocks, cups, bottle caps) on top of each other?""
Response: 1

Item ID: CREDI_C14
Item text: ""Can the child answer simple questions (e.g., “do you want water?”) by saying “yes” or “no,” rather than nodding?""
Response: 0

Item ID: CREDI_C15
Item text: ""Does the child play with an object by making it something else? (e.g., imagining a bottle as a doll, a stone as a car, or a spoon as an airplane)""
Response: 0

Item ID: CREDI_C16
Item text: ""Can the child correctly name at least one family member other than mom and dad (e.g., name of brother, sister, aunt, uncle)?""
Response: 0

Item ID: CREDI_C17
Item text: ""Can the child ask for something (e.g., food, water) by name when he/she wants it?""
Response: 1

Item ID: CREDI_C18
Item text: ""Can the child walk backwards?""
Response: 1

Item ID: CREDI_C19
Item text: ""If the child knows an object (like a cup or an animal) and you show it to him/her, can he/she tell its name every time?""
Response: 1

Item ID: CREDI_C2
Item text: ""Can the child follow simple directions (e.g., “stand up” or “come here”)?""
Response: 1

Item ID: CREDI_C20
Item text: ""Can the child say ten or more separate words (e.g., names like “mama” or objects like “ball”)?""
Response: 1

Item ID: CREDI_C3
Item text: ""Does the child imitate others’ behavior (e.g., washing hands or dishes)?""
Response: 1

Item ID: CREDI_C4
Item text: ""Can the child climb onto an object such as a chair or bench?""
Response: 1

Item ID: CREDI_C5
Item text: ""Is the child kind to younger children (e.g., speaks to them nicely and touches them gently)?""
Response: 1

Item ID: CREDI_C6
Item text: ""Does the child show curiosity to learn new things (e.g., by asking questions or exploring a new area)?""
Response: 1

Item ID: CREDI_C7
Item text: ""Can the child point to a person or object when asked (e.g., “where is mama?” or “where is the ball?”)?""
Response: 1

Item ID: CREDI_C8
Item text: ""Can the child kick a ball, or other round objects, forward using his/her foot?""
Response: 1

Item ID: CREDI_C9
Item text: ""Does the child involve others in play (i.e., play interactive games with other children)?""
Response: 1
    Now predict this person's response to the held-out item below.
    Held-out item ID: CREDI_B18
    Held-out item text: ""Can the child point to a person or object when asked (e.g., “where is mama?” or “where is the ball?”)?""
    Return the predicted response as 0 or 1."
211_267_2022,CREDI_B19,"Can the child climb onto an object, such as a chair or bench?",0,0,Child cannot climb onto chair but can walk and stand.,39,"Below are the observed responses for one person.
    Observed item responses:
    Item ID: CREDI_B1
Item text: ""Can the child pick up a small object (e.g., a small toy or stone) using just one hand?""
Response: 1

Item ID: CREDI_B10
Item text: ""Can the child use gestures to indicate what he/she wants (e.g., put arms up to indicate that he/she wants to be held, or point to water)?""
Response: 1

Item ID: CREDI_B11
Item text: ""Can the child pick up and drop a small object (e.g., a small toy or stone) into a bucket or bowl while sitting?""
Response: 1

Item ID: CREDI_B12
Item text: ""Can the child throw a small ball or stone forward using his/her hand?""
Response: 1

Item ID: CREDI_B13
Item text: ""Can the child say one or more words (e.g., names like “mama” or “ba” for “ball”)?""
Response: 1

Item ID: CREDI_B14
Item text: ""Does the child ask you for help using signs or words when he/she cannot do something on his/her own (e.g., to reach an object up high)?""
Response: 1

Item ID: CREDI_B15
Item text: ""Can the child walk several steps while holding on to a person or object (e.g., wall or furniture)?""
Response: 1

Item ID: CREDI_B16
Item text: ""Can the child follow simple directions (e.g., “stand up” or “come here”)?""
Response: 1

Item ID: CREDI_B17
Item text: ""Can the child maintain a standing position on his/her own, without holding on or receiving support?""
Response: 1

Item ID: CREDI_B18
Item text: ""Can the child point to a person or object when asked (e.g., “where is mama?” or “where is the ball?”)?""
Response: 1

Item ID: CREDI_B2
Item text: ""Does the child play by tapping an object on the ground or a table?""
Response: 1

Item ID: CREDI_B20
Item text: ""Can the child kick a ball, or other round objects, forward using his/her foot?""
Response: 1

Item ID: CREDI_B3
Item text: ""Does the child intentionally move or change his/her position to get objects that are out of reach?""
Response: 1

Item ID: CREDI_B4
Item text: ""If the child likes an object and someone hides it (e.g put it under the bedsheet or behind some object), does the child look for it?""
Response: 1

Item ID: CREDI_B5
Item text: ""Can the child hold him/herself in a sitting position without help or support for longer than a few seconds?""
Response: 1

Item ID: CREDI_B6
Item text: ""Does the child look at an object when someone says “look!” and points to it?""
Response: 1

Item ID: CREDI_B7
Item text: ""Can the child pick up and eat small pieces of food with his/her fingers?""
Response: 1

Item ID: CREDI_B8
Item text: ""Can the child crawl, roll, or scoot forward on his/her own?""
Response: 1

Item ID: CREDI_B9
Item text: ""Can the child transfer a small object (e.g., a small toy or stone) from one hand to the other?""
Response: 1

Item ID: CREDI_C1
Item text: ""Can the child maintain a standing position on his/her own, without holding on or receiving support?""
Response: 1

Item ID: CREDI_C10
Item text: ""Does the child show sympathy or look concerned when others are hurt or sad?""
Response: 0

Item ID: CREDI_C11
Item text: ""Can the child run more than a few steps without falling or bumping into objects?""
Response: 1

Item ID: CREDI_C12
Item text: ""Can the child drink from a cup (without a lid) on his/her own without spilling?""
Response: 1

Item ID: CREDI_C13
Item text: ""Can the child stack three or more small objects (e.g., blocks, cups, bottle caps) on top of each other?""
Response: 1

Item ID: CREDI_C14
Item text: ""Can the child answer simple questions (e.g., “do you want water?”) by saying “yes” or “no,” rather than nodding?""
Response: 0

Item ID: CREDI_C15
Item text: ""Does the child play with an object by making it something else? (e.g., imagining a bottle as a doll, a stone as a car, or a spoon as an airplane)""
Response: 0

Item ID: CREDI_C16
Item text: ""Can the child correctly name at least one family member other than mom and dad (e.g., name of brother, sister, aunt, uncle)?""
Response: 0

Item ID: CREDI_C17
Item text: ""Can the child ask for something (e.g., food, water) by name when he/she wants it?""
Response: 1

Item ID: CREDI_C18
Item text: ""Can the child walk backwards?""
Response: 1

Item ID: CREDI_C19
Item text: ""If the child knows an object (like a cup or an animal) and you show it to him/her, can he/she tell its name every time?""
Response: 1

Item ID: CREDI_C2
Item text: ""Can the child follow simple directions (e.g., “stand up” or “come here”)?""
Response: 1

Item ID: CREDI_C20
Item text: ""Can the child say ten or more separate words (e.g., names like “mama” or objects like “ball”)?""
Response: 1

Item ID: CREDI_C3
Item text: ""Does the child imitate others’ behavior (e.g., washing hands or dishes)?""
Response: 1

Item ID: CREDI_C4
Item text: ""Can the child climb onto an object such as a chair or bench?""
Response: 1

Item ID: CREDI_C5
Item text: ""Is the child kind to younger children (e.g., speaks to them nicely and touches them gently)?""
Response: 1

Item ID: CREDI_C6
Item text: ""Does the child show curiosity to learn new things (e.g., by asking questions or exploring a new area)?""
Response: 1

Item ID: CREDI_C7
Item text: ""Can the child point to a person or object when asked (e.g., “where is mama?” or “where is the ball?”)?""
Response: 1

Item ID: CREDI_C8
Item text: ""Can the child kick a ball, or other round objects, forward using his/her foot?""
Response: 1

Item ID: CREDI_C9
Item text: ""Does the child involve others in play (i.e., play interactive games with other children)?""
Response: 1
    Now predict this person's response to the held-out item below.
    Held-out item ID: CREDI_B19
    Held-out item text: ""Can the child climb onto an object, such as a chair or bench?""
    Return the predicted response as 0 or 1."
211_267_2022,CREDI_B2,Does the child play by tapping an object on the ground or a table?,1,1,Child plays interactively and taps objects regularly.,39,"Below are the observed responses for one person.
    Observed item responses:
    Item ID: CREDI_B1
Item text: ""Can the child pick up a small object (e.g., a small toy or stone) using just one hand?""
Response: 1

Item ID: CREDI_B10
Item text: ""Can the child use gestures to indicate what he/she wants (e.g., put arms up to indicate that he/she wants to be held, or point to water)?""
Response: 1

Item ID: CREDI_B11
Item text: ""Can the child pick up and drop a small object (e.g., a small toy or stone) into a bucket or bowl while sitting?""
Response: 1

Item ID: CREDI_B12
Item text: ""Can the child throw a small ball or stone forward using his/her hand?""
Response: 1

Item ID: CREDI_B13
Item text: ""Can the child say one or more words (e.g., names like “mama” or “ba” for “ball”)?""
Response: 1

Item ID: CREDI_B14
Item text: ""Does the child ask you for help using signs or words when he/she cannot do something on his/her own (e.g., to reach an object up high)?""
Response: 1

Item ID: CREDI_B15
Item text: ""Can the child walk several steps while holding on to a person or object (e.g., wall or furniture)?""
Response: 1

Item ID: CREDI_B16
Item text: ""Can the child follow simple directions (e.g., “stand up” or “come here”)?""
Response: 1

Item ID: CREDI_B17
Item text: ""Can the child maintain a standing position on his/her own, without holding on or receiving support?""
Response: 1

Item ID: CREDI_B18
Item text: ""Can the child point to a person or object when asked (e.g., “where is mama?” or “where is the ball?”)?""
Response: 1

Item ID: CREDI_B19
Item text: ""Can the child climb onto an object, such as a chair or bench?""
Response: 0

Item ID: CREDI_B20
Item text: ""Can the child kick a ball, or other round objects, forward using his/her foot?""
Response: 1

Item ID: CREDI_B3
Item text: ""Does the child intentionally move or change his/her position to get objects that are out of reach?""
Response: 1

Item ID: CREDI_B4
Item text: ""If the child likes an object and someone hides it (e.g put it under the bedsheet or behind some object), does the child look for it?""
Response: 1

Item ID: CREDI_B5
Item text: ""Can the child hold him/herself in a sitting position without help or support for longer than a few seconds?""
Response: 1

Item ID: CREDI_B6
Item text: ""Does the child look at an object when someone says “look!” and points to it?""
Response: 1

Item ID: CREDI_B7
Item text: ""Can the child pick up and eat small pieces of food with his/her fingers?""
Response: 1

Item ID: CREDI_B8
Item text: ""Can the child crawl, roll, or scoot forward on his/her own?""
Response: 1

Item ID: CREDI_B9
Item text: ""Can the child transfer a small object (e.g., a small toy or stone) from one hand to the other?""
Response: 1

Item ID: CREDI_C1
Item text: ""Can the child maintain a standing position on his/her own, without holding on or receiving support?""
Response: 1

Item ID: CREDI_C10
Item text: ""Does the child show sympathy or look concerned when others are hurt or sad?""
Response: 0

Item ID: CREDI_C11
Item text: ""Can the child run more than a few steps without falling or bumping into objects?""
Response: 1

Item ID: CREDI_C12
Item text: ""Can the child drink from a cup (without a lid) on his/her own without spilling?""
Response: 1

Item ID: CREDI_C13
Item text: ""Can the child stack three or more small objects (e.g., blocks, cups, bottle caps) on top of each other?""
Response: 1

Item ID: CREDI_C14
Item text: ""Can the child answer simple questions (e.g., “do you want water?”) by saying “yes” or “no,” rather than nodding?""
Response: 0

Item ID: CREDI_C15
Item text: ""Does the child play with an object by making it something else? (e.g., imagining a bottle as a doll, a stone as a car, or a spoon as an airplane)""
Response: 0

Item ID: CREDI_C16
Item text: ""Can the child correctly name at least one family member other than mom and dad (e.g., name of brother, sister, aunt, uncle)?""
Response: 0

Item ID: CREDI_C17
Item text: ""Can the child ask for something (e.g., food, water) by name when he/she wants it?""
Response: 1

Item ID: CREDI_C18
Item text: ""Can the child walk backwards?""
Response: 1

Item ID: CREDI_C19
Item text: ""If the child knows an object (like a cup or an animal) and you show it to him/her, can he/she tell its name every time?""
Response: 1

Item ID: CREDI_C2
Item text: ""Can the child follow simple directions (e.g., “stand up” or “come here”)?""
Response: 1

Item ID: CREDI_C20
Item text: ""Can the child say ten or more separate words (e.g., names like “mama” or objects like “ball”)?""
Response: 1

Item ID: CREDI_C3
Item text: ""Does the child imitate others’ behavior (e.g., washing hands or dishes)?""
Response: 1

Item ID: CREDI_C4
Item text: ""Can the child climb onto an object such as a chair or bench?""
Response: 1

Item ID: CREDI_C5
Item text: ""Is the child kind to younger children (e.g., speaks to them nicely and touches them gently)?""
Response: 1

Item ID: CREDI_C6
Item text: ""Does the child show curiosity to learn new things (e.g., by asking questions or exploring a new area)?""
Response: 1

Item ID: CREDI_C7
Item text: ""Can the child point to a person or object when asked (e.g., “where is mama?” or “where is the ball?”)?""
Response: 1

Item ID: CREDI_C8
Item text: ""Can the child kick a ball, or other round objects, forward using his/her foot?""
Response: 1

Item ID: CREDI_C9
Item text: ""Does the child involve others in play (i.e., play interactive games with other children)?""
Response: 1
    Now predict this person's response to the held-out item below.
    Held-out item ID: CREDI_B2
    Held-out item text: ""Does the child play by tapping an object on the ground or a table?""
    Return the predicted response as 0 or 1."
211_267_2022,CREDI_B20,"Can the child kick a ball, or other round objects, forward using his/her foot?",1,1,Child successfully kicks ball and moves actively.,39,"Below are the observed responses for one person.
    Observed item responses:
    Item ID: CREDI_B1
Item text: ""Can the child pick up a small object (e.g., a small toy or stone) using just one hand?""
Response: 1

Item ID: CREDI_B10
Item text: ""Can the child use gestures to indicate what he/she wants (e.g., put arms up to indicate that he/she wants to be held, or point to water)?""
Response: 1

Item ID: CREDI_B11
Item text: ""Can the child pick up and drop a small object (e.g., a small toy or stone) into a bucket or bowl while sitting?""
Response: 1

Item ID: CREDI_B12
Item text: ""Can the child throw a small ball or stone forward using his/her hand?""
Response: 1

Item ID: CREDI_B13
Item text: ""Can the child say one or more words (e.g., names like “mama” or “ba” for “ball”)?""
Response: 1

Item ID: CREDI_B14
Item text: ""Does the child ask you for help using signs or words when he/she cannot do something on his/her own (e.g., to reach an object up high)?""
Response: 1

Item ID: CREDI_B15
Item text: ""Can the child walk several steps while holding on to a person or object (e.g., wall or furniture)?""
Response: 1

Item ID: CREDI_B16
Item text: ""Can the child follow simple directions (e.g., “stand up” or “come here”)?""
Response: 1

Item ID: CREDI_B17
Item text: ""Can the child maintain a standing position on his/her own, without holding on or receiving support?""
Response: 1

Item ID: CREDI_B18
Item text: ""Can the child point to a person or object when asked (e.g., “where is mama?” or “where is the ball?”)?""
Response: 1

Item ID: CREDI_B19
Item text: ""Can the child climb onto an object, such as a chair or bench?""
Response: 0

Item ID: CREDI_B2
Item text: ""Does the child play by tapping an object on the ground or a table?""
Response: 1

Item ID: CREDI_B3
Item text: ""Does the child intentionally move or change his/her position to get objects that are out of reach?""
Response: 1

Item ID: CREDI_B4
Item text: ""If the child likes an object and someone hides it (e.g put it under the bedsheet or behind some object), does the child look for it?""
Response: 1

Item ID: CREDI_B5
Item text: ""Can the child hold him/herself in a sitting position without help or support for longer than a few seconds?""
Response: 1

Item ID: CREDI_B6
Item text: ""Does the child look at an object when someone says “look!” and points to it?""
Response: 1

Item ID: CREDI_B7
Item text: ""Can the child pick up and eat small pieces of food with his/her fingers?""
Response: 1

Item ID: CREDI_B8
Item text: ""Can the child crawl, roll, or scoot forward on his/her own?""
Response: 1

Item ID: CREDI_B9
Item text: ""Can the child transfer a small object (e.g., a small toy or stone) from one hand to the other?""
Response: 1

Item ID: CREDI_C1
Item text: ""Can the child maintain a standing position on his/her own, without holding on or receiving support?""
Response: 1

Item ID: CREDI_C10
Item text: ""Does the child show sympathy or look concerned when others are hurt or sad?""
Response: 0

Item ID: CREDI_C11
Item text: ""Can the child run more than a few steps without falling or bumping into objects?""
Response: 1

Item ID: CREDI_C12
Item text: ""Can the child drink from a cup (without a lid) on his/her own without spilling?""
Response: 1

Item ID: CREDI_C13
Item text: ""Can the child stack three or more small objects (e.g., blocks, cups, bottle caps) on top of each other?""
Response: 1

Item ID: CREDI_C14
Item text: ""Can the child answer simple questions (e.g., “do you want water?”) by saying “yes” or “no,” rather than nodding?""
Response: 0

Item ID: CREDI_C15
Item text: ""Does the child play with an object by making it something else? (e.g., imagining a bottle as a doll, a stone as a car, or a spoon as an airplane)""
Response: 0

Item ID: CREDI_C16
Item text: ""Can the child correctly name at least one family member other than mom and dad (e.g., name of brother, sister, aunt, uncle)?""
Response: 0

Item ID: CREDI_C17
Item text: ""Can the child ask for something (e.g., food, water) by name when he/she wants it?""
Response: 1

Item ID: CREDI_C18
Item text: ""Can the child walk backwards?""
Response: 1

Item ID: CREDI_C19
Item text: ""If the child knows an object (like a cup or an animal) and you show it to him/her, can he/she tell its name every time?""
Response: 1

Item ID: CREDI_C2
Item text: ""Can the child follow simple directions (e.g., “stand up” or “come here”)?""
Response: 1

Item ID: CREDI_C20
Item text: ""Can the child say ten or more separate words (e.g., names like “mama” or objects like “ball”)?""
Response: 1

Item ID: CREDI_C3
Item text: ""Does the child imitate others’ behavior (e.g., washing hands or dishes)?""
Response: 1

Item ID: CREDI_C4
Item text: ""Can the child climb onto an object such as a chair or bench?""
Response: 1

Item ID: CREDI_C5
Item text: ""Is the child kind to younger children (e.g., speaks to them nicely and touches them gently)?""
Response: 1

Item ID: CREDI_C6
Item text: ""Does the child show curiosity to learn new things (e.g., by asking questions or exploring a new area)?""
Response: 1

Item ID: CREDI_C7
Item text: ""Can the child point to a person or object when asked (e.g., “where is mama?” or “where is the ball?”)?""
Response: 1

Item ID: CREDI_C8
Item text: ""Can the child kick a ball, or other round objects, forward using his/her foot?""
Response: 1

Item ID: CREDI_C9
Item text: ""Does the child involve others in play (i.e., play interactive games with other children)?""
Response: 1
    Now predict this person's response to the held-out item below.
    Held-out item ID: CREDI_B20
    Held-out item text: ""Can the child kick a ball, or other round objects, forward using his/her foot?""
    Return the predicted response as 0 or 1."
211_267_2022,CREDI_B3,Does the child intentionally move or change his/her position to get objects that are out of reach?,1,1,Child moves intentionally to get objects out of reach.,39,"Below are the observed responses for one person.
    Observed item responses:
    Item ID: CREDI_B1
Item text: ""Can the child pick up a small object (e.g., a small toy or stone) using just one hand?""
Response: 1

Item ID: CREDI_B10
Item text: ""Can the child use gestures to indicate what he/she wants (e.g., put arms up to indicate that he/she wants to be held, or point to water)?""
Response: 1

Item ID: CREDI_B11
Item text: ""Can the child pick up and drop a small object (e.g., a small toy or stone) into a bucket or bowl while sitting?""
Response: 1

Item ID: CREDI_B12
Item text: ""Can the child throw a small ball or stone forward using his/her hand?""
Response: 1

Item ID: CREDI_B13
Item text: ""Can the child say one or more words (e.g., names like “mama” or “ba” for “ball”)?""
Response: 1

Item ID: CREDI_B14
Item text: ""Does the child ask you for help using signs or words when he/she cannot do something on his/her own (e.g., to reach an object up high)?""
Response: 1

Item ID: CREDI_B15
Item text: ""Can the child walk several steps while holding on to a person or object (e.g., wall or furniture)?""
Response: 1

Item ID: CREDI_B16
Item text: ""Can the child follow simple directions (e.g., “stand up” or “come here”)?""
Response: 1

Item ID: CREDI_B17
Item text: ""Can the child maintain a standing position on his/her own, without holding on or receiving support?""
Response: 1

Item ID: CREDI_B18
Item text: ""Can the child point to a person or object when asked (e.g., “where is mama?” or “where is the ball?”)?""
Response: 1

Item ID: CREDI_B19
Item text: ""Can the child climb onto an object, such as a chair or bench?""
Response: 0

Item ID: CREDI_B2
Item text: ""Does the child play by tapping an object on the ground or a table?""
Response: 1

Item ID: CREDI_B20
Item text: ""Can the child kick a ball, or other round objects, forward using his/her foot?""
Response: 1

Item ID: CREDI_B4
Item text: ""If the child likes an object and someone hides it (e.g put it under the bedsheet or behind some object), does the child look for it?""
Response: 1

Item ID: CREDI_B5
Item text: ""Can the child hold him/herself in a sitting position without help or support for longer than a few seconds?""
Response: 1

Item ID: CREDI_B6
Item text: ""Does the child look at an object when someone says “look!” and points to it?""
Response: 1

Item ID: CREDI_B7
Item text: ""Can the child pick up and eat small pieces of food with his/her fingers?""
Response: 1

Item ID: CREDI_B8
Item text: ""Can the child crawl, roll, or scoot forward on his/her own?""
Response: 1

Item ID: CREDI_B9
Item text: ""Can the child transfer a small object (e.g., a small toy or stone) from one hand to the other?""
Response: 1

Item ID: CREDI_C1
Item text: ""Can the child maintain a standing position on his/her own, without holding on or receiving support?""
Response: 1

Item ID: CREDI_C10
Item text: ""Does the child show sympathy or look concerned when others are hurt or sad?""
Response: 0

Item ID: CREDI_C11
Item text: ""Can the child run more than a few steps without falling or bumping into objects?""
Response: 1

Item ID: CREDI_C12
Item text: ""Can the child drink from a cup (without a lid) on his/her own without spilling?""
Response: 1

Item ID: CREDI_C13
Item text: ""Can the child stack three or more small objects (e.g., blocks, cups, bottle caps) on top of each other?""
Response: 1

Item ID: CREDI_C14
Item text: ""Can the child answer simple questions (e.g., “do you want water?”) by saying “yes” or “no,” rather than nodding?""
Response: 0

Item ID: CREDI_C15
Item text: ""Does the child play with an object by making it something else? (e.g., imagining a bottle as a doll, a stone as a car, or a spoon as an airplane)""
Response: 0

Item ID: CREDI_C16
Item text: ""Can the child correctly name at least one family member other than mom and dad (e.g., name of brother, sister, aunt, uncle)?""
Response: 0

Item ID: CREDI_C17
Item text: ""Can the child ask for something (e.g., food, water) by name when he/she wants it?""
Response: 1

Item ID: CREDI_C18
Item text: ""Can the child walk backwards?""
Response: 1

Item ID: CREDI_C19
Item text: ""If the child knows an object (like a cup or an animal) and you show it to him/her, can he/she tell its name every time?""
Response: 1

Item ID: CREDI_C2
Item text: ""Can the child follow simple directions (e.g., “stand up” or “come here”)?""
Response: 1

Item ID: CREDI_C20
Item text: ""Can the child say ten or more separate words (e.g., names like “mama” or objects like “ball”)?""
Response: 1

Item ID: CREDI_C3
Item text: ""Does the child imitate others’ behavior (e.g., washing hands or dishes)?""
Response: 1

Item ID: CREDI_C4
Item text: ""Can the child climb onto an object such as a chair or bench?""
Response: 1

Item ID: CREDI_C5
Item text: ""Is the child kind to younger children (e.g., speaks to them nicely and touches them gently)?""
Response: 1

Item ID: CREDI_C6
Item text: ""Does the child show curiosity to learn new things (e.g., by asking questions or exploring a new area)?""
Response: 1

Item ID: CREDI_C7
Item text: ""Can the child point to a person or object when asked (e.g., “where is mama?” or “where is the ball?”)?""
Response: 1

Item ID: CREDI_C8
Item text: ""Can the child kick a ball, or other round objects, forward using his/her foot?""
Response: 1

Item ID: CREDI_C9
Item text: ""Does the child involve others in play (i.e., play interactive games with other children)?""
Response: 1
    Now predict this person's response to the held-out item below.
    Held-out item ID: CREDI_B3
    Held-out item text: ""Does the child intentionally move or change his/her position to get objects that are out of reach?""
    Return the predicted response as 0 or 1."
211_267_2022,CREDI_B4,"If the child likes an object and someone hides it (e.g put it under the bedsheet or behind some object), does the child look for it?",1,1,Child intentionally moves to get out-of-reach objects.,39,"Below are the observed responses for one person.
    Observed item responses:
    Item ID: CREDI_B1
Item text: ""Can the child pick up a small object (e.g., a small toy or stone) using just one hand?""
Response: 1

Item ID: CREDI_B10
Item text: ""Can the child use gestures to indicate what he/she wants (e.g., put arms up to indicate that he/she wants to be held, or point to water)?""
Response: 1

Item ID: CREDI_B11
Item text: ""Can the child pick up and drop a small object (e.g., a small toy or stone) into a bucket or bowl while sitting?""
Response: 1

Item ID: CREDI_B12
Item text: ""Can the child throw a small ball or stone forward using his/her hand?""
Response: 1

Item ID: CREDI_B13
Item text: ""Can the child say one or more words (e.g., names like “mama” or “ba” for “ball”)?""
Response: 1

Item ID: CREDI_B14
Item text: ""Does the child ask you for help using signs or words when he/she cannot do something on his/her own (e.g., to reach an object up high)?""
Response: 1

Item ID: CREDI_B15
Item text: ""Can the child walk several steps while holding on to a person or object (e.g., wall or furniture)?""
Response: 1

Item ID: CREDI_B16
Item text: ""Can the child follow simple directions (e.g., “stand up” or “come here”)?""
Response: 1

Item ID: CREDI_B17
Item text: ""Can the child maintain a standing position on his/her own, without holding on or receiving support?""
Response: 1

Item ID: CREDI_B18
Item text: ""Can the child point to a person or object when asked (e.g., “where is mama?” or “where is the ball?”)?""
Response: 1

Item ID: CREDI_B19
Item text: ""Can the child climb onto an object, such as a chair or bench?""
Response: 0

Item ID: CREDI_B2
Item text: ""Does the child play by tapping an object on the ground or a table?""
Response: 1

Item ID: CREDI_B20
Item text: ""Can the child kick a ball, or other round objects, forward using his/her foot?""
Response: 1

Item ID: CREDI_B3
Item text: ""Does the child intentionally move or change his/her position to get objects that are out of reach?""
Response: 1

Item ID: CREDI_B5
Item text: ""Can the child hold him/herself in a sitting position without help or support for longer than a few seconds?""
Response: 1

Item ID: CREDI_B6
Item text: ""Does the child look at an object when someone says “look!” and points to it?""
Response: 1

Item ID: CREDI_B7
Item text: ""Can the child pick up and eat small pieces of food with his/her fingers?""
Response: 1

Item ID: CREDI_B8
Item text: ""Can the child crawl, roll, or scoot forward on his/her own?""
Response: 1

Item ID: CREDI_B9
Item text: ""Can the child transfer a small object (e.g., a small toy or stone) from one hand to the other?""
Response: 1

Item ID: CREDI_C1
Item text: ""Can the child maintain a standing position on his/her own, without holding on or receiving support?""
Response: 1

Item ID: CREDI_C10
Item text: ""Does the child show sympathy or look concerned when others are hurt or sad?""
Response: 0

Item ID: CREDI_C11
Item text: ""Can the child run more than a few steps without falling or bumping into objects?""
Response: 1

Item ID: CREDI_C12
Item text: ""Can the child drink from a cup (without a lid) on his/her own without spilling?""
Response: 1

Item ID: CREDI_C13
Item text: ""Can the child stack three or more small objects (e.g., blocks, cups, bottle caps) on top of each other?""
Response: 1

Item ID: CREDI_C14
Item text: ""Can the child answer simple questions (e.g., “do you want water?”) by saying “yes” or “no,” rather than nodding?""
Response: 0

Item ID: CREDI_C15
Item text: ""Does the child play with an object by making it something else? (e.g., imagining a bottle as a doll, a stone as a car, or a spoon as an airplane)""
Response: 0

Item ID: CREDI_C16
Item text: ""Can the child correctly name at least one family member other than mom and dad (e.g., name of brother, sister, aunt, uncle)?""
Response: 0

Item ID: CREDI_C17
Item text: ""Can the child ask for something (e.g., food, water) by name when he/she wants it?""
Response: 1

Item ID: CREDI_C18
Item text: ""Can the child walk backwards?""
Response: 1

Item ID: CREDI_C19
Item text: ""If the child knows an object (like a cup or an animal) and you show it to him/her, can he/she tell its name every time?""
Response: 1

Item ID: CREDI_C2
Item text: ""Can the child follow simple directions (e.g., “stand up” or “come here”)?""
Response: 1

Item ID: CREDI_C20
Item text: ""Can the child say ten or more separate words (e.g., names like “mama” or objects like “ball”)?""
Response: 1

Item ID: CREDI_C3
Item text: ""Does the child imitate others’ behavior (e.g., washing hands or dishes)?""
Response: 1

Item ID: CREDI_C4
Item text: ""Can the child climb onto an object such as a chair or bench?""
Response: 1

Item ID: CREDI_C5
Item text: ""Is the child kind to younger children (e.g., speaks to them nicely and touches them gently)?""
Response: 1

Item ID: CREDI_C6
Item text: ""Does the child show curiosity to learn new things (e.g., by asking questions or exploring a new area)?""
Response: 1

Item ID: CREDI_C7
Item text: ""Can the child point to a person or object when asked (e.g., “where is mama?” or “where is the ball?”)?""
Response: 1

Item ID: CREDI_C8
Item text: ""Can the child kick a ball, or other round objects, forward using his/her foot?""
Response: 1

Item ID: CREDI_C9
Item text: ""Does the child involve others in play (i.e., play interactive games with other children)?""
Response: 1
    Now predict this person's response to the held-out item below.
    Held-out item ID: CREDI_B4
    Held-out item text: ""If the child likes an object and someone hides it (e.g put it under the bedsheet or behind some object), does the child look for it?""
    Return the predicted response as 0 or 1."
211_267_2022,CREDI_B5,Can the child hold him/herself in a sitting position without help or support for longer than a few seconds?,1,1,Child sits unsupported and plays with objects independently.,39,"Below are the observed responses for one person.
    Observed item responses:
    Item ID: CREDI_B1
Item text: ""Can the child pick up a small object (e.g., a small toy or stone) using just one hand?""
Response: 1

Item ID: CREDI_B10
Item text: ""Can the child use gestures to indicate what he/she wants (e.g., put arms up to indicate that he/she wants to be held, or point to water)?""
Response: 1

Item ID: CREDI_B11
Item text: ""Can the child pick up and drop a small object (e.g., a small toy or stone) into a bucket or bowl while sitting?""
Response: 1

Item ID: CREDI_B12
Item text: ""Can the child throw a small ball or stone forward using his/her hand?""
Response: 1

Item ID: CREDI_B13
Item text: ""Can the child say one or more words (e.g., names like “mama” or “ba” for “ball”)?""
Response: 1

Item ID: CREDI_B14
Item text: ""Does the child ask you for help using signs or words when he/she cannot do something on his/her own (e.g., to reach an object up high)?""
Response: 1

Item ID: CREDI_B15
Item text: ""Can the child walk several steps while holding on to a person or object (e.g., wall or furniture)?""
Response: 1

Item ID: CREDI_B16
Item text: ""Can the child follow simple directions (e.g., “stand up” or “come here”)?""
Response: 1

Item ID: CREDI_B17
Item text: ""Can the child maintain a standing position on his/her own, without holding on or receiving support?""
Response: 1

Item ID: CREDI_B18
Item text: ""Can the child point to a person or object when asked (e.g., “where is mama?” or “where is the ball?”)?""
Response: 1

Item ID: CREDI_B19
Item text: ""Can the child climb onto an object, such as a chair or bench?""
Response: 0

Item ID: CREDI_B2
Item text: ""Does the child play by tapping an object on the ground or a table?""
Response: 1

Item ID: CREDI_B20
Item text: ""Can the child kick a ball, or other round objects, forward using his/her foot?""
Response: 1

Item ID: CREDI_B3
Item text: ""Does the child intentionally move or change his/her position to get objects that are out of reach?""
Response: 1

Item ID: CREDI_B4
Item text: ""If the child likes an object and someone hides it (e.g put it under the bedsheet or behind some object), does the child look for it?""
Response: 1

Item ID: CREDI_B6
Item text: ""Does the child look at an object when someone says “look!” and points to it?""
Response: 1

Item ID: CREDI_B7
Item text: ""Can the child pick up and eat small pieces of food with his/her fingers?""
Response: 1

Item ID: CREDI_B8
Item text: ""Can the child crawl, roll, or scoot forward on his/her own?""
Response: 1

Item ID: CREDI_B9
Item text: ""Can the child transfer a small object (e.g., a small toy or stone) from one hand to the other?""
Response: 1

Item ID: CREDI_C1
Item text: ""Can the child maintain a standing position on his/her own, without holding on or receiving support?""
Response: 1

Item ID: CREDI_C10
Item text: ""Does the child show sympathy or look concerned when others are hurt or sad?""
Response: 0

Item ID: CREDI_C11
Item text: ""Can the child run more than a few steps without falling or bumping into objects?""
Response: 1

Item ID: CREDI_C12
Item text: ""Can the child drink from a cup (without a lid) on his/her own without spilling?""
Response: 1

Item ID: CREDI_C13
Item text: ""Can the child stack three or more small objects (e.g., blocks, cups, bottle caps) on top of each other?""
Response: 1

Item ID: CREDI_C14
Item text: ""Can the child answer simple questions (e.g., “do you want water?”) by saying “yes” or “no,” rather than nodding?""
Response: 0

Item ID: CREDI_C15
Item text: ""Does the child play with an object by making it something else? (e.g., imagining a bottle as a doll, a stone as a car, or a spoon as an airplane)""
Response: 0

Item ID: CREDI_C16
Item text: ""Can the child correctly name at least one family member other than mom and dad (e.g., name of brother, sister, aunt, uncle)?""
Response: 0

Item ID: CREDI_C17
Item text: ""Can the child ask for something (e.g., food, water) by name when he/she wants it?""
Response: 1

Item ID: CREDI_C18
Item text: ""Can the child walk backwards?""
Response: 1

Item ID: CREDI_C19
Item text: ""If the child knows an object (like a cup or an animal) and you show it to him/her, can he/she tell its name every time?""
Response: 1

Item ID: CREDI_C2
Item text: ""Can the child follow simple directions (e.g., “stand up” or “come here”)?""
Response: 1

Item ID: CREDI_C20
Item text: ""Can the child say ten or more separate words (e.g., names like “mama” or objects like “ball”)?""
Response: 1

Item ID: CREDI_C3
Item text: ""Does the child imitate others’ behavior (e.g., washing hands or dishes)?""
Response: 1

Item ID: CREDI_C4
Item text: ""Can the child climb onto an object such as a chair or bench?""
Response: 1

Item ID: CREDI_C5
Item text: ""Is the child kind to younger children (e.g., speaks to them nicely and touches them gently)?""
Response: 1

Item ID: CREDI_C6
Item text: ""Does the child show curiosity to learn new things (e.g., by asking questions or exploring a new area)?""
Response: 1

Item ID: CREDI_C7
Item text: ""Can the child point to a person or object when asked (e.g., “where is mama?” or “where is the ball?”)?""
Response: 1

Item ID: CREDI_C8
Item text: ""Can the child kick a ball, or other round objects, forward using his/her foot?""
Response: 1

Item ID: CREDI_C9
Item text: ""Does the child involve others in play (i.e., play interactive games with other children)?""
Response: 1
    Now predict this person's response to the held-out item below.
    Held-out item ID: CREDI_B5
    Held-out item text: ""Can the child hold him/herself in a sitting position without help or support for longer than a few seconds?""
    Return the predicted response as 0 or 1."
211_267_2022,CREDI_B6,Does the child look at an object when someone says “look!” and points to it?,1,1,Child points and looks at objects when named or asked.,39,"Below are the observed responses for one person.
    Observed item responses:
    Item ID: CREDI_B1
Item text: ""Can the child pick up a small object (e.g., a small toy or stone) using just one hand?""
Response: 1

Item ID: CREDI_B10
Item text: ""Can the child use gestures to indicate what he/she wants (e.g., put arms up to indicate that he/she wants to be held, or point to water)?""
Response: 1

Item ID: CREDI_B11
Item text: ""Can the child pick up and drop a small object (e.g., a small toy or stone) into a bucket or bowl while sitting?""
Response: 1

Item ID: CREDI_B12
Item text: ""Can the child throw a small ball or stone forward using his/her hand?""
Response: 1

Item ID: CREDI_B13
Item text: ""Can the child say one or more words (e.g., names like “mama” or “ba” for “ball”)?""
Response: 1

Item ID: CREDI_B14
Item text: ""Does the child ask you for help using signs or words when he/she cannot do something on his/her own (e.g., to reach an object up high)?""
Response: 1

Item ID: CREDI_B15
Item text: ""Can the child walk several steps while holding on to a person or object (e.g., wall or furniture)?""
Response: 1

Item ID: CREDI_B16
Item text: ""Can the child follow simple directions (e.g., “stand up” or “come here”)?""
Response: 1

Item ID: CREDI_B17
Item text: ""Can the child maintain a standing position on his/her own, without holding on or receiving support?""
Response: 1

Item ID: CREDI_B18
Item text: ""Can the child point to a person or object when asked (e.g., “where is mama?” or “where is the ball?”)?""
Response: 1

Item ID: CREDI_B19
Item text: ""Can the child climb onto an object, such as a chair or bench?""
Response: 0

Item ID: CREDI_B2
Item text: ""Does the child play by tapping an object on the ground or a table?""
Response: 1

Item ID: CREDI_B20
Item text: ""Can the child kick a ball, or other round objects, forward using his/her foot?""
Response: 1

Item ID: CREDI_B3
Item text: ""Does the child intentionally move or change his/her position to get objects that are out of reach?""
Response: 1

Item ID: CREDI_B4
Item text: ""If the child likes an object and someone hides it (e.g put it under the bedsheet or behind some object), does the child look for it?""
Response: 1

Item ID: CREDI_B5
Item text: ""Can the child hold him/herself in a sitting position without help or support for longer than a few seconds?""
Response: 1

Item ID: CREDI_B7
Item text: ""Can the child pick up and eat small pieces of food with his/her fingers?""
Response: 1

Item ID: CREDI_B8
Item text: ""Can the child crawl, roll, or scoot forward on his/her own?""
Response: 1

Item ID: CREDI_B9
Item text: ""Can the child transfer a small object (e.g., a small toy or stone) from one hand to the other?""
Response: 1

Item ID: CREDI_C1
Item text: ""Can the child maintain a standing position on his/her own, without holding on or receiving support?""
Response: 1

Item ID: CREDI_C10
Item text: ""Does the child show sympathy or look concerned when others are hurt or sad?""
Response: 0

Item ID: CREDI_C11
Item text: ""Can the child run more than a few steps without falling or bumping into objects?""
Response: 1

Item ID: CREDI_C12
Item text: ""Can the child drink from a cup (without a lid) on his/her own without spilling?""
Response: 1

Item ID: CREDI_C13
Item text: ""Can the child stack three or more small objects (e.g., blocks, cups, bottle caps) on top of each other?""
Response: 1

Item ID: CREDI_C14
Item text: ""Can the child answer simple questions (e.g., “do you want water?”) by saying “yes” or “no,” rather than nodding?""
Response: 0

Item ID: CREDI_C15
Item text: ""Does the child play with an object by making it something else? (e.g., imagining a bottle as a doll, a stone as a car, or a spoon as an airplane)""
Response: 0

Item ID: CREDI_C16
Item text: ""Can the child correctly name at least one family member other than mom and dad (e.g., name of brother, sister, aunt, uncle)?""
Response: 0

Item ID: CREDI_C17
Item text: ""Can the child ask for something (e.g., food, water) by name when he/she wants it?""
Response: 1

Item ID: CREDI_C18
Item text: ""Can the child walk backwards?""
Response: 1

Item ID: CREDI_C19
Item text: ""If the child knows an object (like a cup or an animal) and you show it to him/her, can he/she tell its name every time?""
Response: 1

Item ID: CREDI_C2
Item text: ""Can the child follow simple directions (e.g., “stand up” or “come here”)?""
Response: 1

Item ID: CREDI_C20
Item text: ""Can the child say ten or more separate words (e.g., names like “mama” or objects like “ball”)?""
Response: 1

Item ID: CREDI_C3
Item text: ""Does the child imitate others’ behavior (e.g., washing hands or dishes)?""
Response: 1

Item ID: CREDI_C4
Item text: ""Can the child climb onto an object such as a chair or bench?""
Response: 1

Item ID: CREDI_C5
Item text: ""Is the child kind to younger children (e.g., speaks to them nicely and touches them gently)?""
Response: 1

Item ID: CREDI_C6
Item text: ""Does the child show curiosity to learn new things (e.g., by asking questions or exploring a new area)?""
Response: 1

Item ID: CREDI_C7
Item text: ""Can the child point to a person or object when asked (e.g., “where is mama?” or “where is the ball?”)?""
Response: 1

Item ID: CREDI_C8
Item text: ""Can the child kick a ball, or other round objects, forward using his/her foot?""
Response: 1

Item ID: CREDI_C9
Item text: ""Does the child involve others in play (i.e., play interactive games with other children)?""
Response: 1
    Now predict this person's response to the held-out item below.
    Held-out item ID: CREDI_B6
    Held-out item text: ""Does the child look at an object when someone says “look!” and points to it?""
    Return the predicted response as 0 or 1."
211_267_2022,CREDI_B7,Can the child pick up and eat small pieces of food with his/her fingers?,1,1,Child picks up small objects and eats independently.,39,"Below are the observed responses for one person.
    Observed item responses:
    Item ID: CREDI_B1
Item text: ""Can the child pick up a small object (e.g., a small toy or stone) using just one hand?""
Response: 1

Item ID: CREDI_B10
Item text: ""Can the child use gestures to indicate what he/she wants (e.g., put arms up to indicate that he/she wants to be held, or point to water)?""
Response: 1

Item ID: CREDI_B11
Item text: ""Can the child pick up and drop a small object (e.g., a small toy or stone) into a bucket or bowl while sitting?""
Response: 1

Item ID: CREDI_B12
Item text: ""Can the child throw a small ball or stone forward using his/her hand?""
Response: 1

Item ID: CREDI_B13
Item text: ""Can the child say one or more words (e.g., names like “mama” or “ba” for “ball”)?""
Response: 1

Item ID: CREDI_B14
Item text: ""Does the child ask you for help using signs or words when he/she cannot do something on his/her own (e.g., to reach an object up high)?""
Response: 1

Item ID: CREDI_B15
Item text: ""Can the child walk several steps while holding on to a person or object (e.g., wall or furniture)?""
Response: 1

Item ID: CREDI_B16
Item text: ""Can the child follow simple directions (e.g., “stand up” or “come here”)?""
Response: 1

Item ID: CREDI_B17
Item text: ""Can the child maintain a standing position on his/her own, without holding on or receiving support?""
Response: 1

Item ID: CREDI_B18
Item text: ""Can the child point to a person or object when asked (e.g., “where is mama?” or “where is the ball?”)?""
Response: 1

Item ID: CREDI_B19
Item text: ""Can the child climb onto an object, such as a chair or bench?""
Response: 0

Item ID: CREDI_B2
Item text: ""Does the child play by tapping an object on the ground or a table?""
Response: 1

Item ID: CREDI_B20
Item text: ""Can the child kick a ball, or other round objects, forward using his/her foot?""
Response: 1

Item ID: CREDI_B3
Item text: ""Does the child intentionally move or change his/her position to get objects that are out of reach?""
Response: 1

Item ID: CREDI_B4
Item text: ""If the child likes an object and someone hides it (e.g put it under the bedsheet or behind some object), does the child look for it?""
Response: 1

Item ID: CREDI_B5
Item text: ""Can the child hold him/herself in a sitting position without help or support for longer than a few seconds?""
Response: 1

Item ID: CREDI_B6
Item text: ""Does the child look at an object when someone says “look!” and points to it?""
Response: 1

Item ID: CREDI_B8
Item text: ""Can the child crawl, roll, or scoot forward on his/her own?""
Response: 1

Item ID: CREDI_B9
Item text: ""Can the child transfer a small object (e.g., a small toy or stone) from one hand to the other?""
Response: 1

Item ID: CREDI_C1
Item text: ""Can the child maintain a standing position on his/her own, without holding on or receiving support?""
Response: 1

Item ID: CREDI_C10
Item text: ""Does the child show sympathy or look concerned when others are hurt or sad?""
Response: 0

Item ID: CREDI_C11
Item text: ""Can the child run more than a few steps without falling or bumping into objects?""
Response: 1

Item ID: CREDI_C12
Item text: ""Can the child drink from a cup (without a lid) on his/her own without spilling?""
Response: 1

Item ID: CREDI_C13
Item text: ""Can the child stack three or more small objects (e.g., blocks, cups, bottle caps) on top of each other?""
Response: 1

Item ID: CREDI_C14
Item text: ""Can the child answer simple questions (e.g., “do you want water?”) by saying “yes” or “no,” rather than nodding?""
Response: 0

Item ID: CREDI_C15
Item text: ""Does the child play with an object by making it something else? (e.g., imagining a bottle as a doll, a stone as a car, or a spoon as an airplane)""
Response: 0

Item ID: CREDI_C16
Item text: ""Can the child correctly name at least one family member other than mom and dad (e.g., name of brother, sister, aunt, uncle)?""
Response: 0

Item ID: CREDI_C17
Item text: ""Can the child ask for something (e.g., food, water) by name when he/she wants it?""
Response: 1

Item ID: CREDI_C18
Item text: ""Can the child walk backwards?""
Response: 1

Item ID: CREDI_C19
Item text: ""If the child knows an object (like a cup or an animal) and you show it to him/her, can he/she tell its name every time?""
Response: 1

Item ID: CREDI_C2
Item text: ""Can the child follow simple directions (e.g., “stand up” or “come here”)?""
Response: 1

Item ID: CREDI_C20
Item text: ""Can the child say ten or more separate words (e.g., names like “mama” or objects like “ball”)?""
Response: 1

Item ID: CREDI_C3
Item text: ""Does the child imitate others’ behavior (e.g., washing hands or dishes)?""
Response: 1

Item ID: CREDI_C4
Item text: ""Can the child climb onto an object such as a chair or bench?""
Response: 1

Item ID: CREDI_C5
Item text: ""Is the child kind to younger children (e.g., speaks to them nicely and touches them gently)?""
Response: 1

Item ID: CREDI_C6
Item text: ""Does the child show curiosity to learn new things (e.g., by asking questions or exploring a new area)?""
Response: 1

Item ID: CREDI_C7
Item text: ""Can the child point to a person or object when asked (e.g., “where is mama?” or “where is the ball?”)?""
Response: 1

Item ID: CREDI_C8
Item text: ""Can the child kick a ball, or other round objects, forward using his/her foot?""
Response: 1

Item ID: CREDI_C9
Item text: ""Does the child involve others in play (i.e., play interactive games with other children)?""
Response: 1
    Now predict this person's response to the held-out item below.
    Held-out item ID: CREDI_B7
    Held-out item text: ""Can the child pick up and eat small pieces of food with his/her fingers?""
    Return the predicted response as 0 or 1."
211_267_2022,CREDI_B8,"Can the child crawl, roll, or scoot forward on his/her own?",1,1,Child moves intentionally and changes position independently.,39,"Below are the observed responses for one person.
    Observed item responses:
    Item ID: CREDI_B1
Item text: ""Can the child pick up a small object (e.g., a small toy or stone) using just one hand?""
Response: 1

Item ID: CREDI_B10
Item text: ""Can the child use gestures to indicate what he/she wants (e.g., put arms up to indicate that he/she wants to be held, or point to water)?""
Response: 1

Item ID: CREDI_B11
Item text: ""Can the child pick up and drop a small object (e.g., a small toy or stone) into a bucket or bowl while sitting?""
Response: 1

Item ID: CREDI_B12
Item text: ""Can the child throw a small ball or stone forward using his/her hand?""
Response: 1

Item ID: CREDI_B13
Item text: ""Can the child say one or more words (e.g., names like “mama” or “ba” for “ball”)?""
Response: 1

Item ID: CREDI_B14
Item text: ""Does the child ask you for help using signs or words when he/she cannot do something on his/her own (e.g., to reach an object up high)?""
Response: 1

Item ID: CREDI_B15
Item text: ""Can the child walk several steps while holding on to a person or object (e.g., wall or furniture)?""
Response: 1

Item ID: CREDI_B16
Item text: ""Can the child follow simple directions (e.g., “stand up” or “come here”)?""
Response: 1

Item ID: CREDI_B17
Item text: ""Can the child maintain a standing position on his/her own, without holding on or receiving support?""
Response: 1

Item ID: CREDI_B18
Item text: ""Can the child point to a person or object when asked (e.g., “where is mama?” or “where is the ball?”)?""
Response: 1

Item ID: CREDI_B19
Item text: ""Can the child climb onto an object, such as a chair or bench?""
Response: 0

Item ID: CREDI_B2
Item text: ""Does the child play by tapping an object on the ground or a table?""
Response: 1

Item ID: CREDI_B20
Item text: ""Can the child kick a ball, or other round objects, forward using his/her foot?""
Response: 1

Item ID: CREDI_B3
Item text: ""Does the child intentionally move or change his/her position to get objects that are out of reach?""
Response: 1

Item ID: CREDI_B4
Item text: ""If the child likes an object and someone hides it (e.g put it under the bedsheet or behind some object), does the child look for it?""
Response: 1

Item ID: CREDI_B5
Item text: ""Can the child hold him/herself in a sitting position without help or support for longer than a few seconds?""
Response: 1

Item ID: CREDI_B6
Item text: ""Does the child look at an object when someone says “look!” and points to it?""
Response: 1

Item ID: CREDI_B7
Item text: ""Can the child pick up and eat small pieces of food with his/her fingers?""
Response: 1

Item ID: CREDI_B9
Item text: ""Can the child transfer a small object (e.g., a small toy or stone) from one hand to the other?""
Response: 1

Item ID: CREDI_C1
Item text: ""Can the child maintain a standing position on his/her own, without holding on or receiving support?""
Response: 1

Item ID: CREDI_C10
Item text: ""Does the child show sympathy or look concerned when others are hurt or sad?""
Response: 0

Item ID: CREDI_C11
Item text: ""Can the child run more than a few steps without falling or bumping into objects?""
Response: 1

Item ID: CREDI_C12
Item text: ""Can the child drink from a cup (without a lid) on his/her own without spilling?""
Response: 1

Item ID: CREDI_C13
Item text: ""Can the child stack three or more small objects (e.g., blocks, cups, bottle caps) on top of each other?""
Response: 1

Item ID: CREDI_C14
Item text: ""Can the child answer simple questions (e.g., “do you want water?”) by saying “yes” or “no,” rather than nodding?""
Response: 0

Item ID: CREDI_C15
Item text: ""Does the child play with an object by making it something else? (e.g., imagining a bottle as a doll, a stone as a car, or a spoon as an airplane)""
Response: 0

Item ID: CREDI_C16
Item text: ""Can the child correctly name at least one family member other than mom and dad (e.g., name of brother, sister, aunt, uncle)?""
Response: 0

Item ID: CREDI_C17
Item text: ""Can the child ask for something (e.g., food, water) by name when he/she wants it?""
Response: 1

Item ID: CREDI_C18
Item text: ""Can the child walk backwards?""
Response: 1

Item ID: CREDI_C19
Item text: ""If the child knows an object (like a cup or an animal) and you show it to him/her, can he/she tell its name every time?""
Response: 1

Item ID: CREDI_C2
Item text: ""Can the child follow simple directions (e.g., “stand up” or “come here”)?""
Response: 1

Item ID: CREDI_C20
Item text: ""Can the child say ten or more separate words (e.g., names like “mama” or objects like “ball”)?""
Response: 1

Item ID: CREDI_C3
Item text: ""Does the child imitate others’ behavior (e.g., washing hands or dishes)?""
Response: 1

Item ID: CREDI_C4
Item text: ""Can the child climb onto an object such as a chair or bench?""
Response: 1

Item ID: CREDI_C5
Item text: ""Is the child kind to younger children (e.g., speaks to them nicely and touches them gently)?""
Response: 1

Item ID: CREDI_C6
Item text: ""Does the child show curiosity to learn new things (e.g., by asking questions or exploring a new area)?""
Response: 1

Item ID: CREDI_C7
Item text: ""Can the child point to a person or object when asked (e.g., “where is mama?” or “where is the ball?”)?""
Response: 1

Item ID: CREDI_C8
Item text: ""Can the child kick a ball, or other round objects, forward using his/her foot?""
Response: 1

Item ID: CREDI_C9
Item text: ""Does the child involve others in play (i.e., play interactive games with other children)?""
Response: 1
    Now predict this person's response to the held-out item below.
    Held-out item ID: CREDI_B8
    Held-out item text: ""Can the child crawl, roll, or scoot forward on his/her own?""
    Return the predicted response as 0 or 1."
211_267_2022,CREDI_B9,"Can the child transfer a small object (e.g., a small toy or stone) from one hand to the other?",1,1,"Child manipulates objects well, transfers between hands.",39,"Below are the observed responses for one person.
    Observed item responses:
    Item ID: CREDI_B1
Item text: ""Can the child pick up a small object (e.g., a small toy or stone) using just one hand?""
Response: 1

Item ID: CREDI_B10
Item text: ""Can the child use gestures to indicate what he/she wants (e.g., put arms up to indicate that he/she wants to be held, or point to water)?""
Response: 1

Item ID: CREDI_B11
Item text: ""Can the child pick up and drop a small object (e.g., a small toy or stone) into a bucket or bowl while sitting?""
Response: 1

Item ID: CREDI_B12
Item text: ""Can the child throw a small ball or stone forward using his/her hand?""
Response: 1

Item ID: CREDI_B13
Item text: ""Can the child say one or more words (e.g., names like “mama” or “ba” for “ball”)?""
Response: 1

Item ID: CREDI_B14
Item text: ""Does the child ask you for help using signs or words when he/she cannot do something on his/her own (e.g., to reach an object up high)?""
Response: 1

Item ID: CREDI_B15
Item text: ""Can the child walk several steps while holding on to a person or object (e.g., wall or furniture)?""
Response: 1

Item ID: CREDI_B16
Item text: ""Can the child follow simple directions (e.g., “stand up” or “come here”)?""
Response: 1

Item ID: CREDI_B17
Item text: ""Can the child maintain a standing position on his/her own, without holding on or receiving support?""
Response: 1

Item ID: CREDI_B18
Item text: ""Can the child point to a person or object when asked (e.g., “where is mama?” or “where is the ball?”)?""
Response: 1

Item ID: CREDI_B19
Item text: ""Can the child climb onto an object, such as a chair or bench?""
Response: 0

Item ID: CREDI_B2
Item text: ""Does the child play by tapping an object on the ground or a table?""
Response: 1

Item ID: CREDI_B20
Item text: ""Can the child kick a ball, or other round objects, forward using his/her foot?""
Response: 1

Item ID: CREDI_B3
Item text: ""Does the child intentionally move or change his/her position to get objects that are out of reach?""
Response: 1

Item ID: CREDI_B4
Item text: ""If the child likes an object and someone hides it (e.g put it under the bedsheet or behind some object), does the child look for it?""
Response: 1

Item ID: CREDI_B5
Item text: ""Can the child hold him/herself in a sitting position without help or support for longer than a few seconds?""
Response: 1

Item ID: CREDI_B6
Item text: ""Does the child look at an object when someone says “look!” and points to it?""
Response: 1

Item ID: CREDI_B7
Item text: ""Can the child pick up and eat small pieces of food with his/her fingers?""
Response: 1

Item ID: CREDI_B8
Item text: ""Can the child crawl, roll, or scoot forward on his/her own?""
Response: 1

Item ID: CREDI_C1
Item text: ""Can the child maintain a standing position on his/her own, without holding on or receiving support?""
Response: 1

Item ID: CREDI_C10
Item text: ""Does the child show sympathy or look concerned when others are hurt or sad?""
Response: 0

Item ID: CREDI_C11
Item text: ""Can the child run more than a few steps without falling or bumping into objects?""
Response: 1

Item ID: CREDI_C12
Item text: ""Can the child drink from a cup (without a lid) on his/her own without spilling?""
Response: 1

Item ID: CREDI_C13
Item text: ""Can the child stack three or more small objects (e.g., blocks, cups, bottle caps) on top of each other?""
Response: 1

Item ID: CREDI_C14
Item text: ""Can the child answer simple questions (e.g., “do you want water?”) by saying “yes” or “no,” rather than nodding?""
Response: 0

Item ID: CREDI_C15
Item text: ""Does the child play with an object by making it something else? (e.g., imagining a bottle as a doll, a stone as a car, or a spoon as an airplane)""
Response: 0

Item ID: CREDI_C16
Item text: ""Can the child correctly name at least one family member other than mom and dad (e.g., name of brother, sister, aunt, uncle)?""
Response: 0

Item ID: CREDI_C17
Item text: ""Can the child ask for something (e.g., food, water) by name when he/she wants it?""
Response: 1

Item ID: CREDI_C18
Item text: ""Can the child walk backwards?""
Response: 1

Item ID: CREDI_C19
Item text: ""If the child knows an object (like a cup or an animal) and you show it to him/her, can he/she tell its name every time?""
Response: 1

Item ID: CREDI_C2
Item text: ""Can the child follow simple directions (e.g., “stand up” or “come here”)?""
Response: 1

Item ID: CREDI_C20
Item text: ""Can the child say ten or more separate words (e.g., names like “mama” or objects like “ball”)?""
Response: 1

Item ID: CREDI_C3
Item text: ""Does the child imitate others’ behavior (e.g., washing hands or dishes)?""
Response: 1

Item ID: CREDI_C4
Item text: ""Can the child climb onto an object such as a chair or bench?""
Response: 1

Item ID: CREDI_C5
Item text: ""Is the child kind to younger children (e.g., speaks to them nicely and touches them gently)?""
Response: 1

Item ID: CREDI_C6
Item text: ""Does the child show curiosity to learn new things (e.g., by asking questions or exploring a new area)?""
Response: 1

Item ID: CREDI_C7
Item text: ""Can the child point to a person or object when asked (e.g., “where is mama?” or “where is the ball?”)?""
Response: 1

Item ID: CREDI_C8
Item text: ""Can the child kick a ball, or other round objects, forward using his/her foot?""
Response: 1

Item ID: CREDI_C9
Item text: ""Does the child involve others in play (i.e., play interactive games with other children)?""
Response: 1
    Now predict this person's response to the held-out item below.
    Held-out item ID: CREDI_B9
    Held-out item text: ""Can the child transfer a small object (e.g., a small toy or stone) from one hand to the other?""
    Return the predicted response as 0 or 1."
211_267_2022,CREDI_C1,"Can the child maintain a standing position on his/her own, without holding on or receiving support?",1,1,Child stands independently without need for support.,39,"Below are the observed responses for one person.
    Observed item responses:
    Item ID: CREDI_B1
Item text: ""Can the child pick up a small object (e.g., a small toy or stone) using just one hand?""
Response: 1

Item ID: CREDI_B10
Item text: ""Can the child use gestures to indicate what he/she wants (e.g., put arms up to indicate that he/she wants to be held, or point to water)?""
Response: 1

Item ID: CREDI_B11
Item text: ""Can the child pick up and drop a small object (e.g., a small toy or stone) into a bucket or bowl while sitting?""
Response: 1

Item ID: CREDI_B12
Item text: ""Can the child throw a small ball or stone forward using his/her hand?""
Response: 1

Item ID: CREDI_B13
Item text: ""Can the child say one or more words (e.g., names like “mama” or “ba” for “ball”)?""
Response: 1

Item ID: CREDI_B14
Item text: ""Does the child ask you for help using signs or words when he/she cannot do something on his/her own (e.g., to reach an object up high)?""
Response: 1

Item ID: CREDI_B15
Item text: ""Can the child walk several steps while holding on to a person or object (e.g., wall or furniture)?""
Response: 1

Item ID: CREDI_B16
Item text: ""Can the child follow simple directions (e.g., “stand up” or “come here”)?""
Response: 1

Item ID: CREDI_B17
Item text: ""Can the child maintain a standing position on his/her own, without holding on or receiving support?""
Response: 1

Item ID: CREDI_B18
Item text: ""Can the child point to a person or object when asked (e.g., “where is mama?” or “where is the ball?”)?""
Response: 1

Item ID: CREDI_B19
Item text: ""Can the child climb onto an object, such as a chair or bench?""
Response: 0

Item ID: CREDI_B2
Item text: ""Does the child play by tapping an object on the ground or a table?""
Response: 1

Item ID: CREDI_B20
Item text: ""Can the child kick a ball, or other round objects, forward using his/her foot?""
Response: 1

Item ID: CREDI_B3
Item text: ""Does the child intentionally move or change his/her position to get objects that are out of reach?""
Response: 1

Item ID: CREDI_B4
Item text: ""If the child likes an object and someone hides it (e.g put it under the bedsheet or behind some object), does the child look for it?""
Response: 1

Item ID: CREDI_B5
Item text: ""Can the child hold him/herself in a sitting position without help or support for longer than a few seconds?""
Response: 1

Item ID: CREDI_B6
Item text: ""Does the child look at an object when someone says “look!” and points to it?""
Response: 1

Item ID: CREDI_B7
Item text: ""Can the child pick up and eat small pieces of food with his/her fingers?""
Response: 1

Item ID: CREDI_B8
Item text: ""Can the child crawl, roll, or scoot forward on his/her own?""
Response: 1

Item ID: CREDI_B9
Item text: ""Can the child transfer a small object (e.g., a small toy or stone) from one hand to the other?""
Response: 1

Item ID: CREDI_C10
Item text: ""Does the child show sympathy or look concerned when others are hurt or sad?""
Response: 0

Item ID: CREDI_C11
Item text: ""Can the child run more than a few steps without falling or bumping into objects?""
Response: 1

Item ID: CREDI_C12
Item text: ""Can the child drink from a cup (without a lid) on his/her own without spilling?""
Response: 1

Item ID: CREDI_C13
Item text: ""Can the child stack three or more small objects (e.g., blocks, cups, bottle caps) on top of each other?""
Response: 1

Item ID: CREDI_C14
Item text: ""Can the child answer simple questions (e.g., “do you want water?”) by saying “yes” or “no,” rather than nodding?""
Response: 0

Item ID: CREDI_C15
Item text: ""Does the child play with an object by making it something else? (e.g., imagining a bottle as a doll, a stone as a car, or a spoon as an airplane)""
Response: 0

Item ID: CREDI_C16
Item text: ""Can the child correctly name at least one family member other than mom and dad (e.g., name of brother, sister, aunt, uncle)?""
Response: 0

Item ID: CREDI_C17
Item text: ""Can the child ask for something (e.g., food, water) by name when he/she wants it?""
Response: 1

Item ID: CREDI_C18
Item text: ""Can the child walk backwards?""
Response: 1

Item ID: CREDI_C19
Item text: ""If the child knows an object (like a cup or an animal) and you show it to him/her, can he/she tell its name every time?""
Response: 1

Item ID: CREDI_C2
Item text: ""Can the child follow simple directions (e.g., “stand up” or “come here”)?""
Response: 1

Item ID: CREDI_C20
Item text: ""Can the child say ten or more separate words (e.g., names like “mama” or objects like “ball”)?""
Response: 1

Item ID: CREDI_C3
Item text: ""Does the child imitate others’ behavior (e.g., washing hands or dishes)?""
Response: 1

Item ID: CREDI_C4
Item text: ""Can the child climb onto an object such as a chair or bench?""
Response: 1

Item ID: CREDI_C5
Item text: ""Is the child kind to younger children (e.g., speaks to them nicely and touches them gently)?""
Response: 1

Item ID: CREDI_C6
Item text: ""Does the child show curiosity to learn new things (e.g., by asking questions or exploring a new area)?""
Response: 1

Item ID: CREDI_C7
Item text: ""Can the child point to a person or object when asked (e.g., “where is mama?” or “where is the ball?”)?""
Response: 1

Item ID: CREDI_C8
Item text: ""Can the child kick a ball, or other round objects, forward using his/her foot?""
Response: 1

Item ID: CREDI_C9
Item text: ""Does the child involve others in play (i.e., play interactive games with other children)?""
Response: 1
    Now predict this person's response to the held-out item below.
    Held-out item ID: CREDI_C1
    Held-out item text: ""Can the child maintain a standing position on his/her own, without holding on or receiving support?""
    Return the predicted response as 0 or 1."
211_267_2022,CREDI_C10,Does the child show sympathy or look concerned when others are hurt or sad?,0,0,Child shows zero responses to emotional/sympathy items.,39,"Below are the observed responses for one person.
    Observed item responses:
    Item ID: CREDI_B1
Item text: ""Can the child pick up a small object (e.g., a small toy or stone) using just one hand?""
Response: 1

Item ID: CREDI_B10
Item text: ""Can the child use gestures to indicate what he/she wants (e.g., put arms up to indicate that he/she wants to be held, or point to water)?""
Response: 1

Item ID: CREDI_B11
Item text: ""Can the child pick up and drop a small object (e.g., a small toy or stone) into a bucket or bowl while sitting?""
Response: 1

Item ID: CREDI_B12
Item text: ""Can the child throw a small ball or stone forward using his/her hand?""
Response: 1

Item ID: CREDI_B13
Item text: ""Can the child say one or more words (e.g., names like “mama” or “ba” for “ball”)?""
Response: 1

Item ID: CREDI_B14
Item text: ""Does the child ask you for help using signs or words when he/she cannot do something on his/her own (e.g., to reach an object up high)?""
Response: 1

Item ID: CREDI_B15
Item text: ""Can the child walk several steps while holding on to a person or object (e.g., wall or furniture)?""
Response: 1

Item ID: CREDI_B16
Item text: ""Can the child follow simple directions (e.g., “stand up” or “come here”)?""
Response: 1

Item ID: CREDI_B17
Item text: ""Can the child maintain a standing position on his/her own, without holding on or receiving support?""
Response: 1

Item ID: CREDI_B18
Item text: ""Can the child point to a person or object when asked (e.g., “where is mama?” or “where is the ball?”)?""
Response: 1

Item ID: CREDI_B19
Item text: ""Can the child climb onto an object, such as a chair or bench?""
Response: 0

Item ID: CREDI_B2
Item text: ""Does the child play by tapping an object on the ground or a table?""
Response: 1

Item ID: CREDI_B20
Item text: ""Can the child kick a ball, or other round objects, forward using his/her foot?""
Response: 1

Item ID: CREDI_B3
Item text: ""Does the child intentionally move or change his/her position to get objects that are out of reach?""
Response: 1

Item ID: CREDI_B4
Item text: ""If the child likes an object and someone hides it (e.g put it under the bedsheet or behind some object), does the child look for it?""
Response: 1

Item ID: CREDI_B5
Item text: ""Can the child hold him/herself in a sitting position without help or support for longer than a few seconds?""
Response: 1

Item ID: CREDI_B6
Item text: ""Does the child look at an object when someone says “look!” and points to it?""
Response: 1

Item ID: CREDI_B7
Item text: ""Can the child pick up and eat small pieces of food with his/her fingers?""
Response: 1

Item ID: CREDI_B8
Item text: ""Can the child crawl, roll, or scoot forward on his/her own?""
Response: 1

Item ID: CREDI_B9
Item text: ""Can the child transfer a small object (e.g., a small toy or stone) from one hand to the other?""
Response: 1

Item ID: CREDI_C1
Item text: ""Can the child maintain a standing position on his/her own, without holding on or receiving support?""
Response: 1

Item ID: CREDI_C11
Item text: ""Can the child run more than a few steps without falling or bumping into objects?""
Response: 1

Item ID: CREDI_C12
Item text: ""Can the child drink from a cup (without a lid) on his/her own without spilling?""
Response: 1

Item ID: CREDI_C13
Item text: ""Can the child stack three or more small objects (e.g., blocks, cups, bottle caps) on top of each other?""
Response: 1

Item ID: CREDI_C14
Item text: ""Can the child answer simple questions (e.g., “do you want water?”) by saying “yes” or “no,” rather than nodding?""
Response: 0

Item ID: CREDI_C15
Item text: ""Does the child play with an object by making it something else? (e.g., imagining a bottle as a doll, a stone as a car, or a spoon as an airplane)""
Response: 0

Item ID: CREDI_C16
Item text: ""Can the child correctly name at least one family member other than mom and dad (e.g., name of brother, sister, aunt, uncle)?""
Response: 0

Item ID: CREDI_C17
Item text: ""Can the child ask for something (e.g., food, water) by name when he/she wants it?""
Response: 1

Item ID: CREDI_C18
Item text: ""Can the child walk backwards?""
Response: 1

Item ID: CREDI_C19
Item text: ""If the child knows an object (like a cup or an animal) and you show it to him/her, can he/she tell its name every time?""
Response: 1

Item ID: CREDI_C2
Item text: ""Can the child follow simple directions (e.g., “stand up” or “come here”)?""
Response: 1

Item ID: CREDI_C20
Item text: ""Can the child say ten or more separate words (e.g., names like “mama” or objects like “ball”)?""
Response: 1

Item ID: CREDI_C3
Item text: ""Does the child imitate others’ behavior (e.g., washing hands or dishes)?""
Response: 1

Item ID: CREDI_C4
Item text: ""Can the child climb onto an object such as a chair or bench?""
Response: 1

Item ID: CREDI_C5
Item text: ""Is the child kind to younger children (e.g., speaks to them nicely and touches them gently)?""
Response: 1

Item ID: CREDI_C6
Item text: ""Does the child show curiosity to learn new things (e.g., by asking questions or exploring a new area)?""
Response: 1

Item ID: CREDI_C7
Item text: ""Can the child point to a person or object when asked (e.g., “where is mama?” or “where is the ball?”)?""
Response: 1

Item ID: CREDI_C8
Item text: ""Can the child kick a ball, or other round objects, forward using his/her foot?""
Response: 1

Item ID: CREDI_C9
Item text: ""Does the child involve others in play (i.e., play interactive games with other children)?""
Response: 1
    Now predict this person's response to the held-out item below.
    Held-out item ID: CREDI_C10
    Held-out item text: ""Does the child show sympathy or look concerned when others are hurt or sad?""
    Return the predicted response as 0 or 1."
211_267_2022,CREDI_C11,Can the child run more than a few steps without falling or bumping into objects?,1,1,"Child walks, stands, and kicks ball confidently.",39,"Below are the observed responses for one person.
    Observed item responses:
    Item ID: CREDI_B1
Item text: ""Can the child pick up a small object (e.g., a small toy or stone) using just one hand?""
Response: 1

Item ID: CREDI_B10
Item text: ""Can the child use gestures to indicate what he/she wants (e.g., put arms up to indicate that he/she wants to be held, or point to water)?""
Response: 1

Item ID: CREDI_B11
Item text: ""Can the child pick up and drop a small object (e.g., a small toy or stone) into a bucket or bowl while sitting?""
Response: 1

Item ID: CREDI_B12
Item text: ""Can the child throw a small ball or stone forward using his/her hand?""
Response: 1

Item ID: CREDI_B13
Item text: ""Can the child say one or more words (e.g., names like “mama” or “ba” for “ball”)?""
Response: 1

Item ID: CREDI_B14
Item text: ""Does the child ask you for help using signs or words when he/she cannot do something on his/her own (e.g., to reach an object up high)?""
Response: 1

Item ID: CREDI_B15
Item text: ""Can the child walk several steps while holding on to a person or object (e.g., wall or furniture)?""
Response: 1

Item ID: CREDI_B16
Item text: ""Can the child follow simple directions (e.g., “stand up” or “come here”)?""
Response: 1

Item ID: CREDI_B17
Item text: ""Can the child maintain a standing position on his/her own, without holding on or receiving support?""
Response: 1

Item ID: CREDI_B18
Item text: ""Can the child point to a person or object when asked (e.g., “where is mama?” or “where is the ball?”)?""
Response: 1

Item ID: CREDI_B19
Item text: ""Can the child climb onto an object, such as a chair or bench?""
Response: 0

Item ID: CREDI_B2
Item text: ""Does the child play by tapping an object on the ground or a table?""
Response: 1

Item ID: CREDI_B20
Item text: ""Can the child kick a ball, or other round objects, forward using his/her foot?""
Response: 1

Item ID: CREDI_B3
Item text: ""Does the child intentionally move or change his/her position to get objects that are out of reach?""
Response: 1

Item ID: CREDI_B4
Item text: ""If the child likes an object and someone hides it (e.g put it under the bedsheet or behind some object), does the child look for it?""
Response: 1

Item ID: CREDI_B5
Item text: ""Can the child hold him/herself in a sitting position without help or support for longer than a few seconds?""
Response: 1

Item ID: CREDI_B6
Item text: ""Does the child look at an object when someone says “look!” and points to it?""
Response: 1

Item ID: CREDI_B7
Item text: ""Can the child pick up and eat small pieces of food with his/her fingers?""
Response: 1

Item ID: CREDI_B8
Item text: ""Can the child crawl, roll, or scoot forward on his/her own?""
Response: 1

Item ID: CREDI_B9
Item text: ""Can the child transfer a small object (e.g., a small toy or stone) from one hand to the other?""
Response: 1

Item ID: CREDI_C1
Item text: ""Can the child maintain a standing position on his/her own, without holding on or receiving support?""
Response: 1

Item ID: CREDI_C10
Item text: ""Does the child show sympathy or look concerned when others are hurt or sad?""
Response: 0

Item ID: CREDI_C12
Item text: ""Can the child drink from a cup (without a lid) on his/her own without spilling?""
Response: 1

Item ID: CREDI_C13
Item text: ""Can the child stack three or more small objects (e.g., blocks, cups, bottle caps) on top of each other?""
Response: 1

Item ID: CREDI_C14
Item text: ""Can the child answer simple questions (e.g., “do you want water?”) by saying “yes” or “no,” rather than nodding?""
Response: 0

Item ID: CREDI_C15
Item text: ""Does the child play with an object by making it something else? (e.g., imagining a bottle as a doll, a stone as a car, or a spoon as an airplane)""
Response: 0

Item ID: CREDI_C16
Item text: ""Can the child correctly name at least one family member other than mom and dad (e.g., name of brother, sister, aunt, uncle)?""
Response: 0

Item ID: CREDI_C17
Item text: ""Can the child ask for something (e.g., food, water) by name when he/she wants it?""
Response: 1

Item ID: CREDI_C18
Item text: ""Can the child walk backwards?""
Response: 1

Item ID: CREDI_C19
Item text: ""If the child knows an object (like a cup or an animal) and you show it to him/her, can he/she tell its name every time?""
Response: 1

Item ID: CREDI_C2
Item text: ""Can the child follow simple directions (e.g., “stand up” or “come here”)?""
Response: 1

Item ID: CREDI_C20
Item text: ""Can the child say ten or more separate words (e.g., names like “mama” or objects like “ball”)?""
Response: 1

Item ID: CREDI_C3
Item text: ""Does the child imitate others’ behavior (e.g., washing hands or dishes)?""
Response: 1

Item ID: CREDI_C4
Item text: ""Can the child climb onto an object such as a chair or bench?""
Response: 1

Item ID: CREDI_C5
Item text: ""Is the child kind to younger children (e.g., speaks to them nicely and touches them gently)?""
Response: 1

Item ID: CREDI_C6
Item text: ""Does the child show curiosity to learn new things (e.g., by asking questions or exploring a new area)?""
Response: 1

Item ID: CREDI_C7
Item text: ""Can the child point to a person or object when asked (e.g., “where is mama?” or “where is the ball?”)?""
Response: 1

Item ID: CREDI_C8
Item text: ""Can the child kick a ball, or other round objects, forward using his/her foot?""
Response: 1

Item ID: CREDI_C9
Item text: ""Does the child involve others in play (i.e., play interactive games with other children)?""
Response: 1
    Now predict this person's response to the held-out item below.
    Held-out item ID: CREDI_C11
    Held-out item text: ""Can the child run more than a few steps without falling or bumping into objects?""
    Return the predicted response as 0 or 1."
211_267_2022,CREDI_C12,Can the child drink from a cup (without a lid) on his/her own without spilling?,1,1,Child shows good fine motor and coordination skills.,39,"Below are the observed responses for one person.
    Observed item responses:
    Item ID: CREDI_B1
Item text: ""Can the child pick up a small object (e.g., a small toy or stone) using just one hand?""
Response: 1

Item ID: CREDI_B10
Item text: ""Can the child use gestures to indicate what he/she wants (e.g., put arms up to indicate that he/she wants to be held, or point to water)?""
Response: 1

Item ID: CREDI_B11
Item text: ""Can the child pick up and drop a small object (e.g., a small toy or stone) into a bucket or bowl while sitting?""
Response: 1

Item ID: CREDI_B12
Item text: ""Can the child throw a small ball or stone forward using his/her hand?""
Response: 1

Item ID: CREDI_B13
Item text: ""Can the child say one or more words (e.g., names like “mama” or “ba” for “ball”)?""
Response: 1

Item ID: CREDI_B14
Item text: ""Does the child ask you for help using signs or words when he/she cannot do something on his/her own (e.g., to reach an object up high)?""
Response: 1

Item ID: CREDI_B15
Item text: ""Can the child walk several steps while holding on to a person or object (e.g., wall or furniture)?""
Response: 1

Item ID: CREDI_B16
Item text: ""Can the child follow simple directions (e.g., “stand up” or “come here”)?""
Response: 1

Item ID: CREDI_B17
Item text: ""Can the child maintain a standing position on his/her own, without holding on or receiving support?""
Response: 1

Item ID: CREDI_B18
Item text: ""Can the child point to a person or object when asked (e.g., “where is mama?” or “where is the ball?”)?""
Response: 1

Item ID: CREDI_B19
Item text: ""Can the child climb onto an object, such as a chair or bench?""
Response: 0

Item ID: CREDI_B2
Item text: ""Does the child play by tapping an object on the ground or a table?""
Response: 1

Item ID: CREDI_B20
Item text: ""Can the child kick a ball, or other round objects, forward using his/her foot?""
Response: 1

Item ID: CREDI_B3
Item text: ""Does the child intentionally move or change his/her position to get objects that are out of reach?""
Response: 1

Item ID: CREDI_B4
Item text: ""If the child likes an object and someone hides it (e.g put it under the bedsheet or behind some object), does the child look for it?""
Response: 1

Item ID: CREDI_B5
Item text: ""Can the child hold him/herself in a sitting position without help or support for longer than a few seconds?""
Response: 1

Item ID: CREDI_B6
Item text: ""Does the child look at an object when someone says “look!” and points to it?""
Response: 1

Item ID: CREDI_B7
Item text: ""Can the child pick up and eat small pieces of food with his/her fingers?""
Response: 1

Item ID: CREDI_B8
Item text: ""Can the child crawl, roll, or scoot forward on his/her own?""
Response: 1

Item ID: CREDI_B9
Item text: ""Can the child transfer a small object (e.g., a small toy or stone) from one hand to the other?""
Response: 1

Item ID: CREDI_C1
Item text: ""Can the child maintain a standing position on his/her own, without holding on or receiving support?""
Response: 1

Item ID: CREDI_C10
Item text: ""Does the child show sympathy or look concerned when others are hurt or sad?""
Response: 0

Item ID: CREDI_C11
Item text: ""Can the child run more than a few steps without falling or bumping into objects?""
Response: 1

Item ID: CREDI_C13
Item text: ""Can the child stack three or more small objects (e.g., blocks, cups, bottle caps) on top of each other?""
Response: 1

Item ID: CREDI_C14
Item text: ""Can the child answer simple questions (e.g., “do you want water?”) by saying “yes” or “no,” rather than nodding?""
Response: 0

Item ID: CREDI_C15
Item text: ""Does the child play with an object by making it something else? (e.g., imagining a bottle as a doll, a stone as a car, or a spoon as an airplane)""
Response: 0

Item ID: CREDI_C16
Item text: ""Can the child correctly name at least one family member other than mom and dad (e.g., name of brother, sister, aunt, uncle)?""
Response: 0

Item ID: CREDI_C17
Item text: ""Can the child ask for something (e.g., food, water) by name when he/she wants it?""
Response: 1

Item ID: CREDI_C18
Item text: ""Can the child walk backwards?""
Response: 1

Item ID: CREDI_C19
Item text: ""If the child knows an object (like a cup or an animal) and you show it to him/her, can he/she tell its name every time?""
Response: 1

Item ID: CREDI_C2
Item text: ""Can the child follow simple directions (e.g., “stand up” or “come here”)?""
Response: 1

Item ID: CREDI_C20
Item text: ""Can the child say ten or more separate words (e.g., names like “mama” or objects like “ball”)?""
Response: 1

Item ID: CREDI_C3
Item text: ""Does the child imitate others’ behavior (e.g., washing hands or dishes)?""
Response: 1

Item ID: CREDI_C4
Item text: ""Can the child climb onto an object such as a chair or bench?""
Response: 1

Item ID: CREDI_C5
Item text: ""Is the child kind to younger children (e.g., speaks to them nicely and touches them gently)?""
Response: 1

Item ID: CREDI_C6
Item text: ""Does the child show curiosity to learn new things (e.g., by asking questions or exploring a new area)?""
Response: 1

Item ID: CREDI_C7
Item text: ""Can the child point to a person or object when asked (e.g., “where is mama?” or “where is the ball?”)?""
Response: 1

Item ID: CREDI_C8
Item text: ""Can the child kick a ball, or other round objects, forward using his/her foot?""
Response: 1

Item ID: CREDI_C9
Item text: ""Does the child involve others in play (i.e., play interactive games with other children)?""
Response: 1
    Now predict this person's response to the held-out item below.
    Held-out item ID: CREDI_C12
    Held-out item text: ""Can the child drink from a cup (without a lid) on his/her own without spilling?""
    Return the predicted response as 0 or 1."
211_267_2022,CREDI_C13,"Can the child stack three or more small objects (e.g., blocks, cups, bottle caps) on top of each other?",1,1,Child stacks small objects and plays interactively.,39,"Below are the observed responses for one person.
    Observed item responses:
    Item ID: CREDI_B1
Item text: ""Can the child pick up a small object (e.g., a small toy or stone) using just one hand?""
Response: 1

Item ID: CREDI_B10
Item text: ""Can the child use gestures to indicate what he/she wants (e.g., put arms up to indicate that he/she wants to be held, or point to water)?""
Response: 1

Item ID: CREDI_B11
Item text: ""Can the child pick up and drop a small object (e.g., a small toy or stone) into a bucket or bowl while sitting?""
Response: 1

Item ID: CREDI_B12
Item text: ""Can the child throw a small ball or stone forward using his/her hand?""
Response: 1

Item ID: CREDI_B13
Item text: ""Can the child say one or more words (e.g., names like “mama” or “ba” for “ball”)?""
Response: 1

Item ID: CREDI_B14
Item text: ""Does the child ask you for help using signs or words when he/she cannot do something on his/her own (e.g., to reach an object up high)?""
Response: 1

Item ID: CREDI_B15
Item text: ""Can the child walk several steps while holding on to a person or object (e.g., wall or furniture)?""
Response: 1

Item ID: CREDI_B16
Item text: ""Can the child follow simple directions (e.g., “stand up” or “come here”)?""
Response: 1

Item ID: CREDI_B17
Item text: ""Can the child maintain a standing position on his/her own, without holding on or receiving support?""
Response: 1

Item ID: CREDI_B18
Item text: ""Can the child point to a person or object when asked (e.g., “where is mama?” or “where is the ball?”)?""
Response: 1

Item ID: CREDI_B19
Item text: ""Can the child climb onto an object, such as a chair or bench?""
Response: 0

Item ID: CREDI_B2
Item text: ""Does the child play by tapping an object on the ground or a table?""
Response: 1

Item ID: CREDI_B20
Item text: ""Can the child kick a ball, or other round objects, forward using his/her foot?""
Response: 1

Item ID: CREDI_B3
Item text: ""Does the child intentionally move or change his/her position to get objects that are out of reach?""
Response: 1

Item ID: CREDI_B4
Item text: ""If the child likes an object and someone hides it (e.g put it under the bedsheet or behind some object), does the child look for it?""
Response: 1

Item ID: CREDI_B5
Item text: ""Can the child hold him/herself in a sitting position without help or support for longer than a few seconds?""
Response: 1

Item ID: CREDI_B6
Item text: ""Does the child look at an object when someone says “look!” and points to it?""
Response: 1

Item ID: CREDI_B7
Item text: ""Can the child pick up and eat small pieces of food with his/her fingers?""
Response: 1

Item ID: CREDI_B8
Item text: ""Can the child crawl, roll, or scoot forward on his/her own?""
Response: 1

Item ID: CREDI_B9
Item text: ""Can the child transfer a small object (e.g., a small toy or stone) from one hand to the other?""
Response: 1

Item ID: CREDI_C1
Item text: ""Can the child maintain a standing position on his/her own, without holding on or receiving support?""
Response: 1

Item ID: CREDI_C10
Item text: ""Does the child show sympathy or look concerned when others are hurt or sad?""
Response: 0

Item ID: CREDI_C11
Item text: ""Can the child run more than a few steps without falling or bumping into objects?""
Response: 1

Item ID: CREDI_C12
Item text: ""Can the child drink from a cup (without a lid) on his/her own without spilling?""
Response: 1

Item ID: CREDI_C14
Item text: ""Can the child answer simple questions (e.g., “do you want water?”) by saying “yes” or “no,” rather than nodding?""
Response: 0

Item ID: CREDI_C15
Item text: ""Does the child play with an object by making it something else? (e.g., imagining a bottle as a doll, a stone as a car, or a spoon as an airplane)""
Response: 0

Item ID: CREDI_C16
Item text: ""Can the child correctly name at least one family member other than mom and dad (e.g., name of brother, sister, aunt, uncle)?""
Response: 0

Item ID: CREDI_C17
Item text: ""Can the child ask for something (e.g., food, water) by name when he/she wants it?""
Response: 1

Item ID: CREDI_C18
Item text: ""Can the child walk backwards?""
Response: 1

Item ID: CREDI_C19
Item text: ""If the child knows an object (like a cup or an animal) and you show it to him/her, can he/she tell its name every time?""
Response: 1

Item ID: CREDI_C2
Item text: ""Can the child follow simple directions (e.g., “stand up” or “come here”)?""
Response: 1

Item ID: CREDI_C20
Item text: ""Can the child say ten or more separate words (e.g., names like “mama” or objects like “ball”)?""
Response: 1

Item ID: CREDI_C3
Item text: ""Does the child imitate others’ behavior (e.g., washing hands or dishes)?""
Response: 1

Item ID: CREDI_C4
Item text: ""Can the child climb onto an object such as a chair or bench?""
Response: 1

Item ID: CREDI_C5
Item text: ""Is the child kind to younger children (e.g., speaks to them nicely and touches them gently)?""
Response: 1

Item ID: CREDI_C6
Item text: ""Does the child show curiosity to learn new things (e.g., by asking questions or exploring a new area)?""
Response: 1

Item ID: CREDI_C7
Item text: ""Can the child point to a person or object when asked (e.g., “where is mama?” or “where is the ball?”)?""
Response: 1

Item ID: CREDI_C8
Item text: ""Can the child kick a ball, or other round objects, forward using his/her foot?""
Response: 1

Item ID: CREDI_C9
Item text: ""Does the child involve others in play (i.e., play interactive games with other children)?""
Response: 1
    Now predict this person's response to the held-out item below.
    Held-out item ID: CREDI_C13
    Held-out item text: ""Can the child stack three or more small objects (e.g., blocks, cups, bottle caps) on top of each other?""
    Return the predicted response as 0 or 1."
211_267_2022,CREDI_C14,"Can the child answer simple questions (e.g., “do you want water?”) by saying “yes” or “no,” rather than nodding?",0,0,Child has zero responses on similar verbal yes/no tasks.,39,"Below are the observed responses for one person.
    Observed item responses:
    Item ID: CREDI_B1
Item text: ""Can the child pick up a small object (e.g., a small toy or stone) using just one hand?""
Response: 1

Item ID: CREDI_B10
Item text: ""Can the child use gestures to indicate what he/she wants (e.g., put arms up to indicate that he/she wants to be held, or point to water)?""
Response: 1

Item ID: CREDI_B11
Item text: ""Can the child pick up and drop a small object (e.g., a small toy or stone) into a bucket or bowl while sitting?""
Response: 1

Item ID: CREDI_B12
Item text: ""Can the child throw a small ball or stone forward using his/her hand?""
Response: 1

Item ID: CREDI_B13
Item text: ""Can the child say one or more words (e.g., names like “mama” or “ba” for “ball”)?""
Response: 1

Item ID: CREDI_B14
Item text: ""Does the child ask you for help using signs or words when he/she cannot do something on his/her own (e.g., to reach an object up high)?""
Response: 1

Item ID: CREDI_B15
Item text: ""Can the child walk several steps while holding on to a person or object (e.g., wall or furniture)?""
Response: 1

Item ID: CREDI_B16
Item text: ""Can the child follow simple directions (e.g., “stand up” or “come here”)?""
Response: 1

Item ID: CREDI_B17
Item text: ""Can the child maintain a standing position on his/her own, without holding on or receiving support?""
Response: 1

Item ID: CREDI_B18
Item text: ""Can the child point to a person or object when asked (e.g., “where is mama?” or “where is the ball?”)?""
Response: 1

Item ID: CREDI_B19
Item text: ""Can the child climb onto an object, such as a chair or bench?""
Response: 0

Item ID: CREDI_B2
Item text: ""Does the child play by tapping an object on the ground or a table?""
Response: 1

Item ID: CREDI_B20
Item text: ""Can the child kick a ball, or other round objects, forward using his/her foot?""
Response: 1

Item ID: CREDI_B3
Item text: ""Does the child intentionally move or change his/her position to get objects that are out of reach?""
Response: 1

Item ID: CREDI_B4
Item text: ""If the child likes an object and someone hides it (e.g put it under the bedsheet or behind some object), does the child look for it?""
Response: 1

Item ID: CREDI_B5
Item text: ""Can the child hold him/herself in a sitting position without help or support for longer than a few seconds?""
Response: 1

Item ID: CREDI_B6
Item text: ""Does the child look at an object when someone says “look!” and points to it?""
Response: 1

Item ID: CREDI_B7
Item text: ""Can the child pick up and eat small pieces of food with his/her fingers?""
Response: 1

Item ID: CREDI_B8
Item text: ""Can the child crawl, roll, or scoot forward on his/her own?""
Response: 1

Item ID: CREDI_B9
Item text: ""Can the child transfer a small object (e.g., a small toy or stone) from one hand to the other?""
Response: 1

Item ID: CREDI_C1
Item text: ""Can the child maintain a standing position on his/her own, without holding on or receiving support?""
Response: 1

Item ID: CREDI_C10
Item text: ""Does the child show sympathy or look concerned when others are hurt or sad?""
Response: 0

Item ID: CREDI_C11
Item text: ""Can the child run more than a few steps without falling or bumping into objects?""
Response: 1

Item ID: CREDI_C12
Item text: ""Can the child drink from a cup (without a lid) on his/her own without spilling?""
Response: 1

Item ID: CREDI_C13
Item text: ""Can the child stack three or more small objects (e.g., blocks, cups, bottle caps) on top of each other?""
Response: 1

Item ID: CREDI_C15
Item text: ""Does the child play with an object by making it something else? (e.g., imagining a bottle as a doll, a stone as a car, or a spoon as an airplane)""
Response: 0

Item ID: CREDI_C16
Item text: ""Can the child correctly name at least one family member other than mom and dad (e.g., name of brother, sister, aunt, uncle)?""
Response: 0

Item ID: CREDI_C17
Item text: ""Can the child ask for something (e.g., food, water) by name when he/she wants it?""
Response: 1

Item ID: CREDI_C18
Item text: ""Can the child walk backwards?""
Response: 1

Item ID: CREDI_C19
Item text: ""If the child knows an object (like a cup or an animal) and you show it to him/her, can he/she tell its name every time?""
Response: 1

Item ID: CREDI_C2
Item text: ""Can the child follow simple directions (e.g., “stand up” or “come here”)?""
Response: 1

Item ID: CREDI_C20
Item text: ""Can the child say ten or more separate words (e.g., names like “mama” or objects like “ball”)?""
Response: 1

Item ID: CREDI_C3
Item text: ""Does the child imitate others’ behavior (e.g., washing hands or dishes)?""
Response: 1

Item ID: CREDI_C4
Item text: ""Can the child climb onto an object such as a chair or bench?""
Response: 1

Item ID: CREDI_C5
Item text: ""Is the child kind to younger children (e.g., speaks to them nicely and touches them gently)?""
Response: 1

Item ID: CREDI_C6
Item text: ""Does the child show curiosity to learn new things (e.g., by asking questions or exploring a new area)?""
Response: 1

Item ID: CREDI_C7
Item text: ""Can the child point to a person or object when asked (e.g., “where is mama?” or “where is the ball?”)?""
Response: 1

Item ID: CREDI_C8
Item text: ""Can the child kick a ball, or other round objects, forward using his/her foot?""
Response: 1

Item ID: CREDI_C9
Item text: ""Does the child involve others in play (i.e., play interactive games with other children)?""
Response: 1
    Now predict this person's response to the held-out item below.
    Held-out item ID: CREDI_C14
    Held-out item text: ""Can the child answer simple questions (e.g., “do you want water?”) by saying “yes” or “no,” rather than nodding?""
    Return the predicted response as 0 or 1."
211_267_2022,CREDI_C15,"Does the child play with an object by making it something else? (e.g., imagining a bottle as a doll, a stone as a car, or a spoon as an airplane)",0,0,Child scores 0 on similar imaginative play item.,39,"Below are the observed responses for one person.
    Observed item responses:
    Item ID: CREDI_B1
Item text: ""Can the child pick up a small object (e.g., a small toy or stone) using just one hand?""
Response: 1

Item ID: CREDI_B10
Item text: ""Can the child use gestures to indicate what he/she wants (e.g., put arms up to indicate that he/she wants to be held, or point to water)?""
Response: 1

Item ID: CREDI_B11
Item text: ""Can the child pick up and drop a small object (e.g., a small toy or stone) into a bucket or bowl while sitting?""
Response: 1

Item ID: CREDI_B12
Item text: ""Can the child throw a small ball or stone forward using his/her hand?""
Response: 1

Item ID: CREDI_B13
Item text: ""Can the child say one or more words (e.g., names like “mama” or “ba” for “ball”)?""
Response: 1

Item ID: CREDI_B14
Item text: ""Does the child ask you for help using signs or words when he/she cannot do something on his/her own (e.g., to reach an object up high)?""
Response: 1

Item ID: CREDI_B15
Item text: ""Can the child walk several steps while holding on to a person or object (e.g., wall or furniture)?""
Response: 1

Item ID: CREDI_B16
Item text: ""Can the child follow simple directions (e.g., “stand up” or “come here”)?""
Response: 1

Item ID: CREDI_B17
Item text: ""Can the child maintain a standing position on his/her own, without holding on or receiving support?""
Response: 1

Item ID: CREDI_B18
Item text: ""Can the child point to a person or object when asked (e.g., “where is mama?” or “where is the ball?”)?""
Response: 1

Item ID: CREDI_B19
Item text: ""Can the child climb onto an object, such as a chair or bench?""
Response: 0

Item ID: CREDI_B2
Item text: ""Does the child play by tapping an object on the ground or a table?""
Response: 1

Item ID: CREDI_B20
Item text: ""Can the child kick a ball, or other round objects, forward using his/her foot?""
Response: 1

Item ID: CREDI_B3
Item text: ""Does the child intentionally move or change his/her position to get objects that are out of reach?""
Response: 1

Item ID: CREDI_B4
Item text: ""If the child likes an object and someone hides it (e.g put it under the bedsheet or behind some object), does the child look for it?""
Response: 1

Item ID: CREDI_B5
Item text: ""Can the child hold him/herself in a sitting position without help or support for longer than a few seconds?""
Response: 1

Item ID: CREDI_B6
Item text: ""Does the child look at an object when someone says “look!” and points to it?""
Response: 1

Item ID: CREDI_B7
Item text: ""Can the child pick up and eat small pieces of food with his/her fingers?""
Response: 1

Item ID: CREDI_B8
Item text: ""Can the child crawl, roll, or scoot forward on his/her own?""
Response: 1

Item ID: CREDI_B9
Item text: ""Can the child transfer a small object (e.g., a small toy or stone) from one hand to the other?""
Response: 1

Item ID: CREDI_C1
Item text: ""Can the child maintain a standing position on his/her own, without holding on or receiving support?""
Response: 1

Item ID: CREDI_C10
Item text: ""Does the child show sympathy or look concerned when others are hurt or sad?""
Response: 0

Item ID: CREDI_C11
Item text: ""Can the child run more than a few steps without falling or bumping into objects?""
Response: 1

Item ID: CREDI_C12
Item text: ""Can the child drink from a cup (without a lid) on his/her own without spilling?""
Response: 1

Item ID: CREDI_C13
Item text: ""Can the child stack three or more small objects (e.g., blocks, cups, bottle caps) on top of each other?""
Response: 1

Item ID: CREDI_C14
Item text: ""Can the child answer simple questions (e.g., “do you want water?”) by saying “yes” or “no,” rather than nodding?""
Response: 0

Item ID: CREDI_C16
Item text: ""Can the child correctly name at least one family member other than mom and dad (e.g., name of brother, sister, aunt, uncle)?""
Response: 0

Item ID: CREDI_C17
Item text: ""Can the child ask for something (e.g., food, water) by name when he/she wants it?""
Response: 1

Item ID: CREDI_C18
Item text: ""Can the child walk backwards?""
Response: 1

Item ID: CREDI_C19
Item text: ""If the child knows an object (like a cup or an animal) and you show it to him/her, can he/she tell its name every time?""
Response: 1

Item ID: CREDI_C2
Item text: ""Can the child follow simple directions (e.g., “stand up” or “come here”)?""
Response: 1

Item ID: CREDI_C20
Item text: ""Can the child say ten or more separate words (e.g., names like “mama” or objects like “ball”)?""
Response: 1

Item ID: CREDI_C3
Item text: ""Does the child imitate others’ behavior (e.g., washing hands or dishes)?""
Response: 1

Item ID: CREDI_C4
Item text: ""Can the child climb onto an object such as a chair or bench?""
Response: 1

Item ID: CREDI_C5
Item text: ""Is the child kind to younger children (e.g., speaks to them nicely and touches them gently)?""
Response: 1

Item ID: CREDI_C6
Item text: ""Does the child show curiosity to learn new things (e.g., by asking questions or exploring a new area)?""
Response: 1

Item ID: CREDI_C7
Item text: ""Can the child point to a person or object when asked (e.g., “where is mama?” or “where is the ball?”)?""
Response: 1

Item ID: CREDI_C8
Item text: ""Can the child kick a ball, or other round objects, forward using his/her foot?""
Response: 1

Item ID: CREDI_C9
Item text: ""Does the child involve others in play (i.e., play interactive games with other children)?""
Response: 1
    Now predict this person's response to the held-out item below.
    Held-out item ID: CREDI_C15
    Held-out item text: ""Does the child play with an object by making it something else? (e.g., imagining a bottle as a doll, a stone as a car, or a spoon as an airplane)""
    Return the predicted response as 0 or 1."
211_267_2022,CREDI_C16,"Can the child correctly name at least one family member other than mom and dad (e.g., name of brother, sister, aunt, uncle)?",0,0,Child shows zero responses in similar naming and language tasks.,39,"Below are the observed responses for one person.
    Observed item responses:
    Item ID: CREDI_B1
Item text: ""Can the child pick up a small object (e.g., a small toy or stone) using just one hand?""
Response: 1

Item ID: CREDI_B10
Item text: ""Can the child use gestures to indicate what he/she wants (e.g., put arms up to indicate that he/she wants to be held, or point to water)?""
Response: 1

Item ID: CREDI_B11
Item text: ""Can the child pick up and drop a small object (e.g., a small toy or stone) into a bucket or bowl while sitting?""
Response: 1

Item ID: CREDI_B12
Item text: ""Can the child throw a small ball or stone forward using his/her hand?""
Response: 1

Item ID: CREDI_B13
Item text: ""Can the child say one or more words (e.g., names like “mama” or “ba” for “ball”)?""
Response: 1

Item ID: CREDI_B14
Item text: ""Does the child ask you for help using signs or words when he/she cannot do something on his/her own (e.g., to reach an object up high)?""
Response: 1

Item ID: CREDI_B15
Item text: ""Can the child walk several steps while holding on to a person or object (e.g., wall or furniture)?""
Response: 1

Item ID: CREDI_B16
Item text: ""Can the child follow simple directions (e.g., “stand up” or “come here”)?""
Response: 1

Item ID: CREDI_B17
Item text: ""Can the child maintain a standing position on his/her own, without holding on or receiving support?""
Response: 1

Item ID: CREDI_B18
Item text: ""Can the child point to a person or object when asked (e.g., “where is mama?” or “where is the ball?”)?""
Response: 1

Item ID: CREDI_B19
Item text: ""Can the child climb onto an object, such as a chair or bench?""
Response: 0

Item ID: CREDI_B2
Item text: ""Does the child play by tapping an object on the ground or a table?""
Response: 1

Item ID: CREDI_B20
Item text: ""Can the child kick a ball, or other round objects, forward using his/her foot?""
Response: 1

Item ID: CREDI_B3
Item text: ""Does the child intentionally move or change his/her position to get objects that are out of reach?""
Response: 1

Item ID: CREDI_B4
Item text: ""If the child likes an object and someone hides it (e.g put it under the bedsheet or behind some object), does the child look for it?""
Response: 1

Item ID: CREDI_B5
Item text: ""Can the child hold him/herself in a sitting position without help or support for longer than a few seconds?""
Response: 1

Item ID: CREDI_B6
Item text: ""Does the child look at an object when someone says “look!” and points to it?""
Response: 1

Item ID: CREDI_B7
Item text: ""Can the child pick up and eat small pieces of food with his/her fingers?""
Response: 1

Item ID: CREDI_B8
Item text: ""Can the child crawl, roll, or scoot forward on his/her own?""
Response: 1

Item ID: CREDI_B9
Item text: ""Can the child transfer a small object (e.g., a small toy or stone) from one hand to the other?""
Response: 1

Item ID: CREDI_C1
Item text: ""Can the child maintain a standing position on his/her own, without holding on or receiving support?""
Response: 1

Item ID: CREDI_C10
Item text: ""Does the child show sympathy or look concerned when others are hurt or sad?""
Response: 0

Item ID: CREDI_C11
Item text: ""Can the child run more than a few steps without falling or bumping into objects?""
Response: 1

Item ID: CREDI_C12
Item text: ""Can the child drink from a cup (without a lid) on his/her own without spilling?""
Response: 1

Item ID: CREDI_C13
Item text: ""Can the child stack three or more small objects (e.g., blocks, cups, bottle caps) on top of each other?""
Response: 1

Item ID: CREDI_C14
Item text: ""Can the child answer simple questions (e.g., “do you want water?”) by saying “yes” or “no,” rather than nodding?""
Response: 0

Item ID: CREDI_C15
Item text: ""Does the child play with an object by making it something else? (e.g., imagining a bottle as a doll, a stone as a car, or a spoon as an airplane)""
Response: 0

Item ID: CREDI_C17
Item text: ""Can the child ask for something (e.g., food, water) by name when he/she wants it?""
Response: 1

Item ID: CREDI_C18
Item text: ""Can the child walk backwards?""
Response: 1

Item ID: CREDI_C19
Item text: ""If the child knows an object (like a cup or an animal) and you show it to him/her, can he/she tell its name every time?""
Response: 1

Item ID: CREDI_C2
Item text: ""Can the child follow simple directions (e.g., “stand up” or “come here”)?""
Response: 1

Item ID: CREDI_C20
Item text: ""Can the child say ten or more separate words (e.g., names like “mama” or objects like “ball”)?""
Response: 1

Item ID: CREDI_C3
Item text: ""Does the child imitate others’ behavior (e.g., washing hands or dishes)?""
Response: 1

Item ID: CREDI_C4
Item text: ""Can the child climb onto an object such as a chair or bench?""
Response: 1

Item ID: CREDI_C5
Item text: ""Is the child kind to younger children (e.g., speaks to them nicely and touches them gently)?""
Response: 1

Item ID: CREDI_C6
Item text: ""Does the child show curiosity to learn new things (e.g., by asking questions or exploring a new area)?""
Response: 1

Item ID: CREDI_C7
Item text: ""Can the child point to a person or object when asked (e.g., “where is mama?” or “where is the ball?”)?""
Response: 1

Item ID: CREDI_C8
Item text: ""Can the child kick a ball, or other round objects, forward using his/her foot?""
Response: 1

Item ID: CREDI_C9
Item text: ""Does the child involve others in play (i.e., play interactive games with other children)?""
Response: 1
    Now predict this person's response to the held-out item below.
    Held-out item ID: CREDI_C16
    Held-out item text: ""Can the child correctly name at least one family member other than mom and dad (e.g., name of brother, sister, aunt, uncle)?""
    Return the predicted response as 0 or 1."
211_267_2022,CREDI_C17,"Can the child ask for something (e.g., food, water) by name when he/she wants it?",1,1,Child says words and asks for help using signs or words.,39,"Below are the observed responses for one person.
    Observed item responses:
    Item ID: CREDI_B1
Item text: ""Can the child pick up a small object (e.g., a small toy or stone) using just one hand?""
Response: 1

Item ID: CREDI_B10
Item text: ""Can the child use gestures to indicate what he/she wants (e.g., put arms up to indicate that he/she wants to be held, or point to water)?""
Response: 1

Item ID: CREDI_B11
Item text: ""Can the child pick up and drop a small object (e.g., a small toy or stone) into a bucket or bowl while sitting?""
Response: 1

Item ID: CREDI_B12
Item text: ""Can the child throw a small ball or stone forward using his/her hand?""
Response: 1

Item ID: CREDI_B13
Item text: ""Can the child say one or more words (e.g., names like “mama” or “ba” for “ball”)?""
Response: 1

Item ID: CREDI_B14
Item text: ""Does the child ask you for help using signs or words when he/she cannot do something on his/her own (e.g., to reach an object up high)?""
Response: 1

Item ID: CREDI_B15
Item text: ""Can the child walk several steps while holding on to a person or object (e.g., wall or furniture)?""
Response: 1

Item ID: CREDI_B16
Item text: ""Can the child follow simple directions (e.g., “stand up” or “come here”)?""
Response: 1

Item ID: CREDI_B17
Item text: ""Can the child maintain a standing position on his/her own, without holding on or receiving support?""
Response: 1

Item ID: CREDI_B18
Item text: ""Can the child point to a person or object when asked (e.g., “where is mama?” or “where is the ball?”)?""
Response: 1

Item ID: CREDI_B19
Item text: ""Can the child climb onto an object, such as a chair or bench?""
Response: 0

Item ID: CREDI_B2
Item text: ""Does the child play by tapping an object on the ground or a table?""
Response: 1

Item ID: CREDI_B20
Item text: ""Can the child kick a ball, or other round objects, forward using his/her foot?""
Response: 1

Item ID: CREDI_B3
Item text: ""Does the child intentionally move or change his/her position to get objects that are out of reach?""
Response: 1

Item ID: CREDI_B4
Item text: ""If the child likes an object and someone hides it (e.g put it under the bedsheet or behind some object), does the child look for it?""
Response: 1

Item ID: CREDI_B5
Item text: ""Can the child hold him/herself in a sitting position without help or support for longer than a few seconds?""
Response: 1

Item ID: CREDI_B6
Item text: ""Does the child look at an object when someone says “look!” and points to it?""
Response: 1

Item ID: CREDI_B7
Item text: ""Can the child pick up and eat small pieces of food with his/her fingers?""
Response: 1

Item ID: CREDI_B8
Item text: ""Can the child crawl, roll, or scoot forward on his/her own?""
Response: 1

Item ID: CREDI_B9
Item text: ""Can the child transfer a small object (e.g., a small toy or stone) from one hand to the other?""
Response: 1

Item ID: CREDI_C1
Item text: ""Can the child maintain a standing position on his/her own, without holding on or receiving support?""
Response: 1

Item ID: CREDI_C10
Item text: ""Does the child show sympathy or look concerned when others are hurt or sad?""
Response: 0

Item ID: CREDI_C11
Item text: ""Can the child run more than a few steps without falling or bumping into objects?""
Response: 1

Item ID: CREDI_C12
Item text: ""Can the child drink from a cup (without a lid) on his/her own without spilling?""
Response: 1

Item ID: CREDI_C13
Item text: ""Can the child stack three or more small objects (e.g., blocks, cups, bottle caps) on top of each other?""
Response: 1

Item ID: CREDI_C14
Item text: ""Can the child answer simple questions (e.g., “do you want water?”) by saying “yes” or “no,” rather than nodding?""
Response: 0

Item ID: CREDI_C15
Item text: ""Does the child play with an object by making it something else? (e.g., imagining a bottle as a doll, a stone as a car, or a spoon as an airplane)""
Response: 0

Item ID: CREDI_C16
Item text: ""Can the child correctly name at least one family member other than mom and dad (e.g., name of brother, sister, aunt, uncle)?""
Response: 0

Item ID: CREDI_C18
Item text: ""Can the child walk backwards?""
Response: 1

Item ID: CREDI_C19
Item text: ""If the child knows an object (like a cup or an animal) and you show it to him/her, can he/she tell its name every time?""
Response: 1

Item ID: CREDI_C2
Item text: ""Can the child follow simple directions (e.g., “stand up” or “come here”)?""
Response: 1

Item ID: CREDI_C20
Item text: ""Can the child say ten or more separate words (e.g., names like “mama” or objects like “ball”)?""
Response: 1

Item ID: CREDI_C3
Item text: ""Does the child imitate others’ behavior (e.g., washing hands or dishes)?""
Response: 1

Item ID: CREDI_C4
Item text: ""Can the child climb onto an object such as a chair or bench?""
Response: 1

Item ID: CREDI_C5
Item text: ""Is the child kind to younger children (e.g., speaks to them nicely and touches them gently)?""
Response: 1

Item ID: CREDI_C6
Item text: ""Does the child show curiosity to learn new things (e.g., by asking questions or exploring a new area)?""
Response: 1

Item ID: CREDI_C7
Item text: ""Can the child point to a person or object when asked (e.g., “where is mama?” or “where is the ball?”)?""
Response: 1

Item ID: CREDI_C8
Item text: ""Can the child kick a ball, or other round objects, forward using his/her foot?""
Response: 1

Item ID: CREDI_C9
Item text: ""Does the child involve others in play (i.e., play interactive games with other children)?""
Response: 1
    Now predict this person's response to the held-out item below.
    Held-out item ID: CREDI_C17
    Held-out item text: ""Can the child ask for something (e.g., food, water) by name when he/she wants it?""
    Return the predicted response as 0 or 1."
211_267_2022,CREDI_C18,Can the child walk backwards?,1,1,Child walks independently and moves actively.,39,"Below are the observed responses for one person.
    Observed item responses:
    Item ID: CREDI_B1
Item text: ""Can the child pick up a small object (e.g., a small toy or stone) using just one hand?""
Response: 1

Item ID: CREDI_B10
Item text: ""Can the child use gestures to indicate what he/she wants (e.g., put arms up to indicate that he/she wants to be held, or point to water)?""
Response: 1

Item ID: CREDI_B11
Item text: ""Can the child pick up and drop a small object (e.g., a small toy or stone) into a bucket or bowl while sitting?""
Response: 1

Item ID: CREDI_B12
Item text: ""Can the child throw a small ball or stone forward using his/her hand?""
Response: 1

Item ID: CREDI_B13
Item text: ""Can the child say one or more words (e.g., names like “mama” or “ba” for “ball”)?""
Response: 1

Item ID: CREDI_B14
Item text: ""Does the child ask you for help using signs or words when he/she cannot do something on his/her own (e.g., to reach an object up high)?""
Response: 1

Item ID: CREDI_B15
Item text: ""Can the child walk several steps while holding on to a person or object (e.g., wall or furniture)?""
Response: 1

Item ID: CREDI_B16
Item text: ""Can the child follow simple directions (e.g., “stand up” or “come here”)?""
Response: 1

Item ID: CREDI_B17
Item text: ""Can the child maintain a standing position on his/her own, without holding on or receiving support?""
Response: 1

Item ID: CREDI_B18
Item text: ""Can the child point to a person or object when asked (e.g., “where is mama?” or “where is the ball?”)?""
Response: 1

Item ID: CREDI_B19
Item text: ""Can the child climb onto an object, such as a chair or bench?""
Response: 0

Item ID: CREDI_B2
Item text: ""Does the child play by tapping an object on the ground or a table?""
Response: 1

Item ID: CREDI_B20
Item text: ""Can the child kick a ball, or other round objects, forward using his/her foot?""
Response: 1

Item ID: CREDI_B3
Item text: ""Does the child intentionally move or change his/her position to get objects that are out of reach?""
Response: 1

Item ID: CREDI_B4
Item text: ""If the child likes an object and someone hides it (e.g put it under the bedsheet or behind some object), does the child look for it?""
Response: 1

Item ID: CREDI_B5
Item text: ""Can the child hold him/herself in a sitting position without help or support for longer than a few seconds?""
Response: 1

Item ID: CREDI_B6
Item text: ""Does the child look at an object when someone says “look!” and points to it?""
Response: 1

Item ID: CREDI_B7
Item text: ""Can the child pick up and eat small pieces of food with his/her fingers?""
Response: 1

Item ID: CREDI_B8
Item text: ""Can the child crawl, roll, or scoot forward on his/her own?""
Response: 1

Item ID: CREDI_B9
Item text: ""Can the child transfer a small object (e.g., a small toy or stone) from one hand to the other?""
Response: 1

Item ID: CREDI_C1
Item text: ""Can the child maintain a standing position on his/her own, without holding on or receiving support?""
Response: 1

Item ID: CREDI_C10
Item text: ""Does the child show sympathy or look concerned when others are hurt or sad?""
Response: 0

Item ID: CREDI_C11
Item text: ""Can the child run more than a few steps without falling or bumping into objects?""
Response: 1

Item ID: CREDI_C12
Item text: ""Can the child drink from a cup (without a lid) on his/her own without spilling?""
Response: 1

Item ID: CREDI_C13
Item text: ""Can the child stack three or more small objects (e.g., blocks, cups, bottle caps) on top of each other?""
Response: 1

Item ID: CREDI_C14
Item text: ""Can the child answer simple questions (e.g., “do you want water?”) by saying “yes” or “no,” rather than nodding?""
Response: 0

Item ID: CREDI_C15
Item text: ""Does the child play with an object by making it something else? (e.g., imagining a bottle as a doll, a stone as a car, or a spoon as an airplane)""
Response: 0

Item ID: CREDI_C16
Item text: ""Can the child correctly name at least one family member other than mom and dad (e.g., name of brother, sister, aunt, uncle)?""
Response: 0

Item ID: CREDI_C17
Item text: ""Can the child ask for something (e.g., food, water) by name when he/she wants it?""
Response: 1

Item ID: CREDI_C19
Item text: ""If the child knows an object (like a cup or an animal) and you show it to him/her, can he/she tell its name every time?""
Response: 1

Item ID: CREDI_C2
Item text: ""Can the child follow simple directions (e.g., “stand up” or “come here”)?""
Response: 1

Item ID: CREDI_C20
Item text: ""Can the child say ten or more separate words (e.g., names like “mama” or objects like “ball”)?""
Response: 1

Item ID: CREDI_C3
Item text: ""Does the child imitate others’ behavior (e.g., washing hands or dishes)?""
Response: 1

Item ID: CREDI_C4
Item text: ""Can the child climb onto an object such as a chair or bench?""
Response: 1

Item ID: CREDI_C5
Item text: ""Is the child kind to younger children (e.g., speaks to them nicely and touches them gently)?""
Response: 1

Item ID: CREDI_C6
Item text: ""Does the child show curiosity to learn new things (e.g., by asking questions or exploring a new area)?""
Response: 1

Item ID: CREDI_C7
Item text: ""Can the child point to a person or object when asked (e.g., “where is mama?” or “where is the ball?”)?""
Response: 1

Item ID: CREDI_C8
Item text: ""Can the child kick a ball, or other round objects, forward using his/her foot?""
Response: 1

Item ID: CREDI_C9
Item text: ""Does the child involve others in play (i.e., play interactive games with other children)?""
Response: 1
    Now predict this person's response to the held-out item below.
    Held-out item ID: CREDI_C18
    Held-out item text: ""Can the child walk backwards?""
    Return the predicted response as 0 or 1."
211_267_2022,CREDI_C19,"If the child knows an object (like a cup or an animal) and you show it to him/her, can he/she tell its name every time?",1,1,Child consistently names objects correctly.,39,"Below are the observed responses for one person.
    Observed item responses:
    Item ID: CREDI_B1
Item text: ""Can the child pick up a small object (e.g., a small toy or stone) using just one hand?""
Response: 1

Item ID: CREDI_B10
Item text: ""Can the child use gestures to indicate what he/she wants (e.g., put arms up to indicate that he/she wants to be held, or point to water)?""
Response: 1

Item ID: CREDI_B11
Item text: ""Can the child pick up and drop a small object (e.g., a small toy or stone) into a bucket or bowl while sitting?""
Response: 1

Item ID: CREDI_B12
Item text: ""Can the child throw a small ball or stone forward using his/her hand?""
Response: 1

Item ID: CREDI_B13
Item text: ""Can the child say one or more words (e.g., names like “mama” or “ba” for “ball”)?""
Response: 1

Item ID: CREDI_B14
Item text: ""Does the child ask you for help using signs or words when he/she cannot do something on his/her own (e.g., to reach an object up high)?""
Response: 1

Item ID: CREDI_B15
Item text: ""Can the child walk several steps while holding on to a person or object (e.g., wall or furniture)?""
Response: 1

Item ID: CREDI_B16
Item text: ""Can the child follow simple directions (e.g., “stand up” or “come here”)?""
Response: 1

Item ID: CREDI_B17
Item text: ""Can the child maintain a standing position on his/her own, without holding on or receiving support?""
Response: 1

Item ID: CREDI_B18
Item text: ""Can the child point to a person or object when asked (e.g., “where is mama?” or “where is the ball?”)?""
Response: 1

Item ID: CREDI_B19
Item text: ""Can the child climb onto an object, such as a chair or bench?""
Response: 0

Item ID: CREDI_B2
Item text: ""Does the child play by tapping an object on the ground or a table?""
Response: 1

Item ID: CREDI_B20
Item text: ""Can the child kick a ball, or other round objects, forward using his/her foot?""
Response: 1

Item ID: CREDI_B3
Item text: ""Does the child intentionally move or change his/her position to get objects that are out of reach?""
Response: 1

Item ID: CREDI_B4
Item text: ""If the child likes an object and someone hides it (e.g put it under the bedsheet or behind some object), does the child look for it?""
Response: 1

Item ID: CREDI_B5
Item text: ""Can the child hold him/herself in a sitting position without help or support for longer than a few seconds?""
Response: 1

Item ID: CREDI_B6
Item text: ""Does the child look at an object when someone says “look!” and points to it?""
Response: 1

Item ID: CREDI_B7
Item text: ""Can the child pick up and eat small pieces of food with his/her fingers?""
Response: 1

Item ID: CREDI_B8
Item text: ""Can the child crawl, roll, or scoot forward on his/her own?""
Response: 1

Item ID: CREDI_B9
Item text: ""Can the child transfer a small object (e.g., a small toy or stone) from one hand to the other?""
Response: 1

Item ID: CREDI_C1
Item text: ""Can the child maintain a standing position on his/her own, without holding on or receiving support?""
Response: 1

Item ID: CREDI_C10
Item text: ""Does the child show sympathy or look concerned when others are hurt or sad?""
Response: 0

Item ID: CREDI_C11
Item text: ""Can the child run more than a few steps without falling or bumping into objects?""
Response: 1

Item ID: CREDI_C12
Item text: ""Can the child drink from a cup (without a lid) on his/her own without spilling?""
Response: 1

Item ID: CREDI_C13
Item text: ""Can the child stack three or more small objects (e.g., blocks, cups, bottle caps) on top of each other?""
Response: 1

Item ID: CREDI_C14
Item text: ""Can the child answer simple questions (e.g., “do you want water?”) by saying “yes” or “no,” rather than nodding?""
Response: 0

Item ID: CREDI_C15
Item text: ""Does the child play with an object by making it something else? (e.g., imagining a bottle as a doll, a stone as a car, or a spoon as an airplane)""
Response: 0

Item ID: CREDI_C16
Item text: ""Can the child correctly name at least one family member other than mom and dad (e.g., name of brother, sister, aunt, uncle)?""
Response: 0

Item ID: CREDI_C17
Item text: ""Can the child ask for something (e.g., food, water) by name when he/she wants it?""
Response: 1

Item ID: CREDI_C18
Item text: ""Can the child walk backwards?""
Response: 1

Item ID: CREDI_C2
Item text: ""Can the child follow simple directions (e.g., “stand up” or “come here”)?""
Response: 1

Item ID: CREDI_C20
Item text: ""Can the child say ten or more separate words (e.g., names like “mama” or objects like “ball”)?""
Response: 1

Item ID: CREDI_C3
Item text: ""Does the child imitate others’ behavior (e.g., washing hands or dishes)?""
Response: 1

Item ID: CREDI_C4
Item text: ""Can the child climb onto an object such as a chair or bench?""
Response: 1

Item ID: CREDI_C5
Item text: ""Is the child kind to younger children (e.g., speaks to them nicely and touches them gently)?""
Response: 1

Item ID: CREDI_C6
Item text: ""Does the child show curiosity to learn new things (e.g., by asking questions or exploring a new area)?""
Response: 1

Item ID: CREDI_C7
Item text: ""Can the child point to a person or object when asked (e.g., “where is mama?” or “where is the ball?”)?""
Response: 1

Item ID: CREDI_C8
Item text: ""Can the child kick a ball, or other round objects, forward using his/her foot?""
Response: 1

Item ID: CREDI_C9
Item text: ""Does the child involve others in play (i.e., play interactive games with other children)?""
Response: 1
    Now predict this person's response to the held-out item below.
    Held-out item ID: CREDI_C19
    Held-out item text: ""If the child knows an object (like a cup or an animal) and you show it to him/her, can he/she tell its name every time?""
    Return the predicted response as 0 or 1."
211_267_2022,CREDI_C2,"Can the child follow simple directions (e.g., “stand up” or “come here”)?",1,1,Child consistently follows simple directions.,39,"Below are the observed responses for one person.
    Observed item responses:
    Item ID: CREDI_B1
Item text: ""Can the child pick up a small object (e.g., a small toy or stone) using just one hand?""
Response: 1

Item ID: CREDI_B10
Item text: ""Can the child use gestures to indicate what he/she wants (e.g., put arms up to indicate that he/she wants to be held, or point to water)?""
Response: 1

Item ID: CREDI_B11
Item text: ""Can the child pick up and drop a small object (e.g., a small toy or stone) into a bucket or bowl while sitting?""
Response: 1

Item ID: CREDI_B12
Item text: ""Can the child throw a small ball or stone forward using his/her hand?""
Response: 1

Item ID: CREDI_B13
Item text: ""Can the child say one or more words (e.g., names like “mama” or “ba” for “ball”)?""
Response: 1

Item ID: CREDI_B14
Item text: ""Does the child ask you for help using signs or words when he/she cannot do something on his/her own (e.g., to reach an object up high)?""
Response: 1

Item ID: CREDI_B15
Item text: ""Can the child walk several steps while holding on to a person or object (e.g., wall or furniture)?""
Response: 1

Item ID: CREDI_B16
Item text: ""Can the child follow simple directions (e.g., “stand up” or “come here”)?""
Response: 1

Item ID: CREDI_B17
Item text: ""Can the child maintain a standing position on his/her own, without holding on or receiving support?""
Response: 1

Item ID: CREDI_B18
Item text: ""Can the child point to a person or object when asked (e.g., “where is mama?” or “where is the ball?”)?""
Response: 1

Item ID: CREDI_B19
Item text: ""Can the child climb onto an object, such as a chair or bench?""
Response: 0

Item ID: CREDI_B2
Item text: ""Does the child play by tapping an object on the ground or a table?""
Response: 1

Item ID: CREDI_B20
Item text: ""Can the child kick a ball, or other round objects, forward using his/her foot?""
Response: 1

Item ID: CREDI_B3
Item text: ""Does the child intentionally move or change his/her position to get objects that are out of reach?""
Response: 1

Item ID: CREDI_B4
Item text: ""If the child likes an object and someone hides it (e.g put it under the bedsheet or behind some object), does the child look for it?""
Response: 1

Item ID: CREDI_B5
Item text: ""Can the child hold him/herself in a sitting position without help or support for longer than a few seconds?""
Response: 1

Item ID: CREDI_B6
Item text: ""Does the child look at an object when someone says “look!” and points to it?""
Response: 1

Item ID: CREDI_B7
Item text: ""Can the child pick up and eat small pieces of food with his/her fingers?""
Response: 1

Item ID: CREDI_B8
Item text: ""Can the child crawl, roll, or scoot forward on his/her own?""
Response: 1

Item ID: CREDI_B9
Item text: ""Can the child transfer a small object (e.g., a small toy or stone) from one hand to the other?""
Response: 1

Item ID: CREDI_C1
Item text: ""Can the child maintain a standing position on his/her own, without holding on or receiving support?""
Response: 1

Item ID: CREDI_C10
Item text: ""Does the child show sympathy or look concerned when others are hurt or sad?""
Response: 0

Item ID: CREDI_C11
Item text: ""Can the child run more than a few steps without falling or bumping into objects?""
Response: 1

Item ID: CREDI_C12
Item text: ""Can the child drink from a cup (without a lid) on his/her own without spilling?""
Response: 1

Item ID: CREDI_C13
Item text: ""Can the child stack three or more small objects (e.g., blocks, cups, bottle caps) on top of each other?""
Response: 1

Item ID: CREDI_C14
Item text: ""Can the child answer simple questions (e.g., “do you want water?”) by saying “yes” or “no,” rather than nodding?""
Response: 0

Item ID: CREDI_C15
Item text: ""Does the child play with an object by making it something else? (e.g., imagining a bottle as a doll, a stone as a car, or a spoon as an airplane)""
Response: 0

Item ID: CREDI_C16
Item text: ""Can the child correctly name at least one family member other than mom and dad (e.g., name of brother, sister, aunt, uncle)?""
Response: 0

Item ID: CREDI_C17
Item text: ""Can the child ask for something (e.g., food, water) by name when he/she wants it?""
Response: 1

Item ID: CREDI_C18
Item text: ""Can the child walk backwards?""
Response: 1

Item ID: CREDI_C19
Item text: ""If the child knows an object (like a cup or an animal) and you show it to him/her, can he/she tell its name every time?""
Response: 1

Item ID: CREDI_C20
Item text: ""Can the child say ten or more separate words (e.g., names like “mama” or objects like “ball”)?""
Response: 1

Item ID: CREDI_C3
Item text: ""Does the child imitate others’ behavior (e.g., washing hands or dishes)?""
Response: 1

Item ID: CREDI_C4
Item text: ""Can the child climb onto an object such as a chair or bench?""
Response: 1

Item ID: CREDI_C5
Item text: ""Is the child kind to younger children (e.g., speaks to them nicely and touches them gently)?""
Response: 1

Item ID: CREDI_C6
Item text: ""Does the child show curiosity to learn new things (e.g., by asking questions or exploring a new area)?""
Response: 1

Item ID: CREDI_C7
Item text: ""Can the child point to a person or object when asked (e.g., “where is mama?” or “where is the ball?”)?""
Response: 1

Item ID: CREDI_C8
Item text: ""Can the child kick a ball, or other round objects, forward using his/her foot?""
Response: 1

Item ID: CREDI_C9
Item text: ""Does the child involve others in play (i.e., play interactive games with other children)?""
Response: 1
    Now predict this person's response to the held-out item below.
    Held-out item ID: CREDI_C2
    Held-out item text: ""Can the child follow simple directions (e.g., “stand up” or “come here”)?""
    Return the predicted response as 0 or 1."
211_267_2022,CREDI_C20,"Can the child say ten or more separate words (e.g., names like “mama” or objects like “ball”)?",1,1,Child says one or more words and asks by name.,39,"Below are the observed responses for one person.
    Observed item responses:
    Item ID: CREDI_B1
Item text: ""Can the child pick up a small object (e.g., a small toy or stone) using just one hand?""
Response: 1

Item ID: CREDI_B10
Item text: ""Can the child use gestures to indicate what he/she wants (e.g., put arms up to indicate that he/she wants to be held, or point to water)?""
Response: 1

Item ID: CREDI_B11
Item text: ""Can the child pick up and drop a small object (e.g., a small toy or stone) into a bucket or bowl while sitting?""
Response: 1

Item ID: CREDI_B12
Item text: ""Can the child throw a small ball or stone forward using his/her hand?""
Response: 1

Item ID: CREDI_B13
Item text: ""Can the child say one or more words (e.g., names like “mama” or “ba” for “ball”)?""
Response: 1

Item ID: CREDI_B14
Item text: ""Does the child ask you for help using signs or words when he/she cannot do something on his/her own (e.g., to reach an object up high)?""
Response: 1

Item ID: CREDI_B15
Item text: ""Can the child walk several steps while holding on to a person or object (e.g., wall or furniture)?""
Response: 1

Item ID: CREDI_B16
Item text: ""Can the child follow simple directions (e.g., “stand up” or “come here”)?""
Response: 1

Item ID: CREDI_B17
Item text: ""Can the child maintain a standing position on his/her own, without holding on or receiving support?""
Response: 1

Item ID: CREDI_B18
Item text: ""Can the child point to a person or object when asked (e.g., “where is mama?” or “where is the ball?”)?""
Response: 1

Item ID: CREDI_B19
Item text: ""Can the child climb onto an object, such as a chair or bench?""
Response: 0

Item ID: CREDI_B2
Item text: ""Does the child play by tapping an object on the ground or a table?""
Response: 1

Item ID: CREDI_B20
Item text: ""Can the child kick a ball, or other round objects, forward using his/her foot?""
Response: 1

Item ID: CREDI_B3
Item text: ""Does the child intentionally move or change his/her position to get objects that are out of reach?""
Response: 1

Item ID: CREDI_B4
Item text: ""If the child likes an object and someone hides it (e.g put it under the bedsheet or behind some object), does the child look for it?""
Response: 1

Item ID: CREDI_B5
Item text: ""Can the child hold him/herself in a sitting position without help or support for longer than a few seconds?""
Response: 1

Item ID: CREDI_B6
Item text: ""Does the child look at an object when someone says “look!” and points to it?""
Response: 1

Item ID: CREDI_B7
Item text: ""Can the child pick up and eat small pieces of food with his/her fingers?""
Response: 1

Item ID: CREDI_B8
Item text: ""Can the child crawl, roll, or scoot forward on his/her own?""
Response: 1

Item ID: CREDI_B9
Item text: ""Can the child transfer a small object (e.g., a small toy or stone) from one hand to the other?""
Response: 1

Item ID: CREDI_C1
Item text: ""Can the child maintain a standing position on his/her own, without holding on or receiving support?""
Response: 1

Item ID: CREDI_C10
Item text: ""Does the child show sympathy or look concerned when others are hurt or sad?""
Response: 0

Item ID: CREDI_C11
Item text: ""Can the child run more than a few steps without falling or bumping into objects?""
Response: 1

Item ID: CREDI_C12
Item text: ""Can the child drink from a cup (without a lid) on his/her own without spilling?""
Response: 1

Item ID: CREDI_C13
Item text: ""Can the child stack three or more small objects (e.g., blocks, cups, bottle caps) on top of each other?""
Response: 1

Item ID: CREDI_C14
Item text: ""Can the child answer simple questions (e.g., “do you want water?”) by saying “yes” or “no,” rather than nodding?""
Response: 0

Item ID: CREDI_C15
Item text: ""Does the child play with an object by making it something else? (e.g., imagining a bottle as a doll, a stone as a car, or a spoon as an airplane)""
Response: 0

Item ID: CREDI_C16
Item text: ""Can the child correctly name at least one family member other than mom and dad (e.g., name of brother, sister, aunt, uncle)?""
Response: 0

Item ID: CREDI_C17
Item text: ""Can the child ask for something (e.g., food, water) by name when he/she wants it?""
Response: 1

Item ID: CREDI_C18
Item text: ""Can the child walk backwards?""
Response: 1

Item ID: CREDI_C19
Item text: ""If the child knows an object (like a cup or an animal) and you show it to him/her, can he/she tell its name every time?""
Response: 1

Item ID: CREDI_C2
Item text: ""Can the child follow simple directions (e.g., “stand up” or “come here”)?""
Response: 1

Item ID: CREDI_C3
Item text: ""Does the child imitate others’ behavior (e.g., washing hands or dishes)?""
Response: 1

Item ID: CREDI_C4
Item text: ""Can the child climb onto an object such as a chair or bench?""
Response: 1

Item ID: CREDI_C5
Item text: ""Is the child kind to younger children (e.g., speaks to them nicely and touches them gently)?""
Response: 1

Item ID: CREDI_C6
Item text: ""Does the child show curiosity to learn new things (e.g., by asking questions or exploring a new area)?""
Response: 1

Item ID: CREDI_C7
Item text: ""Can the child point to a person or object when asked (e.g., “where is mama?” or “where is the ball?”)?""
Response: 1

Item ID: CREDI_C8
Item text: ""Can the child kick a ball, or other round objects, forward using his/her foot?""
Response: 1

Item ID: CREDI_C9
Item text: ""Does the child involve others in play (i.e., play interactive games with other children)?""
Response: 1
    Now predict this person's response to the held-out item below.
    Held-out item ID: CREDI_C20
    Held-out item text: ""Can the child say ten or more separate words (e.g., names like “mama” or objects like “ball”)?""
    Return the predicted response as 0 or 1."
211_267_2022,CREDI_C3,"Does the child imitate others’ behavior (e.g., washing hands or dishes)?",1,1,Child imitates behavior and interacts well socially.,39,"Below are the observed responses for one person.
    Observed item responses:
    Item ID: CREDI_B1
Item text: ""Can the child pick up a small object (e.g., a small toy or stone) using just one hand?""
Response: 1

Item ID: CREDI_B10
Item text: ""Can the child use gestures to indicate what he/she wants (e.g., put arms up to indicate that he/she wants to be held, or point to water)?""
Response: 1

Item ID: CREDI_B11
Item text: ""Can the child pick up and drop a small object (e.g., a small toy or stone) into a bucket or bowl while sitting?""
Response: 1

Item ID: CREDI_B12
Item text: ""Can the child throw a small ball or stone forward using his/her hand?""
Response: 1

Item ID: CREDI_B13
Item text: ""Can the child say one or more words (e.g., names like “mama” or “ba” for “ball”)?""
Response: 1

Item ID: CREDI_B14
Item text: ""Does the child ask you for help using signs or words when he/she cannot do something on his/her own (e.g., to reach an object up high)?""
Response: 1

Item ID: CREDI_B15
Item text: ""Can the child walk several steps while holding on to a person or object (e.g., wall or furniture)?""
Response: 1

Item ID: CREDI_B16
Item text: ""Can the child follow simple directions (e.g., “stand up” or “come here”)?""
Response: 1

Item ID: CREDI_B17
Item text: ""Can the child maintain a standing position on his/her own, without holding on or receiving support?""
Response: 1

Item ID: CREDI_B18
Item text: ""Can the child point to a person or object when asked (e.g., “where is mama?” or “where is the ball?”)?""
Response: 1

Item ID: CREDI_B19
Item text: ""Can the child climb onto an object, such as a chair or bench?""
Response: 0

Item ID: CREDI_B2
Item text: ""Does the child play by tapping an object on the ground or a table?""
Response: 1

Item ID: CREDI_B20
Item text: ""Can the child kick a ball, or other round objects, forward using his/her foot?""
Response: 1

Item ID: CREDI_B3
Item text: ""Does the child intentionally move or change his/her position to get objects that are out of reach?""
Response: 1

Item ID: CREDI_B4
Item text: ""If the child likes an object and someone hides it (e.g put it under the bedsheet or behind some object), does the child look for it?""
Response: 1

Item ID: CREDI_B5
Item text: ""Can the child hold him/herself in a sitting position without help or support for longer than a few seconds?""
Response: 1

Item ID: CREDI_B6
Item text: ""Does the child look at an object when someone says “look!” and points to it?""
Response: 1

Item ID: CREDI_B7
Item text: ""Can the child pick up and eat small pieces of food with his/her fingers?""
Response: 1

Item ID: CREDI_B8
Item text: ""Can the child crawl, roll, or scoot forward on his/her own?""
Response: 1

Item ID: CREDI_B9
Item text: ""Can the child transfer a small object (e.g., a small toy or stone) from one hand to the other?""
Response: 1

Item ID: CREDI_C1
Item text: ""Can the child maintain a standing position on his/her own, without holding on or receiving support?""
Response: 1

Item ID: CREDI_C10
Item text: ""Does the child show sympathy or look concerned when others are hurt or sad?""
Response: 0

Item ID: CREDI_C11
Item text: ""Can the child run more than a few steps without falling or bumping into objects?""
Response: 1

Item ID: CREDI_C12
Item text: ""Can the child drink from a cup (without a lid) on his/her own without spilling?""
Response: 1

Item ID: CREDI_C13
Item text: ""Can the child stack three or more small objects (e.g., blocks, cups, bottle caps) on top of each other?""
Response: 1

Item ID: CREDI_C14
Item text: ""Can the child answer simple questions (e.g., “do you want water?”) by saying “yes” or “no,” rather than nodding?""
Response: 0

Item ID: CREDI_C15
Item text: ""Does the child play with an object by making it something else? (e.g., imagining a bottle as a doll, a stone as a car, or a spoon as an airplane)""
Response: 0

Item ID: CREDI_C16
Item text: ""Can the child correctly name at least one family member other than mom and dad (e.g., name of brother, sister, aunt, uncle)?""
Response: 0

Item ID: CREDI_C17
Item text: ""Can the child ask for something (e.g., food, water) by name when he/she wants it?""
Response: 1

Item ID: CREDI_C18
Item text: ""Can the child walk backwards?""
Response: 1

Item ID: CREDI_C19
Item text: ""If the child knows an object (like a cup or an animal) and you show it to him/her, can he/she tell its name every time?""
Response: 1

Item ID: CREDI_C2
Item text: ""Can the child follow simple directions (e.g., “stand up” or “come here”)?""
Response: 1

Item ID: CREDI_C20
Item text: ""Can the child say ten or more separate words (e.g., names like “mama” or objects like “ball”)?""
Response: 1

Item ID: CREDI_C4
Item text: ""Can the child climb onto an object such as a chair or bench?""
Response: 1

Item ID: CREDI_C5
Item text: ""Is the child kind to younger children (e.g., speaks to them nicely and touches them gently)?""
Response: 1

Item ID: CREDI_C6
Item text: ""Does the child show curiosity to learn new things (e.g., by asking questions or exploring a new area)?""
Response: 1

Item ID: CREDI_C7
Item text: ""Can the child point to a person or object when asked (e.g., “where is mama?” or “where is the ball?”)?""
Response: 1

Item ID: CREDI_C8
Item text: ""Can the child kick a ball, or other round objects, forward using his/her foot?""
Response: 1

Item ID: CREDI_C9
Item text: ""Does the child involve others in play (i.e., play interactive games with other children)?""
Response: 1
    Now predict this person's response to the held-out item below.
    Held-out item ID: CREDI_C3
    Held-out item text: ""Does the child imitate others’ behavior (e.g., washing hands or dishes)?""
    Return the predicted response as 0 or 1."
211_267_2022,CREDI_C4,Can the child climb onto an object such as a chair or bench?,1,1,Child imitates and interacts well; likely climbs onto objects.,39,"Below are the observed responses for one person.
    Observed item responses:
    Item ID: CREDI_B1
Item text: ""Can the child pick up a small object (e.g., a small toy or stone) using just one hand?""
Response: 1

Item ID: CREDI_B10
Item text: ""Can the child use gestures to indicate what he/she wants (e.g., put arms up to indicate that he/she wants to be held, or point to water)?""
Response: 1

Item ID: CREDI_B11
Item text: ""Can the child pick up and drop a small object (e.g., a small toy or stone) into a bucket or bowl while sitting?""
Response: 1

Item ID: CREDI_B12
Item text: ""Can the child throw a small ball or stone forward using his/her hand?""
Response: 1

Item ID: CREDI_B13
Item text: ""Can the child say one or more words (e.g., names like “mama” or “ba” for “ball”)?""
Response: 1

Item ID: CREDI_B14
Item text: ""Does the child ask you for help using signs or words when he/she cannot do something on his/her own (e.g., to reach an object up high)?""
Response: 1

Item ID: CREDI_B15
Item text: ""Can the child walk several steps while holding on to a person or object (e.g., wall or furniture)?""
Response: 1

Item ID: CREDI_B16
Item text: ""Can the child follow simple directions (e.g., “stand up” or “come here”)?""
Response: 1

Item ID: CREDI_B17
Item text: ""Can the child maintain a standing position on his/her own, without holding on or receiving support?""
Response: 1

Item ID: CREDI_B18
Item text: ""Can the child point to a person or object when asked (e.g., “where is mama?” or “where is the ball?”)?""
Response: 1

Item ID: CREDI_B19
Item text: ""Can the child climb onto an object, such as a chair or bench?""
Response: 0

Item ID: CREDI_B2
Item text: ""Does the child play by tapping an object on the ground or a table?""
Response: 1

Item ID: CREDI_B20
Item text: ""Can the child kick a ball, or other round objects, forward using his/her foot?""
Response: 1

Item ID: CREDI_B3
Item text: ""Does the child intentionally move or change his/her position to get objects that are out of reach?""
Response: 1

Item ID: CREDI_B4
Item text: ""If the child likes an object and someone hides it (e.g put it under the bedsheet or behind some object), does the child look for it?""
Response: 1

Item ID: CREDI_B5
Item text: ""Can the child hold him/herself in a sitting position without help or support for longer than a few seconds?""
Response: 1

Item ID: CREDI_B6
Item text: ""Does the child look at an object when someone says “look!” and points to it?""
Response: 1

Item ID: CREDI_B7
Item text: ""Can the child pick up and eat small pieces of food with his/her fingers?""
Response: 1

Item ID: CREDI_B8
Item text: ""Can the child crawl, roll, or scoot forward on his/her own?""
Response: 1

Item ID: CREDI_B9
Item text: ""Can the child transfer a small object (e.g., a small toy or stone) from one hand to the other?""
Response: 1

Item ID: CREDI_C1
Item text: ""Can the child maintain a standing position on his/her own, without holding on or receiving support?""
Response: 1

Item ID: CREDI_C10
Item text: ""Does the child show sympathy or look concerned when others are hurt or sad?""
Response: 0

Item ID: CREDI_C11
Item text: ""Can the child run more than a few steps without falling or bumping into objects?""
Response: 1

Item ID: CREDI_C12
Item text: ""Can the child drink from a cup (without a lid) on his/her own without spilling?""
Response: 1

Item ID: CREDI_C13
Item text: ""Can the child stack three or more small objects (e.g., blocks, cups, bottle caps) on top of each other?""
Response: 1

Item ID: CREDI_C14
Item text: ""Can the child answer simple questions (e.g., “do you want water?”) by saying “yes” or “no,” rather than nodding?""
Response: 0

Item ID: CREDI_C15
Item text: ""Does the child play with an object by making it something else? (e.g., imagining a bottle as a doll, a stone as a car, or a spoon as an airplane)""
Response: 0

Item ID: CREDI_C16
Item text: ""Can the child correctly name at least one family member other than mom and dad (e.g., name of brother, sister, aunt, uncle)?""
Response: 0

Item ID: CREDI_C17
Item text: ""Can the child ask for something (e.g., food, water) by name when he/she wants it?""
Response: 1

Item ID: CREDI_C18
Item text: ""Can the child walk backwards?""
Response: 1

Item ID: CREDI_C19
Item text: ""If the child knows an object (like a cup or an animal) and you show it to him/her, can he/she tell its name every time?""
Response: 1

Item ID: CREDI_C2
Item text: ""Can the child follow simple directions (e.g., “stand up” or “come here”)?""
Response: 1

Item ID: CREDI_C20
Item text: ""Can the child say ten or more separate words (e.g., names like “mama” or objects like “ball”)?""
Response: 1

Item ID: CREDI_C3
Item text: ""Does the child imitate others’ behavior (e.g., washing hands or dishes)?""
Response: 1

Item ID: CREDI_C5
Item text: ""Is the child kind to younger children (e.g., speaks to them nicely and touches them gently)?""
Response: 1

Item ID: CREDI_C6
Item text: ""Does the child show curiosity to learn new things (e.g., by asking questions or exploring a new area)?""
Response: 1

Item ID: CREDI_C7
Item text: ""Can the child point to a person or object when asked (e.g., “where is mama?” or “where is the ball?”)?""
Response: 1

Item ID: CREDI_C8
Item text: ""Can the child kick a ball, or other round objects, forward using his/her foot?""
Response: 1

Item ID: CREDI_C9
Item text: ""Does the child involve others in play (i.e., play interactive games with other children)?""
Response: 1
    Now predict this person's response to the held-out item below.
    Held-out item ID: CREDI_C4
    Held-out item text: ""Can the child climb onto an object such as a chair or bench?""
    Return the predicted response as 0 or 1."
211_267_2022,CREDI_C5,"Is the child kind to younger children (e.g., speaks to them nicely and touches them gently)?",1,1,Child shows positive social behaviors and interacts well.,39,"Below are the observed responses for one person.
    Observed item responses:
    Item ID: CREDI_B1
Item text: ""Can the child pick up a small object (e.g., a small toy or stone) using just one hand?""
Response: 1

Item ID: CREDI_B10
Item text: ""Can the child use gestures to indicate what he/she wants (e.g., put arms up to indicate that he/she wants to be held, or point to water)?""
Response: 1

Item ID: CREDI_B11
Item text: ""Can the child pick up and drop a small object (e.g., a small toy or stone) into a bucket or bowl while sitting?""
Response: 1

Item ID: CREDI_B12
Item text: ""Can the child throw a small ball or stone forward using his/her hand?""
Response: 1

Item ID: CREDI_B13
Item text: ""Can the child say one or more words (e.g., names like “mama” or “ba” for “ball”)?""
Response: 1

Item ID: CREDI_B14
Item text: ""Does the child ask you for help using signs or words when he/she cannot do something on his/her own (e.g., to reach an object up high)?""
Response: 1

Item ID: CREDI_B15
Item text: ""Can the child walk several steps while holding on to a person or object (e.g., wall or furniture)?""
Response: 1

Item ID: CREDI_B16
Item text: ""Can the child follow simple directions (e.g., “stand up” or “come here”)?""
Response: 1

Item ID: CREDI_B17
Item text: ""Can the child maintain a standing position on his/her own, without holding on or receiving support?""
Response: 1

Item ID: CREDI_B18
Item text: ""Can the child point to a person or object when asked (e.g., “where is mama?” or “where is the ball?”)?""
Response: 1

Item ID: CREDI_B19
Item text: ""Can the child climb onto an object, such as a chair or bench?""
Response: 0

Item ID: CREDI_B2
Item text: ""Does the child play by tapping an object on the ground or a table?""
Response: 1

Item ID: CREDI_B20
Item text: ""Can the child kick a ball, or other round objects, forward using his/her foot?""
Response: 1

Item ID: CREDI_B3
Item text: ""Does the child intentionally move or change his/her position to get objects that are out of reach?""
Response: 1

Item ID: CREDI_B4
Item text: ""If the child likes an object and someone hides it (e.g put it under the bedsheet or behind some object), does the child look for it?""
Response: 1

Item ID: CREDI_B5
Item text: ""Can the child hold him/herself in a sitting position without help or support for longer than a few seconds?""
Response: 1

Item ID: CREDI_B6
Item text: ""Does the child look at an object when someone says “look!” and points to it?""
Response: 1

Item ID: CREDI_B7
Item text: ""Can the child pick up and eat small pieces of food with his/her fingers?""
Response: 1

Item ID: CREDI_B8
Item text: ""Can the child crawl, roll, or scoot forward on his/her own?""
Response: 1

Item ID: CREDI_B9
Item text: ""Can the child transfer a small object (e.g., a small toy or stone) from one hand to the other?""
Response: 1

Item ID: CREDI_C1
Item text: ""Can the child maintain a standing position on his/her own, without holding on or receiving support?""
Response: 1

Item ID: CREDI_C10
Item text: ""Does the child show sympathy or look concerned when others are hurt or sad?""
Response: 0

Item ID: CREDI_C11
Item text: ""Can the child run more than a few steps without falling or bumping into objects?""
Response: 1

Item ID: CREDI_C12
Item text: ""Can the child drink from a cup (without a lid) on his/her own without spilling?""
Response: 1

Item ID: CREDI_C13
Item text: ""Can the child stack three or more small objects (e.g., blocks, cups, bottle caps) on top of each other?""
Response: 1

Item ID: CREDI_C14
Item text: ""Can the child answer simple questions (e.g., “do you want water?”) by saying “yes” or “no,” rather than nodding?""
Response: 0

Item ID: CREDI_C15
Item text: ""Does the child play with an object by making it something else? (e.g., imagining a bottle as a doll, a stone as a car, or a spoon as an airplane)""
Response: 0

Item ID: CREDI_C16
Item text: ""Can the child correctly name at least one family member other than mom and dad (e.g., name of brother, sister, aunt, uncle)?""
Response: 0

Item ID: CREDI_C17
Item text: ""Can the child ask for something (e.g., food, water) by name when he/she wants it?""
Response: 1

Item ID: CREDI_C18
Item text: ""Can the child walk backwards?""
Response: 1

Item ID: CREDI_C19
Item text: ""If the child knows an object (like a cup or an animal) and you show it to him/her, can he/she tell its name every time?""
Response: 1

Item ID: CREDI_C2
Item text: ""Can the child follow simple directions (e.g., “stand up” or “come here”)?""
Response: 1

Item ID: CREDI_C20
Item text: ""Can the child say ten or more separate words (e.g., names like “mama” or objects like “ball”)?""
Response: 1

Item ID: CREDI_C3
Item text: ""Does the child imitate others’ behavior (e.g., washing hands or dishes)?""
Response: 1

Item ID: CREDI_C4
Item text: ""Can the child climb onto an object such as a chair or bench?""
Response: 1

Item ID: CREDI_C6
Item text: ""Does the child show curiosity to learn new things (e.g., by asking questions or exploring a new area)?""
Response: 1

Item ID: CREDI_C7
Item text: ""Can the child point to a person or object when asked (e.g., “where is mama?” or “where is the ball?”)?""
Response: 1

Item ID: CREDI_C8
Item text: ""Can the child kick a ball, or other round objects, forward using his/her foot?""
Response: 1

Item ID: CREDI_C9
Item text: ""Does the child involve others in play (i.e., play interactive games with other children)?""
Response: 1
    Now predict this person's response to the held-out item below.
    Held-out item ID: CREDI_C5
    Held-out item text: ""Is the child kind to younger children (e.g., speaks to them nicely and touches them gently)?""
    Return the predicted response as 0 or 1."
211_267_2022,CREDI_C6,"Does the child show curiosity to learn new things (e.g., by asking questions or exploring a new area)?",1,1,"Child imitates, explores, and interacts eagerly.",39,"Below are the observed responses for one person.
    Observed item responses:
    Item ID: CREDI_B1
Item text: ""Can the child pick up a small object (e.g., a small toy or stone) using just one hand?""
Response: 1

Item ID: CREDI_B10
Item text: ""Can the child use gestures to indicate what he/she wants (e.g., put arms up to indicate that he/she wants to be held, or point to water)?""
Response: 1

Item ID: CREDI_B11
Item text: ""Can the child pick up and drop a small object (e.g., a small toy or stone) into a bucket or bowl while sitting?""
Response: 1

Item ID: CREDI_B12
Item text: ""Can the child throw a small ball or stone forward using his/her hand?""
Response: 1

Item ID: CREDI_B13
Item text: ""Can the child say one or more words (e.g., names like “mama” or “ba” for “ball”)?""
Response: 1

Item ID: CREDI_B14
Item text: ""Does the child ask you for help using signs or words when he/she cannot do something on his/her own (e.g., to reach an object up high)?""
Response: 1

Item ID: CREDI_B15
Item text: ""Can the child walk several steps while holding on to a person or object (e.g., wall or furniture)?""
Response: 1

Item ID: CREDI_B16
Item text: ""Can the child follow simple directions (e.g., “stand up” or “come here”)?""
Response: 1

Item ID: CREDI_B17
Item text: ""Can the child maintain a standing position on his/her own, without holding on or receiving support?""
Response: 1

Item ID: CREDI_B18
Item text: ""Can the child point to a person or object when asked (e.g., “where is mama?” or “where is the ball?”)?""
Response: 1

Item ID: CREDI_B19
Item text: ""Can the child climb onto an object, such as a chair or bench?""
Response: 0

Item ID: CREDI_B2
Item text: ""Does the child play by tapping an object on the ground or a table?""
Response: 1

Item ID: CREDI_B20
Item text: ""Can the child kick a ball, or other round objects, forward using his/her foot?""
Response: 1

Item ID: CREDI_B3
Item text: ""Does the child intentionally move or change his/her position to get objects that are out of reach?""
Response: 1

Item ID: CREDI_B4
Item text: ""If the child likes an object and someone hides it (e.g put it under the bedsheet or behind some object), does the child look for it?""
Response: 1

Item ID: CREDI_B5
Item text: ""Can the child hold him/herself in a sitting position without help or support for longer than a few seconds?""
Response: 1

Item ID: CREDI_B6
Item text: ""Does the child look at an object when someone says “look!” and points to it?""
Response: 1

Item ID: CREDI_B7
Item text: ""Can the child pick up and eat small pieces of food with his/her fingers?""
Response: 1

Item ID: CREDI_B8
Item text: ""Can the child crawl, roll, or scoot forward on his/her own?""
Response: 1

Item ID: CREDI_B9
Item text: ""Can the child transfer a small object (e.g., a small toy or stone) from one hand to the other?""
Response: 1

Item ID: CREDI_C1
Item text: ""Can the child maintain a standing position on his/her own, without holding on or receiving support?""
Response: 1

Item ID: CREDI_C10
Item text: ""Does the child show sympathy or look concerned when others are hurt or sad?""
Response: 0

Item ID: CREDI_C11
Item text: ""Can the child run more than a few steps without falling or bumping into objects?""
Response: 1

Item ID: CREDI_C12
Item text: ""Can the child drink from a cup (without a lid) on his/her own without spilling?""
Response: 1

Item ID: CREDI_C13
Item text: ""Can the child stack three or more small objects (e.g., blocks, cups, bottle caps) on top of each other?""
Response: 1

Item ID: CREDI_C14
Item text: ""Can the child answer simple questions (e.g., “do you want water?”) by saying “yes” or “no,” rather than nodding?""
Response: 0

Item ID: CREDI_C15
Item text: ""Does the child play with an object by making it something else? (e.g., imagining a bottle as a doll, a stone as a car, or a spoon as an airplane)""
Response: 0

Item ID: CREDI_C16
Item text: ""Can the child correctly name at least one family member other than mom and dad (e.g., name of brother, sister, aunt, uncle)?""
Response: 0

Item ID: CREDI_C17
Item text: ""Can the child ask for something (e.g., food, water) by name when he/she wants it?""
Response: 1

Item ID: CREDI_C18
Item text: ""Can the child walk backwards?""
Response: 1

Item ID: CREDI_C19
Item text: ""If the child knows an object (like a cup or an animal) and you show it to him/her, can he/she tell its name every time?""
Response: 1

Item ID: CREDI_C2
Item text: ""Can the child follow simple directions (e.g., “stand up” or “come here”)?""
Response: 1

Item ID: CREDI_C20
Item text: ""Can the child say ten or more separate words (e.g., names like “mama” or objects like “ball”)?""
Response: 1

Item ID: CREDI_C3
Item text: ""Does the child imitate others’ behavior (e.g., washing hands or dishes)?""
Response: 1

Item ID: CREDI_C4
Item text: ""Can the child climb onto an object such as a chair or bench?""
Response: 1

Item ID: CREDI_C5
Item text: ""Is the child kind to younger children (e.g., speaks to them nicely and touches them gently)?""
Response: 1

Item ID: CREDI_C7
Item text: ""Can the child point to a person or object when asked (e.g., “where is mama?” or “where is the ball?”)?""
Response: 1

Item ID: CREDI_C8
Item text: ""Can the child kick a ball, or other round objects, forward using his/her foot?""
Response: 1

Item ID: CREDI_C9
Item text: ""Does the child involve others in play (i.e., play interactive games with other children)?""
Response: 1
    Now predict this person's response to the held-out item below.
    Held-out item ID: CREDI_C6
    Held-out item text: ""Does the child show curiosity to learn new things (e.g., by asking questions or exploring a new area)?""
    Return the predicted response as 0 or 1."
211_267_2022,CREDI_C7,"Can the child point to a person or object when asked (e.g., “where is mama?” or “where is the ball?”)?",1,1,Child consistently points to people or objects when asked.,39,"Below are the observed responses for one person.
    Observed item responses:
    Item ID: CREDI_B1
Item text: ""Can the child pick up a small object (e.g., a small toy or stone) using just one hand?""
Response: 1

Item ID: CREDI_B10
Item text: ""Can the child use gestures to indicate what he/she wants (e.g., put arms up to indicate that he/she wants to be held, or point to water)?""
Response: 1

Item ID: CREDI_B11
Item text: ""Can the child pick up and drop a small object (e.g., a small toy or stone) into a bucket or bowl while sitting?""
Response: 1

Item ID: CREDI_B12
Item text: ""Can the child throw a small ball or stone forward using his/her hand?""
Response: 1

Item ID: CREDI_B13
Item text: ""Can the child say one or more words (e.g., names like “mama” or “ba” for “ball”)?""
Response: 1

Item ID: CREDI_B14
Item text: ""Does the child ask you for help using signs or words when he/she cannot do something on his/her own (e.g., to reach an object up high)?""
Response: 1

Item ID: CREDI_B15
Item text: ""Can the child walk several steps while holding on to a person or object (e.g., wall or furniture)?""
Response: 1

Item ID: CREDI_B16
Item text: ""Can the child follow simple directions (e.g., “stand up” or “come here”)?""
Response: 1

Item ID: CREDI_B17
Item text: ""Can the child maintain a standing position on his/her own, without holding on or receiving support?""
Response: 1

Item ID: CREDI_B18
Item text: ""Can the child point to a person or object when asked (e.g., “where is mama?” or “where is the ball?”)?""
Response: 1

Item ID: CREDI_B19
Item text: ""Can the child climb onto an object, such as a chair or bench?""
Response: 0

Item ID: CREDI_B2
Item text: ""Does the child play by tapping an object on the ground or a table?""
Response: 1

Item ID: CREDI_B20
Item text: ""Can the child kick a ball, or other round objects, forward using his/her foot?""
Response: 1

Item ID: CREDI_B3
Item text: ""Does the child intentionally move or change his/her position to get objects that are out of reach?""
Response: 1

Item ID: CREDI_B4
Item text: ""If the child likes an object and someone hides it (e.g put it under the bedsheet or behind some object), does the child look for it?""
Response: 1

Item ID: CREDI_B5
Item text: ""Can the child hold him/herself in a sitting position without help or support for longer than a few seconds?""
Response: 1

Item ID: CREDI_B6
Item text: ""Does the child look at an object when someone says “look!” and points to it?""
Response: 1

Item ID: CREDI_B7
Item text: ""Can the child pick up and eat small pieces of food with his/her fingers?""
Response: 1

Item ID: CREDI_B8
Item text: ""Can the child crawl, roll, or scoot forward on his/her own?""
Response: 1

Item ID: CREDI_B9
Item text: ""Can the child transfer a small object (e.g., a small toy or stone) from one hand to the other?""
Response: 1

Item ID: CREDI_C1
Item text: ""Can the child maintain a standing position on his/her own, without holding on or receiving support?""
Response: 1

Item ID: CREDI_C10
Item text: ""Does the child show sympathy or look concerned when others are hurt or sad?""
Response: 0

Item ID: CREDI_C11
Item text: ""Can the child run more than a few steps without falling or bumping into objects?""
Response: 1

Item ID: CREDI_C12
Item text: ""Can the child drink from a cup (without a lid) on his/her own without spilling?""
Response: 1

Item ID: CREDI_C13
Item text: ""Can the child stack three or more small objects (e.g., blocks, cups, bottle caps) on top of each other?""
Response: 1

Item ID: CREDI_C14
Item text: ""Can the child answer simple questions (e.g., “do you want water?”) by saying “yes” or “no,” rather than nodding?""
Response: 0

Item ID: CREDI_C15
Item text: ""Does the child play with an object by making it something else? (e.g., imagining a bottle as a doll, a stone as a car, or a spoon as an airplane)""
Response: 0

Item ID: CREDI_C16
Item text: ""Can the child correctly name at least one family member other than mom and dad (e.g., name of brother, sister, aunt, uncle)?""
Response: 0

Item ID: CREDI_C17
Item text: ""Can the child ask for something (e.g., food, water) by name when he/she wants it?""
Response: 1

Item ID: CREDI_C18
Item text: ""Can the child walk backwards?""
Response: 1

Item ID: CREDI_C19
Item text: ""If the child knows an object (like a cup or an animal) and you show it to him/her, can he/she tell its name every time?""
Response: 1

Item ID: CREDI_C2
Item text: ""Can the child follow simple directions (e.g., “stand up” or “come here”)?""
Response: 1

Item ID: CREDI_C20
Item text: ""Can the child say ten or more separate words (e.g., names like “mama” or objects like “ball”)?""
Response: 1

Item ID: CREDI_C3
Item text: ""Does the child imitate others’ behavior (e.g., washing hands or dishes)?""
Response: 1

Item ID: CREDI_C4
Item text: ""Can the child climb onto an object such as a chair or bench?""
Response: 1

Item ID: CREDI_C5
Item text: ""Is the child kind to younger children (e.g., speaks to them nicely and touches them gently)?""
Response: 1

Item ID: CREDI_C6
Item text: ""Does the child show curiosity to learn new things (e.g., by asking questions or exploring a new area)?""
Response: 1

Item ID: CREDI_C8
Item text: ""Can the child kick a ball, or other round objects, forward using his/her foot?""
Response: 1

Item ID: CREDI_C9
Item text: ""Does the child involve others in play (i.e., play interactive games with other children)?""
Response: 1
    Now predict this person's response to the held-out item below.
    Held-out item ID: CREDI_C7
    Held-out item text: ""Can the child point to a person or object when asked (e.g., “where is mama?” or “where is the ball?”)?""
    Return the predicted response as 0 or 1."
211_267_2022,CREDI_C8,"Can the child kick a ball, or other round objects, forward using his/her foot?",1,1,Child kicks balls and moves actively.,39,"Below are the observed responses for one person.
    Observed item responses:
    Item ID: CREDI_B1
Item text: ""Can the child pick up a small object (e.g., a small toy or stone) using just one hand?""
Response: 1

Item ID: CREDI_B10
Item text: ""Can the child use gestures to indicate what he/she wants (e.g., put arms up to indicate that he/she wants to be held, or point to water)?""
Response: 1

Item ID: CREDI_B11
Item text: ""Can the child pick up and drop a small object (e.g., a small toy or stone) into a bucket or bowl while sitting?""
Response: 1

Item ID: CREDI_B12
Item text: ""Can the child throw a small ball or stone forward using his/her hand?""
Response: 1

Item ID: CREDI_B13
Item text: ""Can the child say one or more words (e.g., names like “mama” or “ba” for “ball”)?""
Response: 1

Item ID: CREDI_B14
Item text: ""Does the child ask you for help using signs or words when he/she cannot do something on his/her own (e.g., to reach an object up high)?""
Response: 1

Item ID: CREDI_B15
Item text: ""Can the child walk several steps while holding on to a person or object (e.g., wall or furniture)?""
Response: 1

Item ID: CREDI_B16
Item text: ""Can the child follow simple directions (e.g., “stand up” or “come here”)?""
Response: 1

Item ID: CREDI_B17
Item text: ""Can the child maintain a standing position on his/her own, without holding on or receiving support?""
Response: 1

Item ID: CREDI_B18
Item text: ""Can the child point to a person or object when asked (e.g., “where is mama?” or “where is the ball?”)?""
Response: 1

Item ID: CREDI_B19
Item text: ""Can the child climb onto an object, such as a chair or bench?""
Response: 0

Item ID: CREDI_B2
Item text: ""Does the child play by tapping an object on the ground or a table?""
Response: 1

Item ID: CREDI_B20
Item text: ""Can the child kick a ball, or other round objects, forward using his/her foot?""
Response: 1

Item ID: CREDI_B3
Item text: ""Does the child intentionally move or change his/her position to get objects that are out of reach?""
Response: 1

Item ID: CREDI_B4
Item text: ""If the child likes an object and someone hides it (e.g put it under the bedsheet or behind some object), does the child look for it?""
Response: 1

Item ID: CREDI_B5
Item text: ""Can the child hold him/herself in a sitting position without help or support for longer than a few seconds?""
Response: 1

Item ID: CREDI_B6
Item text: ""Does the child look at an object when someone says “look!” and points to it?""
Response: 1

Item ID: CREDI_B7
Item text: ""Can the child pick up and eat small pieces of food with his/her fingers?""
Response: 1

Item ID: CREDI_B8
Item text: ""Can the child crawl, roll, or scoot forward on his/her own?""
Response: 1

Item ID: CREDI_B9
Item text: ""Can the child transfer a small object (e.g., a small toy or stone) from one hand to the other?""
Response: 1

Item ID: CREDI_C1
Item text: ""Can the child maintain a standing position on his/her own, without holding on or receiving support?""
Response: 1

Item ID: CREDI_C10
Item text: ""Does the child show sympathy or look concerned when others are hurt or sad?""
Response: 0

Item ID: CREDI_C11
Item text: ""Can the child run more than a few steps without falling or bumping into objects?""
Response: 1

Item ID: CREDI_C12
Item text: ""Can the child drink from a cup (without a lid) on his/her own without spilling?""
Response: 1

Item ID: CREDI_C13
Item text: ""Can the child stack three or more small objects (e.g., blocks, cups, bottle caps) on top of each other?""
Response: 1

Item ID: CREDI_C14
Item text: ""Can the child answer simple questions (e.g., “do you want water?”) by saying “yes” or “no,” rather than nodding?""
Response: 0

Item ID: CREDI_C15
Item text: ""Does the child play with an object by making it something else? (e.g., imagining a bottle as a doll, a stone as a car, or a spoon as an airplane)""
Response: 0

Item ID: CREDI_C16
Item text: ""Can the child correctly name at least one family member other than mom and dad (e.g., name of brother, sister, aunt, uncle)?""
Response: 0

Item ID: CREDI_C17
Item text: ""Can the child ask for something (e.g., food, water) by name when he/she wants it?""
Response: 1

Item ID: CREDI_C18
Item text: ""Can the child walk backwards?""
Response: 1

Item ID: CREDI_C19
Item text: ""If the child knows an object (like a cup or an animal) and you show it to him/her, can he/she tell its name every time?""
Response: 1

Item ID: CREDI_C2
Item text: ""Can the child follow simple directions (e.g., “stand up” or “come here”)?""
Response: 1

Item ID: CREDI_C20
Item text: ""Can the child say ten or more separate words (e.g., names like “mama” or objects like “ball”)?""
Response: 1

Item ID: CREDI_C3
Item text: ""Does the child imitate others’ behavior (e.g., washing hands or dishes)?""
Response: 1

Item ID: CREDI_C4
Item text: ""Can the child climb onto an object such as a chair or bench?""
Response: 1

Item ID: CREDI_C5
Item text: ""Is the child kind to younger children (e.g., speaks to them nicely and touches them gently)?""
Response: 1

Item ID: CREDI_C6
Item text: ""Does the child show curiosity to learn new things (e.g., by asking questions or exploring a new area)?""
Response: 1

Item ID: CREDI_C7
Item text: ""Can the child point to a person or object when asked (e.g., “where is mama?” or “where is the ball?”)?""
Response: 1

Item ID: CREDI_C9
Item text: ""Does the child involve others in play (i.e., play interactive games with other children)?""
Response: 1
    Now predict this person's response to the held-out item below.
    Held-out item ID: CREDI_C8
    Held-out item text: ""Can the child kick a ball, or other round objects, forward using his/her foot?""
    Return the predicted response as 0 or 1."
211_267_2022,CREDI_C9,"Does the child involve others in play (i.e., play interactive games with other children)?",1,1,"Child involved in social, interactive behaviors with others.",39,"Below are the observed responses for one person.
    Observed item responses:
    Item ID: CREDI_B1
Item text: ""Can the child pick up a small object (e.g., a small toy or stone) using just one hand?""
Response: 1

Item ID: CREDI_B10
Item text: ""Can the child use gestures to indicate what he/she wants (e.g., put arms up to indicate that he/she wants to be held, or point to water)?""
Response: 1

Item ID: CREDI_B11
Item text: ""Can the child pick up and drop a small object (e.g., a small toy or stone) into a bucket or bowl while sitting?""
Response: 1

Item ID: CREDI_B12
Item text: ""Can the child throw a small ball or stone forward using his/her hand?""
Response: 1

Item ID: CREDI_B13
Item text: ""Can the child say one or more words (e.g., names like “mama” or “ba” for “ball”)?""
Response: 1

Item ID: CREDI_B14
Item text: ""Does the child ask you for help using signs or words when he/she cannot do something on his/her own (e.g., to reach an object up high)?""
Response: 1

Item ID: CREDI_B15
Item text: ""Can the child walk several steps while holding on to a person or object (e.g., wall or furniture)?""
Response: 1

Item ID: CREDI_B16
Item text: ""Can the child follow simple directions (e.g., “stand up” or “come here”)?""
Response: 1

Item ID: CREDI_B17
Item text: ""Can the child maintain a standing position on his/her own, without holding on or receiving support?""
Response: 1

Item ID: CREDI_B18
Item text: ""Can the child point to a person or object when asked (e.g., “where is mama?” or “where is the ball?”)?""
Response: 1

Item ID: CREDI_B19
Item text: ""Can the child climb onto an object, such as a chair or bench?""
Response: 0

Item ID: CREDI_B2
Item text: ""Does the child play by tapping an object on the ground or a table?""
Response: 1

Item ID: CREDI_B20
Item text: ""Can the child kick a ball, or other round objects, forward using his/her foot?""
Response: 1

Item ID: CREDI_B3
Item text: ""Does the child intentionally move or change his/her position to get objects that are out of reach?""
Response: 1

Item ID: CREDI_B4
Item text: ""If the child likes an object and someone hides it (e.g put it under the bedsheet or behind some object), does the child look for it?""
Response: 1

Item ID: CREDI_B5
Item text: ""Can the child hold him/herself in a sitting position without help or support for longer than a few seconds?""
Response: 1

Item ID: CREDI_B6
Item text: ""Does the child look at an object when someone says “look!” and points to it?""
Response: 1

Item ID: CREDI_B7
Item text: ""Can the child pick up and eat small pieces of food with his/her fingers?""
Response: 1

Item ID: CREDI_B8
Item text: ""Can the child crawl, roll, or scoot forward on his/her own?""
Response: 1

Item ID: CREDI_B9
Item text: ""Can the child transfer a small object (e.g., a small toy or stone) from one hand to the other?""
Response: 1

Item ID: CREDI_C1
Item text: ""Can the child maintain a standing position on his/her own, without holding on or receiving support?""
Response: 1

Item ID: CREDI_C10
Item text: ""Does the child show sympathy or look concerned when others are hurt or sad?""
Response: 0

Item ID: CREDI_C11
Item text: ""Can the child run more than a few steps without falling or bumping into objects?""
Response: 1

Item ID: CREDI_C12
Item text: ""Can the child drink from a cup (without a lid) on his/her own without spilling?""
Response: 1

Item ID: CREDI_C13
Item text: ""Can the child stack three or more small objects (e.g., blocks, cups, bottle caps) on top of each other?""
Response: 1

Item ID: CREDI_C14
Item text: ""Can the child answer simple questions (e.g., “do you want water?”) by saying “yes” or “no,” rather than nodding?""
Response: 0

Item ID: CREDI_C15
Item text: ""Does the child play with an object by making it something else? (e.g., imagining a bottle as a doll, a stone as a car, or a spoon as an airplane)""
Response: 0

Item ID: CREDI_C16
Item text: ""Can the child correctly name at least one family member other than mom and dad (e.g., name of brother, sister, aunt, uncle)?""
Response: 0

Item ID: CREDI_C17
Item text: ""Can the child ask for something (e.g., food, water) by name when he/she wants it?""
Response: 1

Item ID: CREDI_C18
Item text: ""Can the child walk backwards?""
Response: 1

Item ID: CREDI_C19
Item text: ""If the child knows an object (like a cup or an animal) and you show it to him/her, can he/she tell its name every time?""
Response: 1

Item ID: CREDI_C2
Item text: ""Can the child follow simple directions (e.g., “stand up” or “come here”)?""
Response: 1

Item ID: CREDI_C20
Item text: ""Can the child say ten or more separate words (e.g., names like “mama” or objects like “ball”)?""
Response: 1

Item ID: CREDI_C3
Item text: ""Does the child imitate others’ behavior (e.g., washing hands or dishes)?""
Response: 1

Item ID: CREDI_C4
Item text: ""Can the child climb onto an object such as a chair or bench?""
Response: 1

Item ID: CREDI_C5
Item text: ""Is the child kind to younger children (e.g., speaks to them nicely and touches them gently)?""
Response: 1

Item ID: CREDI_C6
Item text: ""Does the child show curiosity to learn new things (e.g., by asking questions or exploring a new area)?""
Response: 1

Item ID: CREDI_C7
Item text: ""Can the child point to a person or object when asked (e.g., “where is mama?” or “where is the ball?”)?""
Response: 1

Item ID: CREDI_C8
Item text: ""Can the child kick a ball, or other round objects, forward using his/her foot?""
Response: 1
    Now predict this person's response to the held-out item below.
    Held-out item ID: CREDI_C9
    Held-out item text: ""Does the child involve others in play (i.e., play interactive games with other children)?""
    Return the predicted response as 0 or 1."
60_506_2022,CREDI_C1,"Can the child maintain a standing position on his/her own, without holding on or receiving support?",1,1,"Child runs, walks backwards, and jumps well; stands unsupported.",39,"Below are the observed responses for one person.
    Observed item responses:
    Item ID: CREDI_C10
Item text: ""Does the child show sympathy or look concerned when others are hurt or sad?""
Response: 1

Item ID: CREDI_C11
Item text: ""Can the child run more than a few steps without falling or bumping into objects?""
Response: 1

Item ID: CREDI_C12
Item text: ""Can the child drink from a cup (without a lid) on his/her own without spilling?""
Response: 0

Item ID: CREDI_C13
Item text: ""Can the child stack three or more small objects (e.g., blocks, cups, bottle caps) on top of each other?""
Response: 1

Item ID: CREDI_C14
Item text: ""Can the child answer simple questions (e.g., “do you want water?”) by saying “yes” or “no,” rather than nodding?""
Response: 0

Item ID: CREDI_C15
Item text: ""Does the child play with an object by making it something else? (e.g., imagining a bottle as a doll, a stone as a car, or a spoon as an airplane)""
Response: 0

Item ID: CREDI_C16
Item text: ""Can the child correctly name at least one family member other than mom and dad (e.g., name of brother, sister, aunt, uncle)?""
Response: 0

Item ID: CREDI_C17
Item text: ""Can the child ask for something (e.g., food, water) by name when he/she wants it?""
Response: 0

Item ID: CREDI_C18
Item text: ""Can the child walk backwards?""
Response: 0

Item ID: CREDI_C19
Item text: ""If the child knows an object (like a cup or an animal) and you show it to him/her, can he/she tell its name every time?""
Response: 0

Item ID: CREDI_C2
Item text: ""Can the child follow simple directions (e.g., “stand up” or “come here”)?""
Response: 1

Item ID: CREDI_C20
Item text: ""Can the child say ten or more separate words (e.g., names like “mama” or objects like “ball”)?""
Response: 0

Item ID: CREDI_C3
Item text: ""Does the child imitate others’ behavior (e.g., washing hands or dishes)?""
Response: 1

Item ID: CREDI_C4
Item text: ""Can the child climb onto an object such as a chair or bench?""
Response: 1

Item ID: CREDI_C5
Item text: ""Is the child kind to younger children (e.g., speaks to them nicely and touches them gently)?""
Response: 1

Item ID: CREDI_C6
Item text: ""Does the child show curiosity to learn new things (e.g., by asking questions or exploring a new area)?""
Response: 0

Item ID: CREDI_C7
Item text: ""Can the child point to a person or object when asked (e.g., “where is mama?” or “where is the ball?”)?""
Response: 1

Item ID: CREDI_C8
Item text: ""Can the child kick a ball, or other round objects, forward using his/her foot?""
Response: 1

Item ID: CREDI_C9
Item text: ""Does the child involve others in play (i.e., play interactive games with other children)?""
Response: 1

Item ID: CREDI_D1
Item text: ""Can the child walk backwards?""
Response: 1

Item ID: CREDI_D10
Item text: ""Can the child correctly use any of the words “I,” “you,” “she,” or “he” (e.g., “I go to store,” or “he eats rice”)?""
Response: 0

Item ID: CREDI_D11
Item text: ""Can the child correctly ask questions using any of the words “what,” “which,” “where,” or “who”?""
Response: 0

Item ID: CREDI_D12
Item text: ""Can the child count up to five objects (e.g., fingers, people)?""
Response: 1

Item ID: CREDI_D13
Item text: ""Can the child speak using sentences of three or more words that go together (e.g., “I want water” or “the house is big”)?""
Response: 1

Item ID: CREDI_D14
Item text: ""If you show the child two objects or people of different size, can he/she tell you which one is the big one and which is the small one?""
Response: 1

Item ID: CREDI_D15
Item text: ""Can the child identify at least one color (e.g., red, blue, yellow)?""
Response: 1

Item ID: CREDI_D16
Item text: ""Can the child explain in words what common objects like a cup or a chair are used for?""
Response: 0

Item ID: CREDI_D17
Item text: ""If you ask the child to give you three objects (e.g., stones, beans), does the child give you the correct amount?""
Response: 0

Item ID: CREDI_D18
Item text: ""Can the child use “on”, “in”, “under” correctly to tell the location of the object? (e.g., “the cup is on the table” instead of “the cup is in the table”)""
Response: 0

Item ID: CREDI_D19
Item text: ""Does the child ask about familiar people other than parents when they are not there (e.g., “where is the neighbor?”)?""
Response: 0

Item ID: CREDI_D2
Item text: ""Can the child ask for something (e.g., food, water) by name when he/she wants it?""
Response: 1

Item ID: CREDI_D20
Item text: ""Does the child ask “why” questions (e.g., “why are you tall?”)?""
Response: 0

Item ID: CREDI_D3
Item text: ""Can the child correctly name at least one family member other than mom and dad (e.g., name of brother, sister, aunt, uncle)?""
Response: 1

Item ID: CREDI_D4
Item text: ""If the child knows an object (like a cup or an animal) and you show it to him/her, can he/she tell its name every time?""
Response: 1

Item ID: CREDI_D5
Item text: ""Can the child remove an item of clothing (e.g., take off his/her shirt)?""
Response: 1

Item ID: CREDI_D6
Item text: ""Can the child say ten or more separate words (e.g., names like “mama” or objects like “ball”)?""
Response: 1

Item ID: CREDI_D7
Item text: ""Can the child tell you when he/she is tired or hungry?""
Response: 1

Item ID: CREDI_D8
Item text: ""Can the child sing a short song or repeat parts of a rhyme from memory by him/herself?""
Response: 1

Item ID: CREDI_D9
Item text: ""Can the child jump with both feet leaving the ground?""
Response: 1
    Now predict this person's response to the held-out item below.
    Held-out item ID: CREDI_C1
    Held-out item text: ""Can the child maintain a standing position on his/her own, without holding on or receiving support?""
    Return the predicted response as 0 or 1."
60_506_2022,CREDI_C10,Does the child show sympathy or look concerned when others are hurt or sad?,1,1,Child shows kindness and concern to others.,39,"Below are the observed responses for one person.
    Observed item responses:
    Item ID: CREDI_C1
Item text: ""Can the child maintain a standing position on his/her own, without holding on or receiving support?""
Response: 1

Item ID: CREDI_C11
Item text: ""Can the child run more than a few steps without falling or bumping into objects?""
Response: 1

Item ID: CREDI_C12
Item text: ""Can the child drink from a cup (without a lid) on his/her own without spilling?""
Response: 0

Item ID: CREDI_C13
Item text: ""Can the child stack three or more small objects (e.g., blocks, cups, bottle caps) on top of each other?""
Response: 1

Item ID: CREDI_C14
Item text: ""Can the child answer simple questions (e.g., “do you want water?”) by saying “yes” or “no,” rather than nodding?""
Response: 0

Item ID: CREDI_C15
Item text: ""Does the child play with an object by making it something else? (e.g., imagining a bottle as a doll, a stone as a car, or a spoon as an airplane)""
Response: 0

Item ID: CREDI_C16
Item text: ""Can the child correctly name at least one family member other than mom and dad (e.g., name of brother, sister, aunt, uncle)?""
Response: 0

Item ID: CREDI_C17
Item text: ""Can the child ask for something (e.g., food, water) by name when he/she wants it?""
Response: 0

Item ID: CREDI_C18
Item text: ""Can the child walk backwards?""
Response: 0

Item ID: CREDI_C19
Item text: ""If the child knows an object (like a cup or an animal) and you show it to him/her, can he/she tell its name every time?""
Response: 0

Item ID: CREDI_C2
Item text: ""Can the child follow simple directions (e.g., “stand up” or “come here”)?""
Response: 1

Item ID: CREDI_C20
Item text: ""Can the child say ten or more separate words (e.g., names like “mama” or objects like “ball”)?""
Response: 0

Item ID: CREDI_C3
Item text: ""Does the child imitate others’ behavior (e.g., washing hands or dishes)?""
Response: 1

Item ID: CREDI_C4
Item text: ""Can the child climb onto an object such as a chair or bench?""
Response: 1

Item ID: CREDI_C5
Item text: ""Is the child kind to younger children (e.g., speaks to them nicely and touches them gently)?""
Response: 1

Item ID: CREDI_C6
Item text: ""Does the child show curiosity to learn new things (e.g., by asking questions or exploring a new area)?""
Response: 0

Item ID: CREDI_C7
Item text: ""Can the child point to a person or object when asked (e.g., “where is mama?” or “where is the ball?”)?""
Response: 1

Item ID: CREDI_C8
Item text: ""Can the child kick a ball, or other round objects, forward using his/her foot?""
Response: 1

Item ID: CREDI_C9
Item text: ""Does the child involve others in play (i.e., play interactive games with other children)?""
Response: 1

Item ID: CREDI_D1
Item text: ""Can the child walk backwards?""
Response: 1

Item ID: CREDI_D10
Item text: ""Can the child correctly use any of the words “I,” “you,” “she,” or “he” (e.g., “I go to store,” or “he eats rice”)?""
Response: 0

Item ID: CREDI_D11
Item text: ""Can the child correctly ask questions using any of the words “what,” “which,” “where,” or “who”?""
Response: 0

Item ID: CREDI_D12
Item text: ""Can the child count up to five objects (e.g., fingers, people)?""
Response: 1

Item ID: CREDI_D13
Item text: ""Can the child speak using sentences of three or more words that go together (e.g., “I want water” or “the house is big”)?""
Response: 1

Item ID: CREDI_D14
Item text: ""If you show the child two objects or people of different size, can he/she tell you which one is the big one and which is the small one?""
Response: 1

Item ID: CREDI_D15
Item text: ""Can the child identify at least one color (e.g., red, blue, yellow)?""
Response: 1

Item ID: CREDI_D16
Item text: ""Can the child explain in words what common objects like a cup or a chair are used for?""
Response: 0

Item ID: CREDI_D17
Item text: ""If you ask the child to give you three objects (e.g., stones, beans), does the child give you the correct amount?""
Response: 0

Item ID: CREDI_D18
Item text: ""Can the child use “on”, “in”, “under” correctly to tell the location of the object? (e.g., “the cup is on the table” instead of “the cup is in the table”)""
Response: 0

Item ID: CREDI_D19
Item text: ""Does the child ask about familiar people other than parents when they are not there (e.g., “where is the neighbor?”)?""
Response: 0

Item ID: CREDI_D2
Item text: ""Can the child ask for something (e.g., food, water) by name when he/she wants it?""
Response: 1

Item ID: CREDI_D20
Item text: ""Does the child ask “why” questions (e.g., “why are you tall?”)?""
Response: 0

Item ID: CREDI_D3
Item text: ""Can the child correctly name at least one family member other than mom and dad (e.g., name of brother, sister, aunt, uncle)?""
Response: 1

Item ID: CREDI_D4
Item text: ""If the child knows an object (like a cup or an animal) and you show it to him/her, can he/she tell its name every time?""
Response: 1

Item ID: CREDI_D5
Item text: ""Can the child remove an item of clothing (e.g., take off his/her shirt)?""
Response: 1

Item ID: CREDI_D6
Item text: ""Can the child say ten or more separate words (e.g., names like “mama” or objects like “ball”)?""
Response: 1

Item ID: CREDI_D7
Item text: ""Can the child tell you when he/she is tired or hungry?""
Response: 1

Item ID: CREDI_D8
Item text: ""Can the child sing a short song or repeat parts of a rhyme from memory by him/herself?""
Response: 1

Item ID: CREDI_D9
Item text: ""Can the child jump with both feet leaving the ground?""
Response: 1
    Now predict this person's response to the held-out item below.
    Held-out item ID: CREDI_C10
    Held-out item text: ""Does the child show sympathy or look concerned when others are hurt or sad?""
    Return the predicted response as 0 or 1."
60_506_2022,CREDI_C11,Can the child run more than a few steps without falling or bumping into objects?,1,1,"Frequent positive responses to motor skills, runs well.",39,"Below are the observed responses for one person.
    Observed item responses:
    Item ID: CREDI_C1
Item text: ""Can the child maintain a standing position on his/her own, without holding on or receiving support?""
Response: 1

Item ID: CREDI_C10
Item text: ""Does the child show sympathy or look concerned when others are hurt or sad?""
Response: 1

Item ID: CREDI_C12
Item text: ""Can the child drink from a cup (without a lid) on his/her own without spilling?""
Response: 0

Item ID: CREDI_C13
Item text: ""Can the child stack three or more small objects (e.g., blocks, cups, bottle caps) on top of each other?""
Response: 1

Item ID: CREDI_C14
Item text: ""Can the child answer simple questions (e.g., “do you want water?”) by saying “yes” or “no,” rather than nodding?""
Response: 0

Item ID: CREDI_C15
Item text: ""Does the child play with an object by making it something else? (e.g., imagining a bottle as a doll, a stone as a car, or a spoon as an airplane)""
Response: 0

Item ID: CREDI_C16
Item text: ""Can the child correctly name at least one family member other than mom and dad (e.g., name of brother, sister, aunt, uncle)?""
Response: 0

Item ID: CREDI_C17
Item text: ""Can the child ask for something (e.g., food, water) by name when he/she wants it?""
Response: 0

Item ID: CREDI_C18
Item text: ""Can the child walk backwards?""
Response: 0

Item ID: CREDI_C19
Item text: ""If the child knows an object (like a cup or an animal) and you show it to him/her, can he/she tell its name every time?""
Response: 0

Item ID: CREDI_C2
Item text: ""Can the child follow simple directions (e.g., “stand up” or “come here”)?""
Response: 1

Item ID: CREDI_C20
Item text: ""Can the child say ten or more separate words (e.g., names like “mama” or objects like “ball”)?""
Response: 0

Item ID: CREDI_C3
Item text: ""Does the child imitate others’ behavior (e.g., washing hands or dishes)?""
Response: 1

Item ID: CREDI_C4
Item text: ""Can the child climb onto an object such as a chair or bench?""
Response: 1

Item ID: CREDI_C5
Item text: ""Is the child kind to younger children (e.g., speaks to them nicely and touches them gently)?""
Response: 1

Item ID: CREDI_C6
Item text: ""Does the child show curiosity to learn new things (e.g., by asking questions or exploring a new area)?""
Response: 0

Item ID: CREDI_C7
Item text: ""Can the child point to a person or object when asked (e.g., “where is mama?” or “where is the ball?”)?""
Response: 1

Item ID: CREDI_C8
Item text: ""Can the child kick a ball, or other round objects, forward using his/her foot?""
Response: 1

Item ID: CREDI_C9
Item text: ""Does the child involve others in play (i.e., play interactive games with other children)?""
Response: 1

Item ID: CREDI_D1
Item text: ""Can the child walk backwards?""
Response: 1

Item ID: CREDI_D10
Item text: ""Can the child correctly use any of the words “I,” “you,” “she,” or “he” (e.g., “I go to store,” or “he eats rice”)?""
Response: 0

Item ID: CREDI_D11
Item text: ""Can the child correctly ask questions using any of the words “what,” “which,” “where,” or “who”?""
Response: 0

Item ID: CREDI_D12
Item text: ""Can the child count up to five objects (e.g., fingers, people)?""
Response: 1

Item ID: CREDI_D13
Item text: ""Can the child speak using sentences of three or more words that go together (e.g., “I want water” or “the house is big”)?""
Response: 1

Item ID: CREDI_D14
Item text: ""If you show the child two objects or people of different size, can he/she tell you which one is the big one and which is the small one?""
Response: 1

Item ID: CREDI_D15
Item text: ""Can the child identify at least one color (e.g., red, blue, yellow)?""
Response: 1

Item ID: CREDI_D16
Item text: ""Can the child explain in words what common objects like a cup or a chair are used for?""
Response: 0

Item ID: CREDI_D17
Item text: ""If you ask the child to give you three objects (e.g., stones, beans), does the child give you the correct amount?""
Response: 0

Item ID: CREDI_D18
Item text: ""Can the child use “on”, “in”, “under” correctly to tell the location of the object? (e.g., “the cup is on the table” instead of “the cup is in the table”)""
Response: 0

Item ID: CREDI_D19
Item text: ""Does the child ask about familiar people other than parents when they are not there (e.g., “where is the neighbor?”)?""
Response: 0

Item ID: CREDI_D2
Item text: ""Can the child ask for something (e.g., food, water) by name when he/she wants it?""
Response: 1

Item ID: CREDI_D20
Item text: ""Does the child ask “why” questions (e.g., “why are you tall?”)?""
Response: 0

Item ID: CREDI_D3
Item text: ""Can the child correctly name at least one family member other than mom and dad (e.g., name of brother, sister, aunt, uncle)?""
Response: 1

Item ID: CREDI_D4
Item text: ""If the child knows an object (like a cup or an animal) and you show it to him/her, can he/she tell its name every time?""
Response: 1

Item ID: CREDI_D5
Item text: ""Can the child remove an item of clothing (e.g., take off his/her shirt)?""
Response: 1

Item ID: CREDI_D6
Item text: ""Can the child say ten or more separate words (e.g., names like “mama” or objects like “ball”)?""
Response: 1

Item ID: CREDI_D7
Item text: ""Can the child tell you when he/she is tired or hungry?""
Response: 1

Item ID: CREDI_D8
Item text: ""Can the child sing a short song or repeat parts of a rhyme from memory by him/herself?""
Response: 1

Item ID: CREDI_D9
Item text: ""Can the child jump with both feet leaving the ground?""
Response: 1
    Now predict this person's response to the held-out item below.
    Held-out item ID: CREDI_C11
    Held-out item text: ""Can the child run more than a few steps without falling or bumping into objects?""
    Return the predicted response as 0 or 1."
60_506_2022,CREDI_C12,Can the child drink from a cup (without a lid) on his/her own without spilling?,0,0,Child previously showed difficulty drinking from cup without spilling.,39,"Below are the observed responses for one person.
    Observed item responses:
    Item ID: CREDI_C1
Item text: ""Can the child maintain a standing position on his/her own, without holding on or receiving support?""
Response: 1

Item ID: CREDI_C10
Item text: ""Does the child show sympathy or look concerned when others are hurt or sad?""
Response: 1

Item ID: CREDI_C11
Item text: ""Can the child run more than a few steps without falling or bumping into objects?""
Response: 1

Item ID: CREDI_C13
Item text: ""Can the child stack three or more small objects (e.g., blocks, cups, bottle caps) on top of each other?""
Response: 1

Item ID: CREDI_C14
Item text: ""Can the child answer simple questions (e.g., “do you want water?”) by saying “yes” or “no,” rather than nodding?""
Response: 0

Item ID: CREDI_C15
Item text: ""Does the child play with an object by making it something else? (e.g., imagining a bottle as a doll, a stone as a car, or a spoon as an airplane)""
Response: 0

Item ID: CREDI_C16
Item text: ""Can the child correctly name at least one family member other than mom and dad (e.g., name of brother, sister, aunt, uncle)?""
Response: 0

Item ID: CREDI_C17
Item text: ""Can the child ask for something (e.g., food, water) by name when he/she wants it?""
Response: 0

Item ID: CREDI_C18
Item text: ""Can the child walk backwards?""
Response: 0

Item ID: CREDI_C19
Item text: ""If the child knows an object (like a cup or an animal) and you show it to him/her, can he/she tell its name every time?""
Response: 0

Item ID: CREDI_C2
Item text: ""Can the child follow simple directions (e.g., “stand up” or “come here”)?""
Response: 1

Item ID: CREDI_C20
Item text: ""Can the child say ten or more separate words (e.g., names like “mama” or objects like “ball”)?""
Response: 0

Item ID: CREDI_C3
Item text: ""Does the child imitate others’ behavior (e.g., washing hands or dishes)?""
Response: 1

Item ID: CREDI_C4
Item text: ""Can the child climb onto an object such as a chair or bench?""
Response: 1

Item ID: CREDI_C5
Item text: ""Is the child kind to younger children (e.g., speaks to them nicely and touches them gently)?""
Response: 1

Item ID: CREDI_C6
Item text: ""Does the child show curiosity to learn new things (e.g., by asking questions or exploring a new area)?""
Response: 0

Item ID: CREDI_C7
Item text: ""Can the child point to a person or object when asked (e.g., “where is mama?” or “where is the ball?”)?""
Response: 1

Item ID: CREDI_C8
Item text: ""Can the child kick a ball, or other round objects, forward using his/her foot?""
Response: 1

Item ID: CREDI_C9
Item text: ""Does the child involve others in play (i.e., play interactive games with other children)?""
Response: 1

Item ID: CREDI_D1
Item text: ""Can the child walk backwards?""
Response: 1

Item ID: CREDI_D10
Item text: ""Can the child correctly use any of the words “I,” “you,” “she,” or “he” (e.g., “I go to store,” or “he eats rice”)?""
Response: 0

Item ID: CREDI_D11
Item text: ""Can the child correctly ask questions using any of the words “what,” “which,” “where,” or “who”?""
Response: 0

Item ID: CREDI_D12
Item text: ""Can the child count up to five objects (e.g., fingers, people)?""
Response: 1

Item ID: CREDI_D13
Item text: ""Can the child speak using sentences of three or more words that go together (e.g., “I want water” or “the house is big”)?""
Response: 1

Item ID: CREDI_D14
Item text: ""If you show the child two objects or people of different size, can he/she tell you which one is the big one and which is the small one?""
Response: 1

Item ID: CREDI_D15
Item text: ""Can the child identify at least one color (e.g., red, blue, yellow)?""
Response: 1

Item ID: CREDI_D16
Item text: ""Can the child explain in words what common objects like a cup or a chair are used for?""
Response: 0

Item ID: CREDI_D17
Item text: ""If you ask the child to give you three objects (e.g., stones, beans), does the child give you the correct amount?""
Response: 0

Item ID: CREDI_D18
Item text: ""Can the child use “on”, “in”, “under” correctly to tell the location of the object? (e.g., “the cup is on the table” instead of “the cup is in the table”)""
Response: 0

Item ID: CREDI_D19
Item text: ""Does the child ask about familiar people other than parents when they are not there (e.g., “where is the neighbor?”)?""
Response: 0

Item ID: CREDI_D2
Item text: ""Can the child ask for something (e.g., food, water) by name when he/she wants it?""
Response: 1

Item ID: CREDI_D20
Item text: ""Does the child ask “why” questions (e.g., “why are you tall?”)?""
Response: 0

Item ID: CREDI_D3
Item text: ""Can the child correctly name at least one family member other than mom and dad (e.g., name of brother, sister, aunt, uncle)?""
Response: 1

Item ID: CREDI_D4
Item text: ""If the child knows an object (like a cup or an animal) and you show it to him/her, can he/she tell its name every time?""
Response: 1

Item ID: CREDI_D5
Item text: ""Can the child remove an item of clothing (e.g., take off his/her shirt)?""
Response: 1

Item ID: CREDI_D6
Item text: ""Can the child say ten or more separate words (e.g., names like “mama” or objects like “ball”)?""
Response: 1

Item ID: CREDI_D7
Item text: ""Can the child tell you when he/she is tired or hungry?""
Response: 1

Item ID: CREDI_D8
Item text: ""Can the child sing a short song or repeat parts of a rhyme from memory by him/herself?""
Response: 1

Item ID: CREDI_D9
Item text: ""Can the child jump with both feet leaving the ground?""
Response: 1
    Now predict this person's response to the held-out item below.
    Held-out item ID: CREDI_C12
    Held-out item text: ""Can the child drink from a cup (without a lid) on his/her own without spilling?""
    Return the predicted response as 0 or 1."
60_506_2022,CREDI_C13,"Can the child stack three or more small objects (e.g., blocks, cups, bottle caps) on top of each other?",1,1,Child demonstrates fine motor skills and object stacking ability.,39,"Below are the observed responses for one person.
    Observed item responses:
    Item ID: CREDI_C1
Item text: ""Can the child maintain a standing position on his/her own, without holding on or receiving support?""
Response: 1

Item ID: CREDI_C10
Item text: ""Does the child show sympathy or look concerned when others are hurt or sad?""
Response: 1

Item ID: CREDI_C11
Item text: ""Can the child run more than a few steps without falling or bumping into objects?""
Response: 1

Item ID: CREDI_C12
Item text: ""Can the child drink from a cup (without a lid) on his/her own without spilling?""
Response: 0

Item ID: CREDI_C14
Item text: ""Can the child answer simple questions (e.g., “do you want water?”) by saying “yes” or “no,” rather than nodding?""
Response: 0

Item ID: CREDI_C15
Item text: ""Does the child play with an object by making it something else? (e.g., imagining a bottle as a doll, a stone as a car, or a spoon as an airplane)""
Response: 0

Item ID: CREDI_C16
Item text: ""Can the child correctly name at least one family member other than mom and dad (e.g., name of brother, sister, aunt, uncle)?""
Response: 0

Item ID: CREDI_C17
Item text: ""Can the child ask for something (e.g., food, water) by name when he/she wants it?""
Response: 0

Item ID: CREDI_C18
Item text: ""Can the child walk backwards?""
Response: 0

Item ID: CREDI_C19
Item text: ""If the child knows an object (like a cup or an animal) and you show it to him/her, can he/she tell its name every time?""
Response: 0

Item ID: CREDI_C2
Item text: ""Can the child follow simple directions (e.g., “stand up” or “come here”)?""
Response: 1

Item ID: CREDI_C20
Item text: ""Can the child say ten or more separate words (e.g., names like “mama” or objects like “ball”)?""
Response: 0

Item ID: CREDI_C3
Item text: ""Does the child imitate others’ behavior (e.g., washing hands or dishes)?""
Response: 1

Item ID: CREDI_C4
Item text: ""Can the child climb onto an object such as a chair or bench?""
Response: 1

Item ID: CREDI_C5
Item text: ""Is the child kind to younger children (e.g., speaks to them nicely and touches them gently)?""
Response: 1

Item ID: CREDI_C6
Item text: ""Does the child show curiosity to learn new things (e.g., by asking questions or exploring a new area)?""
Response: 0

Item ID: CREDI_C7
Item text: ""Can the child point to a person or object when asked (e.g., “where is mama?” or “where is the ball?”)?""
Response: 1

Item ID: CREDI_C8
Item text: ""Can the child kick a ball, or other round objects, forward using his/her foot?""
Response: 1

Item ID: CREDI_C9
Item text: ""Does the child involve others in play (i.e., play interactive games with other children)?""
Response: 1

Item ID: CREDI_D1
Item text: ""Can the child walk backwards?""
Response: 1

Item ID: CREDI_D10
Item text: ""Can the child correctly use any of the words “I,” “you,” “she,” or “he” (e.g., “I go to store,” or “he eats rice”)?""
Response: 0

Item ID: CREDI_D11
Item text: ""Can the child correctly ask questions using any of the words “what,” “which,” “where,” or “who”?""
Response: 0

Item ID: CREDI_D12
Item text: ""Can the child count up to five objects (e.g., fingers, people)?""
Response: 1

Item ID: CREDI_D13
Item text: ""Can the child speak using sentences of three or more words that go together (e.g., “I want water” or “the house is big”)?""
Response: 1

Item ID: CREDI_D14
Item text: ""If you show the child two objects or people of different size, can he/she tell you which one is the big one and which is the small one?""
Response: 1

Item ID: CREDI_D15
Item text: ""Can the child identify at least one color (e.g., red, blue, yellow)?""
Response: 1

Item ID: CREDI_D16
Item text: ""Can the child explain in words what common objects like a cup or a chair are used for?""
Response: 0

Item ID: CREDI_D17
Item text: ""If you ask the child to give you three objects (e.g., stones, beans), does the child give you the correct amount?""
Response: 0

Item ID: CREDI_D18
Item text: ""Can the child use “on”, “in”, “under” correctly to tell the location of the object? (e.g., “the cup is on the table” instead of “the cup is in the table”)""
Response: 0

Item ID: CREDI_D19
Item text: ""Does the child ask about familiar people other than parents when they are not there (e.g., “where is the neighbor?”)?""
Response: 0

Item ID: CREDI_D2
Item text: ""Can the child ask for something (e.g., food, water) by name when he/she wants it?""
Response: 1

Item ID: CREDI_D20
Item text: ""Does the child ask “why” questions (e.g., “why are you tall?”)?""
Response: 0

Item ID: CREDI_D3
Item text: ""Can the child correctly name at least one family member other than mom and dad (e.g., name of brother, sister, aunt, uncle)?""
Response: 1

Item ID: CREDI_D4
Item text: ""If the child knows an object (like a cup or an animal) and you show it to him/her, can he/she tell its name every time?""
Response: 1

Item ID: CREDI_D5
Item text: ""Can the child remove an item of clothing (e.g., take off his/her shirt)?""
Response: 1

Item ID: CREDI_D6
Item text: ""Can the child say ten or more separate words (e.g., names like “mama” or objects like “ball”)?""
Response: 1

Item ID: CREDI_D7
Item text: ""Can the child tell you when he/she is tired or hungry?""
Response: 1

Item ID: CREDI_D8
Item text: ""Can the child sing a short song or repeat parts of a rhyme from memory by him/herself?""
Response: 1

Item ID: CREDI_D9
Item text: ""Can the child jump with both feet leaving the ground?""
Response: 1
    Now predict this person's response to the held-out item below.
    Held-out item ID: CREDI_C13
    Held-out item text: ""Can the child stack three or more small objects (e.g., blocks, cups, bottle caps) on top of each other?""
    Return the predicted response as 0 or 1."
60_506_2022,CREDI_C14,"Can the child answer simple questions (e.g., “do you want water?”) by saying “yes” or “no,” rather than nodding?",0,0,Consistently zero on similar verbal yes/no tasks.,39,"Below are the observed responses for one person.
    Observed item responses:
    Item ID: CREDI_C1
Item text: ""Can the child maintain a standing position on his/her own, without holding on or receiving support?""
Response: 1

Item ID: CREDI_C10
Item text: ""Does the child show sympathy or look concerned when others are hurt or sad?""
Response: 1

Item ID: CREDI_C11
Item text: ""Can the child run more than a few steps without falling or bumping into objects?""
Response: 1

Item ID: CREDI_C12
Item text: ""Can the child drink from a cup (without a lid) on his/her own without spilling?""
Response: 0

Item ID: CREDI_C13
Item text: ""Can the child stack three or more small objects (e.g., blocks, cups, bottle caps) on top of each other?""
Response: 1

Item ID: CREDI_C15
Item text: ""Does the child play with an object by making it something else? (e.g., imagining a bottle as a doll, a stone as a car, or a spoon as an airplane)""
Response: 0

Item ID: CREDI_C16
Item text: ""Can the child correctly name at least one family member other than mom and dad (e.g., name of brother, sister, aunt, uncle)?""
Response: 0

Item ID: CREDI_C17
Item text: ""Can the child ask for something (e.g., food, water) by name when he/she wants it?""
Response: 0

Item ID: CREDI_C18
Item text: ""Can the child walk backwards?""
Response: 0

Item ID: CREDI_C19
Item text: ""If the child knows an object (like a cup or an animal) and you show it to him/her, can he/she tell its name every time?""
Response: 0

Item ID: CREDI_C2
Item text: ""Can the child follow simple directions (e.g., “stand up” or “come here”)?""
Response: 1

Item ID: CREDI_C20
Item text: ""Can the child say ten or more separate words (e.g., names like “mama” or objects like “ball”)?""
Response: 0

Item ID: CREDI_C3
Item text: ""Does the child imitate others’ behavior (e.g., washing hands or dishes)?""
Response: 1

Item ID: CREDI_C4
Item text: ""Can the child climb onto an object such as a chair or bench?""
Response: 1

Item ID: CREDI_C5
Item text: ""Is the child kind to younger children (e.g., speaks to them nicely and touches them gently)?""
Response: 1

Item ID: CREDI_C6
Item text: ""Does the child show curiosity to learn new things (e.g., by asking questions or exploring a new area)?""
Response: 0

Item ID: CREDI_C7
Item text: ""Can the child point to a person or object when asked (e.g., “where is mama?” or “where is the ball?”)?""
Response: 1

Item ID: CREDI_C8
Item text: ""Can the child kick a ball, or other round objects, forward using his/her foot?""
Response: 1

Item ID: CREDI_C9
Item text: ""Does the child involve others in play (i.e., play interactive games with other children)?""
Response: 1

Item ID: CREDI_D1
Item text: ""Can the child walk backwards?""
Response: 1

Item ID: CREDI_D10
Item text: ""Can the child correctly use any of the words “I,” “you,” “she,” or “he” (e.g., “I go to store,” or “he eats rice”)?""
Response: 0

Item ID: CREDI_D11
Item text: ""Can the child correctly ask questions using any of the words “what,” “which,” “where,” or “who”?""
Response: 0

Item ID: CREDI_D12
Item text: ""Can the child count up to five objects (e.g., fingers, people)?""
Response: 1

Item ID: CREDI_D13
Item text: ""Can the child speak using sentences of three or more words that go together (e.g., “I want water” or “the house is big”)?""
Response: 1

Item ID: CREDI_D14
Item text: ""If you show the child two objects or people of different size, can he/she tell you which one is the big one and which is the small one?""
Response: 1

Item ID: CREDI_D15
Item text: ""Can the child identify at least one color (e.g., red, blue, yellow)?""
Response: 1

Item ID: CREDI_D16
Item text: ""Can the child explain in words what common objects like a cup or a chair are used for?""
Response: 0

Item ID: CREDI_D17
Item text: ""If you ask the child to give you three objects (e.g., stones, beans), does the child give you the correct amount?""
Response: 0

Item ID: CREDI_D18
Item text: ""Can the child use “on”, “in”, “under” correctly to tell the location of the object? (e.g., “the cup is on the table” instead of “the cup is in the table”)""
Response: 0

Item ID: CREDI_D19
Item text: ""Does the child ask about familiar people other than parents when they are not there (e.g., “where is the neighbor?”)?""
Response: 0

Item ID: CREDI_D2
Item text: ""Can the child ask for something (e.g., food, water) by name when he/she wants it?""
Response: 1

Item ID: CREDI_D20
Item text: ""Does the child ask “why” questions (e.g., “why are you tall?”)?""
Response: 0

Item ID: CREDI_D3
Item text: ""Can the child correctly name at least one family member other than mom and dad (e.g., name of brother, sister, aunt, uncle)?""
Response: 1

Item ID: CREDI_D4
Item text: ""If the child knows an object (like a cup or an animal) and you show it to him/her, can he/she tell its name every time?""
Response: 1

Item ID: CREDI_D5
Item text: ""Can the child remove an item of clothing (e.g., take off his/her shirt)?""
Response: 1

Item ID: CREDI_D6
Item text: ""Can the child say ten or more separate words (e.g., names like “mama” or objects like “ball”)?""
Response: 1

Item ID: CREDI_D7
Item text: ""Can the child tell you when he/she is tired or hungry?""
Response: 1

Item ID: CREDI_D8
Item text: ""Can the child sing a short song or repeat parts of a rhyme from memory by him/herself?""
Response: 1

Item ID: CREDI_D9
Item text: ""Can the child jump with both feet leaving the ground?""
Response: 1
    Now predict this person's response to the held-out item below.
    Held-out item ID: CREDI_C14
    Held-out item text: ""Can the child answer simple questions (e.g., “do you want water?”) by saying “yes” or “no,” rather than nodding?""
    Return the predicted response as 0 or 1."
60_506_2022,CREDI_C15,"Does the child play with an object by making it something else? (e.g., imagining a bottle as a doll, a stone as a car, or a spoon as an airplane)",0,0,Similar imaginative play items scored as 0.,39,"Below are the observed responses for one person.
    Observed item responses:
    Item ID: CREDI_C1
Item text: ""Can the child maintain a standing position on his/her own, without holding on or receiving support?""
Response: 1

Item ID: CREDI_C10
Item text: ""Does the child show sympathy or look concerned when others are hurt or sad?""
Response: 1

Item ID: CREDI_C11
Item text: ""Can the child run more than a few steps without falling or bumping into objects?""
Response: 1

Item ID: CREDI_C12
Item text: ""Can the child drink from a cup (without a lid) on his/her own without spilling?""
Response: 0

Item ID: CREDI_C13
Item text: ""Can the child stack three or more small objects (e.g., blocks, cups, bottle caps) on top of each other?""
Response: 1

Item ID: CREDI_C14
Item text: ""Can the child answer simple questions (e.g., “do you want water?”) by saying “yes” or “no,” rather than nodding?""
Response: 0

Item ID: CREDI_C16
Item text: ""Can the child correctly name at least one family member other than mom and dad (e.g., name of brother, sister, aunt, uncle)?""
Response: 0

Item ID: CREDI_C17
Item text: ""Can the child ask for something (e.g., food, water) by name when he/she wants it?""
Response: 0

Item ID: CREDI_C18
Item text: ""Can the child walk backwards?""
Response: 0

Item ID: CREDI_C19
Item text: ""If the child knows an object (like a cup or an animal) and you show it to him/her, can he/she tell its name every time?""
Response: 0

Item ID: CREDI_C2
Item text: ""Can the child follow simple directions (e.g., “stand up” or “come here”)?""
Response: 1

Item ID: CREDI_C20
Item text: ""Can the child say ten or more separate words (e.g., names like “mama” or objects like “ball”)?""
Response: 0

Item ID: CREDI_C3
Item text: ""Does the child imitate others’ behavior (e.g., washing hands or dishes)?""
Response: 1

Item ID: CREDI_C4
Item text: ""Can the child climb onto an object such as a chair or bench?""
Response: 1

Item ID: CREDI_C5
Item text: ""Is the child kind to younger children (e.g., speaks to them nicely and touches them gently)?""
Response: 1

Item ID: CREDI_C6
Item text: ""Does the child show curiosity to learn new things (e.g., by asking questions or exploring a new area)?""
Response: 0

Item ID: CREDI_C7
Item text: ""Can the child point to a person or object when asked (e.g., “where is mama?” or “where is the ball?”)?""
Response: 1

Item ID: CREDI_C8
Item text: ""Can the child kick a ball, or other round objects, forward using his/her foot?""
Response: 1

Item ID: CREDI_C9
Item text: ""Does the child involve others in play (i.e., play interactive games with other children)?""
Response: 1

Item ID: CREDI_D1
Item text: ""Can the child walk backwards?""
Response: 1

Item ID: CREDI_D10
Item text: ""Can the child correctly use any of the words “I,” “you,” “she,” or “he” (e.g., “I go to store,” or “he eats rice”)?""
Response: 0

Item ID: CREDI_D11
Item text: ""Can the child correctly ask questions using any of the words “what,” “which,” “where,” or “who”?""
Response: 0

Item ID: CREDI_D12
Item text: ""Can the child count up to five objects (e.g., fingers, people)?""
Response: 1

Item ID: CREDI_D13
Item text: ""Can the child speak using sentences of three or more words that go together (e.g., “I want water” or “the house is big”)?""
Response: 1

Item ID: CREDI_D14
Item text: ""If you show the child two objects or people of different size, can he/she tell you which one is the big one and which is the small one?""
Response: 1

Item ID: CREDI_D15
Item text: ""Can the child identify at least one color (e.g., red, blue, yellow)?""
Response: 1

Item ID: CREDI_D16
Item text: ""Can the child explain in words what common objects like a cup or a chair are used for?""
Response: 0

Item ID: CREDI_D17
Item text: ""If you ask the child to give you three objects (e.g., stones, beans), does the child give you the correct amount?""
Response: 0

Item ID: CREDI_D18
Item text: ""Can the child use “on”, “in”, “under” correctly to tell the location of the object? (e.g., “the cup is on the table” instead of “the cup is in the table”)""
Response: 0

Item ID: CREDI_D19
Item text: ""Does the child ask about familiar people other than parents when they are not there (e.g., “where is the neighbor?”)?""
Response: 0

Item ID: CREDI_D2
Item text: ""Can the child ask for something (e.g., food, water) by name when he/she wants it?""
Response: 1

Item ID: CREDI_D20
Item text: ""Does the child ask “why” questions (e.g., “why are you tall?”)?""
Response: 0

Item ID: CREDI_D3
Item text: ""Can the child correctly name at least one family member other than mom and dad (e.g., name of brother, sister, aunt, uncle)?""
Response: 1

Item ID: CREDI_D4
Item text: ""If the child knows an object (like a cup or an animal) and you show it to him/her, can he/she tell its name every time?""
Response: 1

Item ID: CREDI_D5
Item text: ""Can the child remove an item of clothing (e.g., take off his/her shirt)?""
Response: 1

Item ID: CREDI_D6
Item text: ""Can the child say ten or more separate words (e.g., names like “mama” or objects like “ball”)?""
Response: 1

Item ID: CREDI_D7
Item text: ""Can the child tell you when he/she is tired or hungry?""
Response: 1

Item ID: CREDI_D8
Item text: ""Can the child sing a short song or repeat parts of a rhyme from memory by him/herself?""
Response: 1

Item ID: CREDI_D9
Item text: ""Can the child jump with both feet leaving the ground?""
Response: 1
    Now predict this person's response to the held-out item below.
    Held-out item ID: CREDI_C15
    Held-out item text: ""Does the child play with an object by making it something else? (e.g., imagining a bottle as a doll, a stone as a car, or a spoon as an airplane)""
    Return the predicted response as 0 or 1."
60_506_2022,CREDI_C16,"Can the child correctly name at least one family member other than mom and dad (e.g., name of brother, sister, aunt, uncle)?",0,0,Child scores zero on similar naming family member items.,39,"Below are the observed responses for one person.
    Observed item responses:
    Item ID: CREDI_C1
Item text: ""Can the child maintain a standing position on his/her own, without holding on or receiving support?""
Response: 1

Item ID: CREDI_C10
Item text: ""Does the child show sympathy or look concerned when others are hurt or sad?""
Response: 1

Item ID: CREDI_C11
Item text: ""Can the child run more than a few steps without falling or bumping into objects?""
Response: 1

Item ID: CREDI_C12
Item text: ""Can the child drink from a cup (without a lid) on his/her own without spilling?""
Response: 0

Item ID: CREDI_C13
Item text: ""Can the child stack three or more small objects (e.g., blocks, cups, bottle caps) on top of each other?""
Response: 1

Item ID: CREDI_C14
Item text: ""Can the child answer simple questions (e.g., “do you want water?”) by saying “yes” or “no,” rather than nodding?""
Response: 0

Item ID: CREDI_C15
Item text: ""Does the child play with an object by making it something else? (e.g., imagining a bottle as a doll, a stone as a car, or a spoon as an airplane)""
Response: 0

Item ID: CREDI_C17
Item text: ""Can the child ask for something (e.g., food, water) by name when he/she wants it?""
Response: 0

Item ID: CREDI_C18
Item text: ""Can the child walk backwards?""
Response: 0

Item ID: CREDI_C19
Item text: ""If the child knows an object (like a cup or an animal) and you show it to him/her, can he/she tell its name every time?""
Response: 0

Item ID: CREDI_C2
Item text: ""Can the child follow simple directions (e.g., “stand up” or “come here”)?""
Response: 1

Item ID: CREDI_C20
Item text: ""Can the child say ten or more separate words (e.g., names like “mama” or objects like “ball”)?""
Response: 0

Item ID: CREDI_C3
Item text: ""Does the child imitate others’ behavior (e.g., washing hands or dishes)?""
Response: 1

Item ID: CREDI_C4
Item text: ""Can the child climb onto an object such as a chair or bench?""
Response: 1

Item ID: CREDI_C5
Item text: ""Is the child kind to younger children (e.g., speaks to them nicely and touches them gently)?""
Response: 1

Item ID: CREDI_C6
Item text: ""Does the child show curiosity to learn new things (e.g., by asking questions or exploring a new area)?""
Response: 0

Item ID: CREDI_C7
Item text: ""Can the child point to a person or object when asked (e.g., “where is mama?” or “where is the ball?”)?""
Response: 1

Item ID: CREDI_C8
Item text: ""Can the child kick a ball, or other round objects, forward using his/her foot?""
Response: 1

Item ID: CREDI_C9
Item text: ""Does the child involve others in play (i.e., play interactive games with other children)?""
Response: 1

Item ID: CREDI_D1
Item text: ""Can the child walk backwards?""
Response: 1

Item ID: CREDI_D10
Item text: ""Can the child correctly use any of the words “I,” “you,” “she,” or “he” (e.g., “I go to store,” or “he eats rice”)?""
Response: 0

Item ID: CREDI_D11
Item text: ""Can the child correctly ask questions using any of the words “what,” “which,” “where,” or “who”?""
Response: 0

Item ID: CREDI_D12
Item text: ""Can the child count up to five objects (e.g., fingers, people)?""
Response: 1

Item ID: CREDI_D13
Item text: ""Can the child speak using sentences of three or more words that go together (e.g., “I want water” or “the house is big”)?""
Response: 1

Item ID: CREDI_D14
Item text: ""If you show the child two objects or people of different size, can he/she tell you which one is the big one and which is the small one?""
Response: 1

Item ID: CREDI_D15
Item text: ""Can the child identify at least one color (e.g., red, blue, yellow)?""
Response: 1

Item ID: CREDI_D16
Item text: ""Can the child explain in words what common objects like a cup or a chair are used for?""
Response: 0

Item ID: CREDI_D17
Item text: ""If you ask the child to give you three objects (e.g., stones, beans), does the child give you the correct amount?""
Response: 0

Item ID: CREDI_D18
Item text: ""Can the child use “on”, “in”, “under” correctly to tell the location of the object? (e.g., “the cup is on the table” instead of “the cup is in the table”)""
Response: 0

Item ID: CREDI_D19
Item text: ""Does the child ask about familiar people other than parents when they are not there (e.g., “where is the neighbor?”)?""
Response: 0

Item ID: CREDI_D2
Item text: ""Can the child ask for something (e.g., food, water) by name when he/she wants it?""
Response: 1

Item ID: CREDI_D20
Item text: ""Does the child ask “why” questions (e.g., “why are you tall?”)?""
Response: 0

Item ID: CREDI_D3
Item text: ""Can the child correctly name at least one family member other than mom and dad (e.g., name of brother, sister, aunt, uncle)?""
Response: 1

Item ID: CREDI_D4
Item text: ""If the child knows an object (like a cup or an animal) and you show it to him/her, can he/she tell its name every time?""
Response: 1

Item ID: CREDI_D5
Item text: ""Can the child remove an item of clothing (e.g., take off his/her shirt)?""
Response: 1

Item ID: CREDI_D6
Item text: ""Can the child say ten or more separate words (e.g., names like “mama” or objects like “ball”)?""
Response: 1

Item ID: CREDI_D7
Item text: ""Can the child tell you when he/she is tired or hungry?""
Response: 1

Item ID: CREDI_D8
Item text: ""Can the child sing a short song or repeat parts of a rhyme from memory by him/herself?""
Response: 1

Item ID: CREDI_D9
Item text: ""Can the child jump with both feet leaving the ground?""
Response: 1
    Now predict this person's response to the held-out item below.
    Held-out item ID: CREDI_C16
    Held-out item text: ""Can the child correctly name at least one family member other than mom and dad (e.g., name of brother, sister, aunt, uncle)?""
    Return the predicted response as 0 or 1."
60_506_2022,CREDI_C17,"Can the child ask for something (e.g., food, water) by name when he/she wants it?",0,0,Child unable to name family members or answer questions verbally.,39,"Below are the observed responses for one person.
    Observed item responses:
    Item ID: CREDI_C1
Item text: ""Can the child maintain a standing position on his/her own, without holding on or receiving support?""
Response: 1

Item ID: CREDI_C10
Item text: ""Does the child show sympathy or look concerned when others are hurt or sad?""
Response: 1

Item ID: CREDI_C11
Item text: ""Can the child run more than a few steps without falling or bumping into objects?""
Response: 1

Item ID: CREDI_C12
Item text: ""Can the child drink from a cup (without a lid) on his/her own without spilling?""
Response: 0

Item ID: CREDI_C13
Item text: ""Can the child stack three or more small objects (e.g., blocks, cups, bottle caps) on top of each other?""
Response: 1

Item ID: CREDI_C14
Item text: ""Can the child answer simple questions (e.g., “do you want water?”) by saying “yes” or “no,” rather than nodding?""
Response: 0

Item ID: CREDI_C15
Item text: ""Does the child play with an object by making it something else? (e.g., imagining a bottle as a doll, a stone as a car, or a spoon as an airplane)""
Response: 0

Item ID: CREDI_C16
Item text: ""Can the child correctly name at least one family member other than mom and dad (e.g., name of brother, sister, aunt, uncle)?""
Response: 0

Item ID: CREDI_C18
Item text: ""Can the child walk backwards?""
Response: 0

Item ID: CREDI_C19
Item text: ""If the child knows an object (like a cup or an animal) and you show it to him/her, can he/she tell its name every time?""
Response: 0

Item ID: CREDI_C2
Item text: ""Can the child follow simple directions (e.g., “stand up” or “come here”)?""
Response: 1

Item ID: CREDI_C20
Item text: ""Can the child say ten or more separate words (e.g., names like “mama” or objects like “ball”)?""
Response: 0

Item ID: CREDI_C3
Item text: ""Does the child imitate others’ behavior (e.g., washing hands or dishes)?""
Response: 1

Item ID: CREDI_C4
Item text: ""Can the child climb onto an object such as a chair or bench?""
Response: 1

Item ID: CREDI_C5
Item text: ""Is the child kind to younger children (e.g., speaks to them nicely and touches them gently)?""
Response: 1

Item ID: CREDI_C6
Item text: ""Does the child show curiosity to learn new things (e.g., by asking questions or exploring a new area)?""
Response: 0

Item ID: CREDI_C7
Item text: ""Can the child point to a person or object when asked (e.g., “where is mama?” or “where is the ball?”)?""
Response: 1

Item ID: CREDI_C8
Item text: ""Can the child kick a ball, or other round objects, forward using his/her foot?""
Response: 1

Item ID: CREDI_C9
Item text: ""Does the child involve others in play (i.e., play interactive games with other children)?""
Response: 1

Item ID: CREDI_D1
Item text: ""Can the child walk backwards?""
Response: 1

Item ID: CREDI_D10
Item text: ""Can the child correctly use any of the words “I,” “you,” “she,” or “he” (e.g., “I go to store,” or “he eats rice”)?""
Response: 0

Item ID: CREDI_D11
Item text: ""Can the child correctly ask questions using any of the words “what,” “which,” “where,” or “who”?""
Response: 0

Item ID: CREDI_D12
Item text: ""Can the child count up to five objects (e.g., fingers, people)?""
Response: 1

Item ID: CREDI_D13
Item text: ""Can the child speak using sentences of three or more words that go together (e.g., “I want water” or “the house is big”)?""
Response: 1

Item ID: CREDI_D14
Item text: ""If you show the child two objects or people of different size, can he/she tell you which one is the big one and which is the small one?""
Response: 1

Item ID: CREDI_D15
Item text: ""Can the child identify at least one color (e.g., red, blue, yellow)?""
Response: 1

Item ID: CREDI_D16
Item text: ""Can the child explain in words what common objects like a cup or a chair are used for?""
Response: 0

Item ID: CREDI_D17
Item text: ""If you ask the child to give you three objects (e.g., stones, beans), does the child give you the correct amount?""
Response: 0

Item ID: CREDI_D18
Item text: ""Can the child use “on”, “in”, “under” correctly to tell the location of the object? (e.g., “the cup is on the table” instead of “the cup is in the table”)""
Response: 0

Item ID: CREDI_D19
Item text: ""Does the child ask about familiar people other than parents when they are not there (e.g., “where is the neighbor?”)?""
Response: 0

Item ID: CREDI_D2
Item text: ""Can the child ask for something (e.g., food, water) by name when he/she wants it?""
Response: 1

Item ID: CREDI_D20
Item text: ""Does the child ask “why” questions (e.g., “why are you tall?”)?""
Response: 0

Item ID: CREDI_D3
Item text: ""Can the child correctly name at least one family member other than mom and dad (e.g., name of brother, sister, aunt, uncle)?""
Response: 1

Item ID: CREDI_D4
Item text: ""If the child knows an object (like a cup or an animal) and you show it to him/her, can he/she tell its name every time?""
Response: 1

Item ID: CREDI_D5
Item text: ""Can the child remove an item of clothing (e.g., take off his/her shirt)?""
Response: 1

Item ID: CREDI_D6
Item text: ""Can the child say ten or more separate words (e.g., names like “mama” or objects like “ball”)?""
Response: 1

Item ID: CREDI_D7
Item text: ""Can the child tell you when he/she is tired or hungry?""
Response: 1

Item ID: CREDI_D8
Item text: ""Can the child sing a short song or repeat parts of a rhyme from memory by him/herself?""
Response: 1

Item ID: CREDI_D9
Item text: ""Can the child jump with both feet leaving the ground?""
Response: 1
    Now predict this person's response to the held-out item below.
    Held-out item ID: CREDI_C17
    Held-out item text: ""Can the child ask for something (e.g., food, water) by name when he/she wants it?""
    Return the predicted response as 0 or 1."
60_506_2022,CREDI_C18,Can the child walk backwards?,0,0,Child unable to walk backwards per item CREDI_C18.,39,"Below are the observed responses for one person.
    Observed item responses:
    Item ID: CREDI_C1
Item text: ""Can the child maintain a standing position on his/her own, without holding on or receiving support?""
Response: 1

Item ID: CREDI_C10
Item text: ""Does the child show sympathy or look concerned when others are hurt or sad?""
Response: 1

Item ID: CREDI_C11
Item text: ""Can the child run more than a few steps without falling or bumping into objects?""
Response: 1

Item ID: CREDI_C12
Item text: ""Can the child drink from a cup (without a lid) on his/her own without spilling?""
Response: 0

Item ID: CREDI_C13
Item text: ""Can the child stack three or more small objects (e.g., blocks, cups, bottle caps) on top of each other?""
Response: 1

Item ID: CREDI_C14
Item text: ""Can the child answer simple questions (e.g., “do you want water?”) by saying “yes” or “no,” rather than nodding?""
Response: 0

Item ID: CREDI_C15
Item text: ""Does the child play with an object by making it something else? (e.g., imagining a bottle as a doll, a stone as a car, or a spoon as an airplane)""
Response: 0

Item ID: CREDI_C16
Item text: ""Can the child correctly name at least one family member other than mom and dad (e.g., name of brother, sister, aunt, uncle)?""
Response: 0

Item ID: CREDI_C17
Item text: ""Can the child ask for something (e.g., food, water) by name when he/she wants it?""
Response: 0

Item ID: CREDI_C19
Item text: ""If the child knows an object (like a cup or an animal) and you show it to him/her, can he/she tell its name every time?""
Response: 0

Item ID: CREDI_C2
Item text: ""Can the child follow simple directions (e.g., “stand up” or “come here”)?""
Response: 1

Item ID: CREDI_C20
Item text: ""Can the child say ten or more separate words (e.g., names like “mama” or objects like “ball”)?""
Response: 0

Item ID: CREDI_C3
Item text: ""Does the child imitate others’ behavior (e.g., washing hands or dishes)?""
Response: 1

Item ID: CREDI_C4
Item text: ""Can the child climb onto an object such as a chair or bench?""
Response: 1

Item ID: CREDI_C5
Item text: ""Is the child kind to younger children (e.g., speaks to them nicely and touches them gently)?""
Response: 1

Item ID: CREDI_C6
Item text: ""Does the child show curiosity to learn new things (e.g., by asking questions or exploring a new area)?""
Response: 0

Item ID: CREDI_C7
Item text: ""Can the child point to a person or object when asked (e.g., “where is mama?” or “where is the ball?”)?""
Response: 1

Item ID: CREDI_C8
Item text: ""Can the child kick a ball, or other round objects, forward using his/her foot?""
Response: 1

Item ID: CREDI_C9
Item text: ""Does the child involve others in play (i.e., play interactive games with other children)?""
Response: 1

Item ID: CREDI_D1
Item text: ""Can the child walk backwards?""
Response: 1

Item ID: CREDI_D10
Item text: ""Can the child correctly use any of the words “I,” “you,” “she,” or “he” (e.g., “I go to store,” or “he eats rice”)?""
Response: 0

Item ID: CREDI_D11
Item text: ""Can the child correctly ask questions using any of the words “what,” “which,” “where,” or “who”?""
Response: 0

Item ID: CREDI_D12
Item text: ""Can the child count up to five objects (e.g., fingers, people)?""
Response: 1

Item ID: CREDI_D13
Item text: ""Can the child speak using sentences of three or more words that go together (e.g., “I want water” or “the house is big”)?""
Response: 1

Item ID: CREDI_D14
Item text: ""If you show the child two objects or people of different size, can he/she tell you which one is the big one and which is the small one?""
Response: 1

Item ID: CREDI_D15
Item text: ""Can the child identify at least one color (e.g., red, blue, yellow)?""
Response: 1

Item ID: CREDI_D16
Item text: ""Can the child explain in words what common objects like a cup or a chair are used for?""
Response: 0

Item ID: CREDI_D17
Item text: ""If you ask the child to give you three objects (e.g., stones, beans), does the child give you the correct amount?""
Response: 0

Item ID: CREDI_D18
Item text: ""Can the child use “on”, “in”, “under” correctly to tell the location of the object? (e.g., “the cup is on the table” instead of “the cup is in the table”)""
Response: 0

Item ID: CREDI_D19
Item text: ""Does the child ask about familiar people other than parents when they are not there (e.g., “where is the neighbor?”)?""
Response: 0

Item ID: CREDI_D2
Item text: ""Can the child ask for something (e.g., food, water) by name when he/she wants it?""
Response: 1

Item ID: CREDI_D20
Item text: ""Does the child ask “why” questions (e.g., “why are you tall?”)?""
Response: 0

Item ID: CREDI_D3
Item text: ""Can the child correctly name at least one family member other than mom and dad (e.g., name of brother, sister, aunt, uncle)?""
Response: 1

Item ID: CREDI_D4
Item text: ""If the child knows an object (like a cup or an animal) and you show it to him/her, can he/she tell its name every time?""
Response: 1

Item ID: CREDI_D5
Item text: ""Can the child remove an item of clothing (e.g., take off his/her shirt)?""
Response: 1

Item ID: CREDI_D6
Item text: ""Can the child say ten or more separate words (e.g., names like “mama” or objects like “ball”)?""
Response: 1

Item ID: CREDI_D7
Item text: ""Can the child tell you when he/she is tired or hungry?""
Response: 1

Item ID: CREDI_D8
Item text: ""Can the child sing a short song or repeat parts of a rhyme from memory by him/herself?""
Response: 1

Item ID: CREDI_D9
Item text: ""Can the child jump with both feet leaving the ground?""
Response: 1
    Now predict this person's response to the held-out item below.
    Held-out item ID: CREDI_C18
    Held-out item text: ""Can the child walk backwards?""
    Return the predicted response as 0 or 1."
60_506_2022,CREDI_C19,"If the child knows an object (like a cup or an animal) and you show it to him/her, can he/she tell its name every time?",0,0,Child unable to name objects consistently per similar items.,39,"Below are the observed responses for one person.
    Observed item responses:
    Item ID: CREDI_C1
Item text: ""Can the child maintain a standing position on his/her own, without holding on or receiving support?""
Response: 1

Item ID: CREDI_C10
Item text: ""Does the child show sympathy or look concerned when others are hurt or sad?""
Response: 1

Item ID: CREDI_C11
Item text: ""Can the child run more than a few steps without falling or bumping into objects?""
Response: 1

Item ID: CREDI_C12
Item text: ""Can the child drink from a cup (without a lid) on his/her own without spilling?""
Response: 0

Item ID: CREDI_C13
Item text: ""Can the child stack three or more small objects (e.g., blocks, cups, bottle caps) on top of each other?""
Response: 1

Item ID: CREDI_C14
Item text: ""Can the child answer simple questions (e.g., “do you want water?”) by saying “yes” or “no,” rather than nodding?""
Response: 0

Item ID: CREDI_C15
Item text: ""Does the child play with an object by making it something else? (e.g., imagining a bottle as a doll, a stone as a car, or a spoon as an airplane)""
Response: 0

Item ID: CREDI_C16
Item text: ""Can the child correctly name at least one family member other than mom and dad (e.g., name of brother, sister, aunt, uncle)?""
Response: 0

Item ID: CREDI_C17
Item text: ""Can the child ask for something (e.g., food, water) by name when he/she wants it?""
Response: 0

Item ID: CREDI_C18
Item text: ""Can the child walk backwards?""
Response: 0

Item ID: CREDI_C2
Item text: ""Can the child follow simple directions (e.g., “stand up” or “come here”)?""
Response: 1

Item ID: CREDI_C20
Item text: ""Can the child say ten or more separate words (e.g., names like “mama” or objects like “ball”)?""
Response: 0

Item ID: CREDI_C3
Item text: ""Does the child imitate others’ behavior (e.g., washing hands or dishes)?""
Response: 1

Item ID: CREDI_C4
Item text: ""Can the child climb onto an object such as a chair or bench?""
Response: 1

Item ID: CREDI_C5
Item text: ""Is the child kind to younger children (e.g., speaks to them nicely and touches them gently)?""
Response: 1

Item ID: CREDI_C6
Item text: ""Does the child show curiosity to learn new things (e.g., by asking questions or exploring a new area)?""
Response: 0

Item ID: CREDI_C7
Item text: ""Can the child point to a person or object when asked (e.g., “where is mama?” or “where is the ball?”)?""
Response: 1

Item ID: CREDI_C8
Item text: ""Can the child kick a ball, or other round objects, forward using his/her foot?""
Response: 1

Item ID: CREDI_C9
Item text: ""Does the child involve others in play (i.e., play interactive games with other children)?""
Response: 1

Item ID: CREDI_D1
Item text: ""Can the child walk backwards?""
Response: 1

Item ID: CREDI_D10
Item text: ""Can the child correctly use any of the words “I,” “you,” “she,” or “he” (e.g., “I go to store,” or “he eats rice”)?""
Response: 0

Item ID: CREDI_D11
Item text: ""Can the child correctly ask questions using any of the words “what,” “which,” “where,” or “who”?""
Response: 0

Item ID: CREDI_D12
Item text: ""Can the child count up to five objects (e.g., fingers, people)?""
Response: 1

Item ID: CREDI_D13
Item text: ""Can the child speak using sentences of three or more words that go together (e.g., “I want water” or “the house is big”)?""
Response: 1

Item ID: CREDI_D14
Item text: ""If you show the child two objects or people of different size, can he/she tell you which one is the big one and which is the small one?""
Response: 1

Item ID: CREDI_D15
Item text: ""Can the child identify at least one color (e.g., red, blue, yellow)?""
Response: 1

Item ID: CREDI_D16
Item text: ""Can the child explain in words what common objects like a cup or a chair are used for?""
Response: 0

Item ID: CREDI_D17
Item text: ""If you ask the child to give you three objects (e.g., stones, beans), does the child give you the correct amount?""
Response: 0

Item ID: CREDI_D18
Item text: ""Can the child use “on”, “in”, “under” correctly to tell the location of the object? (e.g., “the cup is on the table” instead of “the cup is in the table”)""
Response: 0

Item ID: CREDI_D19
Item text: ""Does the child ask about familiar people other than parents when they are not there (e.g., “where is the neighbor?”)?""
Response: 0

Item ID: CREDI_D2
Item text: ""Can the child ask for something (e.g., food, water) by name when he/she wants it?""
Response: 1

Item ID: CREDI_D20
Item text: ""Does the child ask “why” questions (e.g., “why are you tall?”)?""
Response: 0

Item ID: CREDI_D3
Item text: ""Can the child correctly name at least one family member other than mom and dad (e.g., name of brother, sister, aunt, uncle)?""
Response: 1

Item ID: CREDI_D4
Item text: ""If the child knows an object (like a cup or an animal) and you show it to him/her, can he/she tell its name every time?""
Response: 1

Item ID: CREDI_D5
Item text: ""Can the child remove an item of clothing (e.g., take off his/her shirt)?""
Response: 1

Item ID: CREDI_D6
Item text: ""Can the child say ten or more separate words (e.g., names like “mama” or objects like “ball”)?""
Response: 1

Item ID: CREDI_D7
Item text: ""Can the child tell you when he/she is tired or hungry?""
Response: 1

Item ID: CREDI_D8
Item text: ""Can the child sing a short song or repeat parts of a rhyme from memory by him/herself?""
Response: 1

Item ID: CREDI_D9
Item text: ""Can the child jump with both feet leaving the ground?""
Response: 1
    Now predict this person's response to the held-out item below.
    Held-out item ID: CREDI_C19
    Held-out item text: ""If the child knows an object (like a cup or an animal) and you show it to him/her, can he/she tell its name every time?""
    Return the predicted response as 0 or 1."
60_506_2022,CREDI_C2,"Can the child follow simple directions (e.g., “stand up” or “come here”)?",1,1,Child responds positively to following simple directions.,39,"Below are the observed responses for one person.
    Observed item responses:
    Item ID: CREDI_C1
Item text: ""Can the child maintain a standing position on his/her own, without holding on or receiving support?""
Response: 1

Item ID: CREDI_C10
Item text: ""Does the child show sympathy or look concerned when others are hurt or sad?""
Response: 1

Item ID: CREDI_C11
Item text: ""Can the child run more than a few steps without falling or bumping into objects?""
Response: 1

Item ID: CREDI_C12
Item text: ""Can the child drink from a cup (without a lid) on his/her own without spilling?""
Response: 0

Item ID: CREDI_C13
Item text: ""Can the child stack three or more small objects (e.g., blocks, cups, bottle caps) on top of each other?""
Response: 1

Item ID: CREDI_C14
Item text: ""Can the child answer simple questions (e.g., “do you want water?”) by saying “yes” or “no,” rather than nodding?""
Response: 0

Item ID: CREDI_C15
Item text: ""Does the child play with an object by making it something else? (e.g., imagining a bottle as a doll, a stone as a car, or a spoon as an airplane)""
Response: 0

Item ID: CREDI_C16
Item text: ""Can the child correctly name at least one family member other than mom and dad (e.g., name of brother, sister, aunt, uncle)?""
Response: 0

Item ID: CREDI_C17
Item text: ""Can the child ask for something (e.g., food, water) by name when he/she wants it?""
Response: 0

Item ID: CREDI_C18
Item text: ""Can the child walk backwards?""
Response: 0

Item ID: CREDI_C19
Item text: ""If the child knows an object (like a cup or an animal) and you show it to him/her, can he/she tell its name every time?""
Response: 0

Item ID: CREDI_C20
Item text: ""Can the child say ten or more separate words (e.g., names like “mama” or objects like “ball”)?""
Response: 0

Item ID: CREDI_C3
Item text: ""Does the child imitate others’ behavior (e.g., washing hands or dishes)?""
Response: 1

Item ID: CREDI_C4
Item text: ""Can the child climb onto an object such as a chair or bench?""
Response: 1

Item ID: CREDI_C5
Item text: ""Is the child kind to younger children (e.g., speaks to them nicely and touches them gently)?""
Response: 1

Item ID: CREDI_C6
Item text: ""Does the child show curiosity to learn new things (e.g., by asking questions or exploring a new area)?""
Response: 0

Item ID: CREDI_C7
Item text: ""Can the child point to a person or object when asked (e.g., “where is mama?” or “where is the ball?”)?""
Response: 1

Item ID: CREDI_C8
Item text: ""Can the child kick a ball, or other round objects, forward using his/her foot?""
Response: 1

Item ID: CREDI_C9
Item text: ""Does the child involve others in play (i.e., play interactive games with other children)?""
Response: 1

Item ID: CREDI_D1
Item text: ""Can the child walk backwards?""
Response: 1

Item ID: CREDI_D10
Item text: ""Can the child correctly use any of the words “I,” “you,” “she,” or “he” (e.g., “I go to store,” or “he eats rice”)?""
Response: 0

Item ID: CREDI_D11
Item text: ""Can the child correctly ask questions using any of the words “what,” “which,” “where,” or “who”?""
Response: 0

Item ID: CREDI_D12
Item text: ""Can the child count up to five objects (e.g., fingers, people)?""
Response: 1

Item ID: CREDI_D13
Item text: ""Can the child speak using sentences of three or more words that go together (e.g., “I want water” or “the house is big”)?""
Response: 1

Item ID: CREDI_D14
Item text: ""If you show the child two objects or people of different size, can he/she tell you which one is the big one and which is the small one?""
Response: 1

Item ID: CREDI_D15
Item text: ""Can the child identify at least one color (e.g., red, blue, yellow)?""
Response: 1

Item ID: CREDI_D16
Item text: ""Can the child explain in words what common objects like a cup or a chair are used for?""
Response: 0

Item ID: CREDI_D17
Item text: ""If you ask the child to give you three objects (e.g., stones, beans), does the child give you the correct amount?""
Response: 0

Item ID: CREDI_D18
Item text: ""Can the child use “on”, “in”, “under” correctly to tell the location of the object? (e.g., “the cup is on the table” instead of “the cup is in the table”)""
Response: 0

Item ID: CREDI_D19
Item text: ""Does the child ask about familiar people other than parents when they are not there (e.g., “where is the neighbor?”)?""
Response: 0

Item ID: CREDI_D2
Item text: ""Can the child ask for something (e.g., food, water) by name when he/she wants it?""
Response: 1

Item ID: CREDI_D20
Item text: ""Does the child ask “why” questions (e.g., “why are you tall?”)?""
Response: 0

Item ID: CREDI_D3
Item text: ""Can the child correctly name at least one family member other than mom and dad (e.g., name of brother, sister, aunt, uncle)?""
Response: 1

Item ID: CREDI_D4
Item text: ""If the child knows an object (like a cup or an animal) and you show it to him/her, can he/she tell its name every time?""
Response: 1

Item ID: CREDI_D5
Item text: ""Can the child remove an item of clothing (e.g., take off his/her shirt)?""
Response: 1

Item ID: CREDI_D6
Item text: ""Can the child say ten or more separate words (e.g., names like “mama” or objects like “ball”)?""
Response: 1

Item ID: CREDI_D7
Item text: ""Can the child tell you when he/she is tired or hungry?""
Response: 1

Item ID: CREDI_D8
Item text: ""Can the child sing a short song or repeat parts of a rhyme from memory by him/herself?""
Response: 1

Item ID: CREDI_D9
Item text: ""Can the child jump with both feet leaving the ground?""
Response: 1
    Now predict this person's response to the held-out item below.
    Held-out item ID: CREDI_C2
    Held-out item text: ""Can the child follow simple directions (e.g., “stand up” or “come here”)?""
    Return the predicted response as 0 or 1."
60_506_2022,CREDI_C20,"Can the child say ten or more separate words (e.g., names like “mama” or objects like “ball”)?",0,0,Child shows 0 on similar verbal quantity and naming tasks.,39,"Below are the observed responses for one person.
    Observed item responses:
    Item ID: CREDI_C1
Item text: ""Can the child maintain a standing position on his/her own, without holding on or receiving support?""
Response: 1

Item ID: CREDI_C10
Item text: ""Does the child show sympathy or look concerned when others are hurt or sad?""
Response: 1

Item ID: CREDI_C11
Item text: ""Can the child run more than a few steps without falling or bumping into objects?""
Response: 1

Item ID: CREDI_C12
Item text: ""Can the child drink from a cup (without a lid) on his/her own without spilling?""
Response: 0

Item ID: CREDI_C13
Item text: ""Can the child stack three or more small objects (e.g., blocks, cups, bottle caps) on top of each other?""
Response: 1

Item ID: CREDI_C14
Item text: ""Can the child answer simple questions (e.g., “do you want water?”) by saying “yes” or “no,” rather than nodding?""
Response: 0

Item ID: CREDI_C15
Item text: ""Does the child play with an object by making it something else? (e.g., imagining a bottle as a doll, a stone as a car, or a spoon as an airplane)""
Response: 0

Item ID: CREDI_C16
Item text: ""Can the child correctly name at least one family member other than mom and dad (e.g., name of brother, sister, aunt, uncle)?""
Response: 0

Item ID: CREDI_C17
Item text: ""Can the child ask for something (e.g., food, water) by name when he/she wants it?""
Response: 0

Item ID: CREDI_C18
Item text: ""Can the child walk backwards?""
Response: 0

Item ID: CREDI_C19
Item text: ""If the child knows an object (like a cup or an animal) and you show it to him/her, can he/she tell its name every time?""
Response: 0

Item ID: CREDI_C2
Item text: ""Can the child follow simple directions (e.g., “stand up” or “come here”)?""
Response: 1

Item ID: CREDI_C3
Item text: ""Does the child imitate others’ behavior (e.g., washing hands or dishes)?""
Response: 1

Item ID: CREDI_C4
Item text: ""Can the child climb onto an object such as a chair or bench?""
Response: 1

Item ID: CREDI_C5
Item text: ""Is the child kind to younger children (e.g., speaks to them nicely and touches them gently)?""
Response: 1

Item ID: CREDI_C6
Item text: ""Does the child show curiosity to learn new things (e.g., by asking questions or exploring a new area)?""
Response: 0

Item ID: CREDI_C7
Item text: ""Can the child point to a person or object when asked (e.g., “where is mama?” or “where is the ball?”)?""
Response: 1

Item ID: CREDI_C8
Item text: ""Can the child kick a ball, or other round objects, forward using his/her foot?""
Response: 1

Item ID: CREDI_C9
Item text: ""Does the child involve others in play (i.e., play interactive games with other children)?""
Response: 1

Item ID: CREDI_D1
Item text: ""Can the child walk backwards?""
Response: 1

Item ID: CREDI_D10
Item text: ""Can the child correctly use any of the words “I,” “you,” “she,” or “he” (e.g., “I go to store,” or “he eats rice”)?""
Response: 0

Item ID: CREDI_D11
Item text: ""Can the child correctly ask questions using any of the words “what,” “which,” “where,” or “who”?""
Response: 0

Item ID: CREDI_D12
Item text: ""Can the child count up to five objects (e.g., fingers, people)?""
Response: 1

Item ID: CREDI_D13
Item text: ""Can the child speak using sentences of three or more words that go together (e.g., “I want water” or “the house is big”)?""
Response: 1

Item ID: CREDI_D14
Item text: ""If you show the child two objects or people of different size, can he/she tell you which one is the big one and which is the small one?""
Response: 1

Item ID: CREDI_D15
Item text: ""Can the child identify at least one color (e.g., red, blue, yellow)?""
Response: 1

Item ID: CREDI_D16
Item text: ""Can the child explain in words what common objects like a cup or a chair are used for?""
Response: 0

Item ID: CREDI_D17
Item text: ""If you ask the child to give you three objects (e.g., stones, beans), does the child give you the correct amount?""
Response: 0

Item ID: CREDI_D18
Item text: ""Can the child use “on”, “in”, “under” correctly to tell the location of the object? (e.g., “the cup is on the table” instead of “the cup is in the table”)""
Response: 0

Item ID: CREDI_D19
Item text: ""Does the child ask about familiar people other than parents when they are not there (e.g., “where is the neighbor?”)?""
Response: 0

Item ID: CREDI_D2
Item text: ""Can the child ask for something (e.g., food, water) by name when he/she wants it?""
Response: 1

Item ID: CREDI_D20
Item text: ""Does the child ask “why” questions (e.g., “why are you tall?”)?""
Response: 0

Item ID: CREDI_D3
Item text: ""Can the child correctly name at least one family member other than mom and dad (e.g., name of brother, sister, aunt, uncle)?""
Response: 1

Item ID: CREDI_D4
Item text: ""If the child knows an object (like a cup or an animal) and you show it to him/her, can he/she tell its name every time?""
Response: 1

Item ID: CREDI_D5
Item text: ""Can the child remove an item of clothing (e.g., take off his/her shirt)?""
Response: 1

Item ID: CREDI_D6
Item text: ""Can the child say ten or more separate words (e.g., names like “mama” or objects like “ball”)?""
Response: 1

Item ID: CREDI_D7
Item text: ""Can the child tell you when he/she is tired or hungry?""
Response: 1

Item ID: CREDI_D8
Item text: ""Can the child sing a short song or repeat parts of a rhyme from memory by him/herself?""
Response: 1

Item ID: CREDI_D9
Item text: ""Can the child jump with both feet leaving the ground?""
Response: 1
    Now predict this person's response to the held-out item below.
    Held-out item ID: CREDI_C20
    Held-out item text: ""Can the child say ten or more separate words (e.g., names like “mama” or objects like “ball”)?""
    Return the predicted response as 0 or 1."
60_506_2022,CREDI_C3,"Does the child imitate others’ behavior (e.g., washing hands or dishes)?",1,1,Child imitates others' behavior consistently.,39,"Below are the observed responses for one person.
    Observed item responses:
    Item ID: CREDI_C1
Item text: ""Can the child maintain a standing position on his/her own, without holding on or receiving support?""
Response: 1

Item ID: CREDI_C10
Item text: ""Does the child show sympathy or look concerned when others are hurt or sad?""
Response: 1

Item ID: CREDI_C11
Item text: ""Can the child run more than a few steps without falling or bumping into objects?""
Response: 1

Item ID: CREDI_C12
Item text: ""Can the child drink from a cup (without a lid) on his/her own without spilling?""
Response: 0

Item ID: CREDI_C13
Item text: ""Can the child stack three or more small objects (e.g., blocks, cups, bottle caps) on top of each other?""
Response: 1

Item ID: CREDI_C14
Item text: ""Can the child answer simple questions (e.g., “do you want water?”) by saying “yes” or “no,” rather than nodding?""
Response: 0

Item ID: CREDI_C15
Item text: ""Does the child play with an object by making it something else? (e.g., imagining a bottle as a doll, a stone as a car, or a spoon as an airplane)""
Response: 0

Item ID: CREDI_C16
Item text: ""Can the child correctly name at least one family member other than mom and dad (e.g., name of brother, sister, aunt, uncle)?""
Response: 0

Item ID: CREDI_C17
Item text: ""Can the child ask for something (e.g., food, water) by name when he/she wants it?""
Response: 0

Item ID: CREDI_C18
Item text: ""Can the child walk backwards?""
Response: 0

Item ID: CREDI_C19
Item text: ""If the child knows an object (like a cup or an animal) and you show it to him/her, can he/she tell its name every time?""
Response: 0

Item ID: CREDI_C2
Item text: ""Can the child follow simple directions (e.g., “stand up” or “come here”)?""
Response: 1

Item ID: CREDI_C20
Item text: ""Can the child say ten or more separate words (e.g., names like “mama” or objects like “ball”)?""
Response: 0

Item ID: CREDI_C4
Item text: ""Can the child climb onto an object such as a chair or bench?""
Response: 1

Item ID: CREDI_C5
Item text: ""Is the child kind to younger children (e.g., speaks to them nicely and touches them gently)?""
Response: 1

Item ID: CREDI_C6
Item text: ""Does the child show curiosity to learn new things (e.g., by asking questions or exploring a new area)?""
Response: 0

Item ID: CREDI_C7
Item text: ""Can the child point to a person or object when asked (e.g., “where is mama?” or “where is the ball?”)?""
Response: 1

Item ID: CREDI_C8
Item text: ""Can the child kick a ball, or other round objects, forward using his/her foot?""
Response: 1

Item ID: CREDI_C9
Item text: ""Does the child involve others in play (i.e., play interactive games with other children)?""
Response: 1

Item ID: CREDI_D1
Item text: ""Can the child walk backwards?""
Response: 1

Item ID: CREDI_D10
Item text: ""Can the child correctly use any of the words “I,” “you,” “she,” or “he” (e.g., “I go to store,” or “he eats rice”)?""
Response: 0

Item ID: CREDI_D11
Item text: ""Can the child correctly ask questions using any of the words “what,” “which,” “where,” or “who”?""
Response: 0

Item ID: CREDI_D12
Item text: ""Can the child count up to five objects (e.g., fingers, people)?""
Response: 1

Item ID: CREDI_D13
Item text: ""Can the child speak using sentences of three or more words that go together (e.g., “I want water” or “the house is big”)?""
Response: 1

Item ID: CREDI_D14
Item text: ""If you show the child two objects or people of different size, can he/she tell you which one is the big one and which is the small one?""
Response: 1

Item ID: CREDI_D15
Item text: ""Can the child identify at least one color (e.g., red, blue, yellow)?""
Response: 1

Item ID: CREDI_D16
Item text: ""Can the child explain in words what common objects like a cup or a chair are used for?""
Response: 0

Item ID: CREDI_D17
Item text: ""If you ask the child to give you three objects (e.g., stones, beans), does the child give you the correct amount?""
Response: 0

Item ID: CREDI_D18
Item text: ""Can the child use “on”, “in”, “under” correctly to tell the location of the object? (e.g., “the cup is on the table” instead of “the cup is in the table”)""
Response: 0

Item ID: CREDI_D19
Item text: ""Does the child ask about familiar people other than parents when they are not there (e.g., “where is the neighbor?”)?""
Response: 0

Item ID: CREDI_D2
Item text: ""Can the child ask for something (e.g., food, water) by name when he/she wants it?""
Response: 1

Item ID: CREDI_D20
Item text: ""Does the child ask “why” questions (e.g., “why are you tall?”)?""
Response: 0

Item ID: CREDI_D3
Item text: ""Can the child correctly name at least one family member other than mom and dad (e.g., name of brother, sister, aunt, uncle)?""
Response: 1

Item ID: CREDI_D4
Item text: ""If the child knows an object (like a cup or an animal) and you show it to him/her, can he/she tell its name every time?""
Response: 1

Item ID: CREDI_D5
Item text: ""Can the child remove an item of clothing (e.g., take off his/her shirt)?""
Response: 1

Item ID: CREDI_D6
Item text: ""Can the child say ten or more separate words (e.g., names like “mama” or objects like “ball”)?""
Response: 1

Item ID: CREDI_D7
Item text: ""Can the child tell you when he/she is tired or hungry?""
Response: 1

Item ID: CREDI_D8
Item text: ""Can the child sing a short song or repeat parts of a rhyme from memory by him/herself?""
Response: 1

Item ID: CREDI_D9
Item text: ""Can the child jump with both feet leaving the ground?""
Response: 1
    Now predict this person's response to the held-out item below.
    Held-out item ID: CREDI_C3
    Held-out item text: ""Does the child imitate others’ behavior (e.g., washing hands or dishes)?""
    Return the predicted response as 0 or 1."
60_506_2022,CREDI_C4,Can the child climb onto an object such as a chair or bench?,1,1,Child can climb onto objects independently.,39,"Below are the observed responses for one person.
    Observed item responses:
    Item ID: CREDI_C1
Item text: ""Can the child maintain a standing position on his/her own, without holding on or receiving support?""
Response: 1

Item ID: CREDI_C10
Item text: ""Does the child show sympathy or look concerned when others are hurt or sad?""
Response: 1

Item ID: CREDI_C11
Item text: ""Can the child run more than a few steps without falling or bumping into objects?""
Response: 1

Item ID: CREDI_C12
Item text: ""Can the child drink from a cup (without a lid) on his/her own without spilling?""
Response: 0

Item ID: CREDI_C13
Item text: ""Can the child stack three or more small objects (e.g., blocks, cups, bottle caps) on top of each other?""
Response: 1

Item ID: CREDI_C14
Item text: ""Can the child answer simple questions (e.g., “do you want water?”) by saying “yes” or “no,” rather than nodding?""
Response: 0

Item ID: CREDI_C15
Item text: ""Does the child play with an object by making it something else? (e.g., imagining a bottle as a doll, a stone as a car, or a spoon as an airplane)""
Response: 0

Item ID: CREDI_C16
Item text: ""Can the child correctly name at least one family member other than mom and dad (e.g., name of brother, sister, aunt, uncle)?""
Response: 0

Item ID: CREDI_C17
Item text: ""Can the child ask for something (e.g., food, water) by name when he/she wants it?""
Response: 0

Item ID: CREDI_C18
Item text: ""Can the child walk backwards?""
Response: 0

Item ID: CREDI_C19
Item text: ""If the child knows an object (like a cup or an animal) and you show it to him/her, can he/she tell its name every time?""
Response: 0

Item ID: CREDI_C2
Item text: ""Can the child follow simple directions (e.g., “stand up” or “come here”)?""
Response: 1

Item ID: CREDI_C20
Item text: ""Can the child say ten or more separate words (e.g., names like “mama” or objects like “ball”)?""
Response: 0

Item ID: CREDI_C3
Item text: ""Does the child imitate others’ behavior (e.g., washing hands or dishes)?""
Response: 1

Item ID: CREDI_C5
Item text: ""Is the child kind to younger children (e.g., speaks to them nicely and touches them gently)?""
Response: 1

Item ID: CREDI_C6
Item text: ""Does the child show curiosity to learn new things (e.g., by asking questions or exploring a new area)?""
Response: 0

Item ID: CREDI_C7
Item text: ""Can the child point to a person or object when asked (e.g., “where is mama?” or “where is the ball?”)?""
Response: 1

Item ID: CREDI_C8
Item text: ""Can the child kick a ball, or other round objects, forward using his/her foot?""
Response: 1

Item ID: CREDI_C9
Item text: ""Does the child involve others in play (i.e., play interactive games with other children)?""
Response: 1

Item ID: CREDI_D1
Item text: ""Can the child walk backwards?""
Response: 1

Item ID: CREDI_D10
Item text: ""Can the child correctly use any of the words “I,” “you,” “she,” or “he” (e.g., “I go to store,” or “he eats rice”)?""
Response: 0

Item ID: CREDI_D11
Item text: ""Can the child correctly ask questions using any of the words “what,” “which,” “where,” or “who”?""
Response: 0

Item ID: CREDI_D12
Item text: ""Can the child count up to five objects (e.g., fingers, people)?""
Response: 1

Item ID: CREDI_D13
Item text: ""Can the child speak using sentences of three or more words that go together (e.g., “I want water” or “the house is big”)?""
Response: 1

Item ID: CREDI_D14
Item text: ""If you show the child two objects or people of different size, can he/she tell you which one is the big one and which is the small one?""
Response: 1

Item ID: CREDI_D15
Item text: ""Can the child identify at least one color (e.g., red, blue, yellow)?""
Response: 1

Item ID: CREDI_D16
Item text: ""Can the child explain in words what common objects like a cup or a chair are used for?""
Response: 0

Item ID: CREDI_D17
Item text: ""If you ask the child to give you three objects (e.g., stones, beans), does the child give you the correct amount?""
Response: 0

Item ID: CREDI_D18
Item text: ""Can the child use “on”, “in”, “under” correctly to tell the location of the object? (e.g., “the cup is on the table” instead of “the cup is in the table”)""
Response: 0

Item ID: CREDI_D19
Item text: ""Does the child ask about familiar people other than parents when they are not there (e.g., “where is the neighbor?”)?""
Response: 0

Item ID: CREDI_D2
Item text: ""Can the child ask for something (e.g., food, water) by name when he/she wants it?""
Response: 1

Item ID: CREDI_D20
Item text: ""Does the child ask “why” questions (e.g., “why are you tall?”)?""
Response: 0

Item ID: CREDI_D3
Item text: ""Can the child correctly name at least one family member other than mom and dad (e.g., name of brother, sister, aunt, uncle)?""
Response: 1

Item ID: CREDI_D4
Item text: ""If the child knows an object (like a cup or an animal) and you show it to him/her, can he/she tell its name every time?""
Response: 1

Item ID: CREDI_D5
Item text: ""Can the child remove an item of clothing (e.g., take off his/her shirt)?""
Response: 1

Item ID: CREDI_D6
Item text: ""Can the child say ten or more separate words (e.g., names like “mama” or objects like “ball”)?""
Response: 1

Item ID: CREDI_D7
Item text: ""Can the child tell you when he/she is tired or hungry?""
Response: 1

Item ID: CREDI_D8
Item text: ""Can the child sing a short song or repeat parts of a rhyme from memory by him/herself?""
Response: 1

Item ID: CREDI_D9
Item text: ""Can the child jump with both feet leaving the ground?""
Response: 1
    Now predict this person's response to the held-out item below.
    Held-out item ID: CREDI_C4
    Held-out item text: ""Can the child climb onto an object such as a chair or bench?""
    Return the predicted response as 0 or 1."
60_506_2022,CREDI_C5,"Is the child kind to younger children (e.g., speaks to them nicely and touches them gently)?",1,1,Child shows kindness and gentle behavior towards others.,39,"Below are the observed responses for one person.
    Observed item responses:
    Item ID: CREDI_C1
Item text: ""Can the child maintain a standing position on his/her own, without holding on or receiving support?""
Response: 1

Item ID: CREDI_C10
Item text: ""Does the child show sympathy or look concerned when others are hurt or sad?""
Response: 1

Item ID: CREDI_C11
Item text: ""Can the child run more than a few steps without falling or bumping into objects?""
Response: 1

Item ID: CREDI_C12
Item text: ""Can the child drink from a cup (without a lid) on his/her own without spilling?""
Response: 0

Item ID: CREDI_C13
Item text: ""Can the child stack three or more small objects (e.g., blocks, cups, bottle caps) on top of each other?""
Response: 1

Item ID: CREDI_C14
Item text: ""Can the child answer simple questions (e.g., “do you want water?”) by saying “yes” or “no,” rather than nodding?""
Response: 0

Item ID: CREDI_C15
Item text: ""Does the child play with an object by making it something else? (e.g., imagining a bottle as a doll, a stone as a car, or a spoon as an airplane)""
Response: 0

Item ID: CREDI_C16
Item text: ""Can the child correctly name at least one family member other than mom and dad (e.g., name of brother, sister, aunt, uncle)?""
Response: 0

Item ID: CREDI_C17
Item text: ""Can the child ask for something (e.g., food, water) by name when he/she wants it?""
Response: 0

Item ID: CREDI_C18
Item text: ""Can the child walk backwards?""
Response: 0

Item ID: CREDI_C19
Item text: ""If the child knows an object (like a cup or an animal) and you show it to him/her, can he/she tell its name every time?""
Response: 0

Item ID: CREDI_C2
Item text: ""Can the child follow simple directions (e.g., “stand up” or “come here”)?""
Response: 1

Item ID: CREDI_C20
Item text: ""Can the child say ten or more separate words (e.g., names like “mama” or objects like “ball”)?""
Response: 0

Item ID: CREDI_C3
Item text: ""Does the child imitate others’ behavior (e.g., washing hands or dishes)?""
Response: 1

Item ID: CREDI_C4
Item text: ""Can the child climb onto an object such as a chair or bench?""
Response: 1

Item ID: CREDI_C6
Item text: ""Does the child show curiosity to learn new things (e.g., by asking questions or exploring a new area)?""
Response: 0

Item ID: CREDI_C7
Item text: ""Can the child point to a person or object when asked (e.g., “where is mama?” or “where is the ball?”)?""
Response: 1

Item ID: CREDI_C8
Item text: ""Can the child kick a ball, or other round objects, forward using his/her foot?""
Response: 1

Item ID: CREDI_C9
Item text: ""Does the child involve others in play (i.e., play interactive games with other children)?""
Response: 1

Item ID: CREDI_D1
Item text: ""Can the child walk backwards?""
Response: 1

Item ID: CREDI_D10
Item text: ""Can the child correctly use any of the words “I,” “you,” “she,” or “he” (e.g., “I go to store,” or “he eats rice”)?""
Response: 0

Item ID: CREDI_D11
Item text: ""Can the child correctly ask questions using any of the words “what,” “which,” “where,” or “who”?""
Response: 0

Item ID: CREDI_D12
Item text: ""Can the child count up to five objects (e.g., fingers, people)?""
Response: 1

Item ID: CREDI_D13
Item text: ""Can the child speak using sentences of three or more words that go together (e.g., “I want water” or “the house is big”)?""
Response: 1

Item ID: CREDI_D14
Item text: ""If you show the child two objects or people of different size, can he/she tell you which one is the big one and which is the small one?""
Response: 1

Item ID: CREDI_D15
Item text: ""Can the child identify at least one color (e.g., red, blue, yellow)?""
Response: 1

Item ID: CREDI_D16
Item text: ""Can the child explain in words what common objects like a cup or a chair are used for?""
Response: 0

Item ID: CREDI_D17
Item text: ""If you ask the child to give you three objects (e.g., stones, beans), does the child give you the correct amount?""
Response: 0

Item ID: CREDI_D18
Item text: ""Can the child use “on”, “in”, “under” correctly to tell the location of the object? (e.g., “the cup is on the table” instead of “the cup is in the table”)""
Response: 0

Item ID: CREDI_D19
Item text: ""Does the child ask about familiar people other than parents when they are not there (e.g., “where is the neighbor?”)?""
Response: 0

Item ID: CREDI_D2
Item text: ""Can the child ask for something (e.g., food, water) by name when he/she wants it?""
Response: 1

Item ID: CREDI_D20
Item text: ""Does the child ask “why” questions (e.g., “why are you tall?”)?""
Response: 0

Item ID: CREDI_D3
Item text: ""Can the child correctly name at least one family member other than mom and dad (e.g., name of brother, sister, aunt, uncle)?""
Response: 1

Item ID: CREDI_D4
Item text: ""If the child knows an object (like a cup or an animal) and you show it to him/her, can he/she tell its name every time?""
Response: 1

Item ID: CREDI_D5
Item text: ""Can the child remove an item of clothing (e.g., take off his/her shirt)?""
Response: 1

Item ID: CREDI_D6
Item text: ""Can the child say ten or more separate words (e.g., names like “mama” or objects like “ball”)?""
Response: 1

Item ID: CREDI_D7
Item text: ""Can the child tell you when he/she is tired or hungry?""
Response: 1

Item ID: CREDI_D8
Item text: ""Can the child sing a short song or repeat parts of a rhyme from memory by him/herself?""
Response: 1

Item ID: CREDI_D9
Item text: ""Can the child jump with both feet leaving the ground?""
Response: 1
    Now predict this person's response to the held-out item below.
    Held-out item ID: CREDI_C5
    Held-out item text: ""Is the child kind to younger children (e.g., speaks to them nicely and touches them gently)?""
    Return the predicted response as 0 or 1."
60_506_2022,CREDI_C6,"Does the child show curiosity to learn new things (e.g., by asking questions or exploring a new area)?",0,0,Child responds zero on similar curiosity and exploration items.,39,"Below are the observed responses for one person.
    Observed item responses:
    Item ID: CREDI_C1
Item text: ""Can the child maintain a standing position on his/her own, without holding on or receiving support?""
Response: 1

Item ID: CREDI_C10
Item text: ""Does the child show sympathy or look concerned when others are hurt or sad?""
Response: 1

Item ID: CREDI_C11
Item text: ""Can the child run more than a few steps without falling or bumping into objects?""
Response: 1

Item ID: CREDI_C12
Item text: ""Can the child drink from a cup (without a lid) on his/her own without spilling?""
Response: 0

Item ID: CREDI_C13
Item text: ""Can the child stack three or more small objects (e.g., blocks, cups, bottle caps) on top of each other?""
Response: 1

Item ID: CREDI_C14
Item text: ""Can the child answer simple questions (e.g., “do you want water?”) by saying “yes” or “no,” rather than nodding?""
Response: 0

Item ID: CREDI_C15
Item text: ""Does the child play with an object by making it something else? (e.g., imagining a bottle as a doll, a stone as a car, or a spoon as an airplane)""
Response: 0

Item ID: CREDI_C16
Item text: ""Can the child correctly name at least one family member other than mom and dad (e.g., name of brother, sister, aunt, uncle)?""
Response: 0

Item ID: CREDI_C17
Item text: ""Can the child ask for something (e.g., food, water) by name when he/she wants it?""
Response: 0

Item ID: CREDI_C18
Item text: ""Can the child walk backwards?""
Response: 0

Item ID: CREDI_C19
Item text: ""If the child knows an object (like a cup or an animal) and you show it to him/her, can he/she tell its name every time?""
Response: 0

Item ID: CREDI_C2
Item text: ""Can the child follow simple directions (e.g., “stand up” or “come here”)?""
Response: 1

Item ID: CREDI_C20
Item text: ""Can the child say ten or more separate words (e.g., names like “mama” or objects like “ball”)?""
Response: 0

Item ID: CREDI_C3
Item text: ""Does the child imitate others’ behavior (e.g., washing hands or dishes)?""
Response: 1

Item ID: CREDI_C4
Item text: ""Can the child climb onto an object such as a chair or bench?""
Response: 1

Item ID: CREDI_C5
Item text: ""Is the child kind to younger children (e.g., speaks to them nicely and touches them gently)?""
Response: 1

Item ID: CREDI_C7
Item text: ""Can the child point to a person or object when asked (e.g., “where is mama?” or “where is the ball?”)?""
Response: 1

Item ID: CREDI_C8
Item text: ""Can the child kick a ball, or other round objects, forward using his/her foot?""
Response: 1

Item ID: CREDI_C9
Item text: ""Does the child involve others in play (i.e., play interactive games with other children)?""
Response: 1

Item ID: CREDI_D1
Item text: ""Can the child walk backwards?""
Response: 1

Item ID: CREDI_D10
Item text: ""Can the child correctly use any of the words “I,” “you,” “she,” or “he” (e.g., “I go to store,” or “he eats rice”)?""
Response: 0

Item ID: CREDI_D11
Item text: ""Can the child correctly ask questions using any of the words “what,” “which,” “where,” or “who”?""
Response: 0

Item ID: CREDI_D12
Item text: ""Can the child count up to five objects (e.g., fingers, people)?""
Response: 1

Item ID: CREDI_D13
Item text: ""Can the child speak using sentences of three or more words that go together (e.g., “I want water” or “the house is big”)?""
Response: 1

Item ID: CREDI_D14
Item text: ""If you show the child two objects or people of different size, can he/she tell you which one is the big one and which is the small one?""
Response: 1

Item ID: CREDI_D15
Item text: ""Can the child identify at least one color (e.g., red, blue, yellow)?""
Response: 1

Item ID: CREDI_D16
Item text: ""Can the child explain in words what common objects like a cup or a chair are used for?""
Response: 0

Item ID: CREDI_D17
Item text: ""If you ask the child to give you three objects (e.g., stones, beans), does the child give you the correct amount?""
Response: 0

Item ID: CREDI_D18
Item text: ""Can the child use “on”, “in”, “under” correctly to tell the location of the object? (e.g., “the cup is on the table” instead of “the cup is in the table”)""
Response: 0

Item ID: CREDI_D19
Item text: ""Does the child ask about familiar people other than parents when they are not there (e.g., “where is the neighbor?”)?""
Response: 0

Item ID: CREDI_D2
Item text: ""Can the child ask for something (e.g., food, water) by name when he/she wants it?""
Response: 1

Item ID: CREDI_D20
Item text: ""Does the child ask “why” questions (e.g., “why are you tall?”)?""
Response: 0

Item ID: CREDI_D3
Item text: ""Can the child correctly name at least one family member other than mom and dad (e.g., name of brother, sister, aunt, uncle)?""
Response: 1

Item ID: CREDI_D4
Item text: ""If the child knows an object (like a cup or an animal) and you show it to him/her, can he/she tell its name every time?""
Response: 1

Item ID: CREDI_D5
Item text: ""Can the child remove an item of clothing (e.g., take off his/her shirt)?""
Response: 1

Item ID: CREDI_D6
Item text: ""Can the child say ten or more separate words (e.g., names like “mama” or objects like “ball”)?""
Response: 1

Item ID: CREDI_D7
Item text: ""Can the child tell you when he/she is tired or hungry?""
Response: 1

Item ID: CREDI_D8
Item text: ""Can the child sing a short song or repeat parts of a rhyme from memory by him/herself?""
Response: 1

Item ID: CREDI_D9
Item text: ""Can the child jump with both feet leaving the ground?""
Response: 1
    Now predict this person's response to the held-out item below.
    Held-out item ID: CREDI_C6
    Held-out item text: ""Does the child show curiosity to learn new things (e.g., by asking questions or exploring a new area)?""
    Return the predicted response as 0 or 1."
60_506_2022,CREDI_C7,"Can the child point to a person or object when asked (e.g., “where is mama?” or “where is the ball?”)?",1,1,Child points to people or objects when asked.,39,"Below are the observed responses for one person.
    Observed item responses:
    Item ID: CREDI_C1
Item text: ""Can the child maintain a standing position on his/her own, without holding on or receiving support?""
Response: 1

Item ID: CREDI_C10
Item text: ""Does the child show sympathy or look concerned when others are hurt or sad?""
Response: 1

Item ID: CREDI_C11
Item text: ""Can the child run more than a few steps without falling or bumping into objects?""
Response: 1

Item ID: CREDI_C12
Item text: ""Can the child drink from a cup (without a lid) on his/her own without spilling?""
Response: 0

Item ID: CREDI_C13
Item text: ""Can the child stack three or more small objects (e.g., blocks, cups, bottle caps) on top of each other?""
Response: 1

Item ID: CREDI_C14
Item text: ""Can the child answer simple questions (e.g., “do you want water?”) by saying “yes” or “no,” rather than nodding?""
Response: 0

Item ID: CREDI_C15
Item text: ""Does the child play with an object by making it something else? (e.g., imagining a bottle as a doll, a stone as a car, or a spoon as an airplane)""
Response: 0

Item ID: CREDI_C16
Item text: ""Can the child correctly name at least one family member other than mom and dad (e.g., name of brother, sister, aunt, uncle)?""
Response: 0

Item ID: CREDI_C17
Item text: ""Can the child ask for something (e.g., food, water) by name when he/she wants it?""
Response: 0

Item ID: CREDI_C18
Item text: ""Can the child walk backwards?""
Response: 0

Item ID: CREDI_C19
Item text: ""If the child knows an object (like a cup or an animal) and you show it to him/her, can he/she tell its name every time?""
Response: 0

Item ID: CREDI_C2
Item text: ""Can the child follow simple directions (e.g., “stand up” or “come here”)?""
Response: 1

Item ID: CREDI_C20
Item text: ""Can the child say ten or more separate words (e.g., names like “mama” or objects like “ball”)?""
Response: 0

Item ID: CREDI_C3
Item text: ""Does the child imitate others’ behavior (e.g., washing hands or dishes)?""
Response: 1

Item ID: CREDI_C4
Item text: ""Can the child climb onto an object such as a chair or bench?""
Response: 1

Item ID: CREDI_C5
Item text: ""Is the child kind to younger children (e.g., speaks to them nicely and touches them gently)?""
Response: 1

Item ID: CREDI_C6
Item text: ""Does the child show curiosity to learn new things (e.g., by asking questions or exploring a new area)?""
Response: 0

Item ID: CREDI_C8
Item text: ""Can the child kick a ball, or other round objects, forward using his/her foot?""
Response: 1

Item ID: CREDI_C9
Item text: ""Does the child involve others in play (i.e., play interactive games with other children)?""
Response: 1

Item ID: CREDI_D1
Item text: ""Can the child walk backwards?""
Response: 1

Item ID: CREDI_D10
Item text: ""Can the child correctly use any of the words “I,” “you,” “she,” or “he” (e.g., “I go to store,” or “he eats rice”)?""
Response: 0

Item ID: CREDI_D11
Item text: ""Can the child correctly ask questions using any of the words “what,” “which,” “where,” or “who”?""
Response: 0

Item ID: CREDI_D12
Item text: ""Can the child count up to five objects (e.g., fingers, people)?""
Response: 1

Item ID: CREDI_D13
Item text: ""Can the child speak using sentences of three or more words that go together (e.g., “I want water” or “the house is big”)?""
Response: 1

Item ID: CREDI_D14
Item text: ""If you show the child two objects or people of different size, can he/she tell you which one is the big one and which is the small one?""
Response: 1

Item ID: CREDI_D15
Item text: ""Can the child identify at least one color (e.g., red, blue, yellow)?""
Response: 1

Item ID: CREDI_D16
Item text: ""Can the child explain in words what common objects like a cup or a chair are used for?""
Response: 0

Item ID: CREDI_D17
Item text: ""If you ask the child to give you three objects (e.g., stones, beans), does the child give you the correct amount?""
Response: 0

Item ID: CREDI_D18
Item text: ""Can the child use “on”, “in”, “under” correctly to tell the location of the object? (e.g., “the cup is on the table” instead of “the cup is in the table”)""
Response: 0

Item ID: CREDI_D19
Item text: ""Does the child ask about familiar people other than parents when they are not there (e.g., “where is the neighbor?”)?""
Response: 0

Item ID: CREDI_D2
Item text: ""Can the child ask for something (e.g., food, water) by name when he/she wants it?""
Response: 1

Item ID: CREDI_D20
Item text: ""Does the child ask “why” questions (e.g., “why are you tall?”)?""
Response: 0

Item ID: CREDI_D3
Item text: ""Can the child correctly name at least one family member other than mom and dad (e.g., name of brother, sister, aunt, uncle)?""
Response: 1

Item ID: CREDI_D4
Item text: ""If the child knows an object (like a cup or an animal) and you show it to him/her, can he/she tell its name every time?""
Response: 1

Item ID: CREDI_D5
Item text: ""Can the child remove an item of clothing (e.g., take off his/her shirt)?""
Response: 1

Item ID: CREDI_D6
Item text: ""Can the child say ten or more separate words (e.g., names like “mama” or objects like “ball”)?""
Response: 1

Item ID: CREDI_D7
Item text: ""Can the child tell you when he/she is tired or hungry?""
Response: 1

Item ID: CREDI_D8
Item text: ""Can the child sing a short song or repeat parts of a rhyme from memory by him/herself?""
Response: 1

Item ID: CREDI_D9
Item text: ""Can the child jump with both feet leaving the ground?""
Response: 1
    Now predict this person's response to the held-out item below.
    Held-out item ID: CREDI_C7
    Held-out item text: ""Can the child point to a person or object when asked (e.g., “where is mama?” or “where is the ball?”)?""
    Return the predicted response as 0 or 1."
60_506_2022,CREDI_C8,"Can the child kick a ball, or other round objects, forward using his/her foot?",1,1,Child kicks ball and shows good motor coordination.,39,"Below are the observed responses for one person.
    Observed item responses:
    Item ID: CREDI_C1
Item text: ""Can the child maintain a standing position on his/her own, without holding on or receiving support?""
Response: 1

Item ID: CREDI_C10
Item text: ""Does the child show sympathy or look concerned when others are hurt or sad?""
Response: 1

Item ID: CREDI_C11
Item text: ""Can the child run more than a few steps without falling or bumping into objects?""
Response: 1

Item ID: CREDI_C12
Item text: ""Can the child drink from a cup (without a lid) on his/her own without spilling?""
Response: 0

Item ID: CREDI_C13
Item text: ""Can the child stack three or more small objects (e.g., blocks, cups, bottle caps) on top of each other?""
Response: 1

Item ID: CREDI_C14
Item text: ""Can the child answer simple questions (e.g., “do you want water?”) by saying “yes” or “no,” rather than nodding?""
Response: 0

Item ID: CREDI_C15
Item text: ""Does the child play with an object by making it something else? (e.g., imagining a bottle as a doll, a stone as a car, or a spoon as an airplane)""
Response: 0

Item ID: CREDI_C16
Item text: ""Can the child correctly name at least one family member other than mom and dad (e.g., name of brother, sister, aunt, uncle)?""
Response: 0

Item ID: CREDI_C17
Item text: ""Can the child ask for something (e.g., food, water) by name when he/she wants it?""
Response: 0

Item ID: CREDI_C18
Item text: ""Can the child walk backwards?""
Response: 0

Item ID: CREDI_C19
Item text: ""If the child knows an object (like a cup or an animal) and you show it to him/her, can he/she tell its name every time?""
Response: 0

Item ID: CREDI_C2
Item text: ""Can the child follow simple directions (e.g., “stand up” or “come here”)?""
Response: 1

Item ID: CREDI_C20
Item text: ""Can the child say ten or more separate words (e.g., names like “mama” or objects like “ball”)?""
Response: 0

Item ID: CREDI_C3
Item text: ""Does the child imitate others’ behavior (e.g., washing hands or dishes)?""
Response: 1

Item ID: CREDI_C4
Item text: ""Can the child climb onto an object such as a chair or bench?""
Response: 1

Item ID: CREDI_C5
Item text: ""Is the child kind to younger children (e.g., speaks to them nicely and touches them gently)?""
Response: 1

Item ID: CREDI_C6
Item text: ""Does the child show curiosity to learn new things (e.g., by asking questions or exploring a new area)?""
Response: 0

Item ID: CREDI_C7
Item text: ""Can the child point to a person or object when asked (e.g., “where is mama?” or “where is the ball?”)?""
Response: 1

Item ID: CREDI_C9
Item text: ""Does the child involve others in play (i.e., play interactive games with other children)?""
Response: 1

Item ID: CREDI_D1
Item text: ""Can the child walk backwards?""
Response: 1

Item ID: CREDI_D10
Item text: ""Can the child correctly use any of the words “I,” “you,” “she,” or “he” (e.g., “I go to store,” or “he eats rice”)?""
Response: 0

Item ID: CREDI_D11
Item text: ""Can the child correctly ask questions using any of the words “what,” “which,” “where,” or “who”?""
Response: 0

Item ID: CREDI_D12
Item text: ""Can the child count up to five objects (e.g., fingers, people)?""
Response: 1

Item ID: CREDI_D13
Item text: ""Can the child speak using sentences of three or more words that go together (e.g., “I want water” or “the house is big”)?""
Response: 1

Item ID: CREDI_D14
Item text: ""If you show the child two objects or people of different size, can he/she tell you which one is the big one and which is the small one?""
Response: 1

Item ID: CREDI_D15
Item text: ""Can the child identify at least one color (e.g., red, blue, yellow)?""
Response: 1

Item ID: CREDI_D16
Item text: ""Can the child explain in words what common objects like a cup or a chair are used for?""
Response: 0

Item ID: CREDI_D17
Item text: ""If you ask the child to give you three objects (e.g., stones, beans), does the child give you the correct amount?""
Response: 0

Item ID: CREDI_D18
Item text: ""Can the child use “on”, “in”, “under” correctly to tell the location of the object? (e.g., “the cup is on the table” instead of “the cup is in the table”)""
Response: 0

Item ID: CREDI_D19
Item text: ""Does the child ask about familiar people other than parents when they are not there (e.g., “where is the neighbor?”)?""
Response: 0

Item ID: CREDI_D2
Item text: ""Can the child ask for something (e.g., food, water) by name when he/she wants it?""
Response: 1

Item ID: CREDI_D20
Item text: ""Does the child ask “why” questions (e.g., “why are you tall?”)?""
Response: 0

Item ID: CREDI_D3
Item text: ""Can the child correctly name at least one family member other than mom and dad (e.g., name of brother, sister, aunt, uncle)?""
Response: 1

Item ID: CREDI_D4
Item text: ""If the child knows an object (like a cup or an animal) and you show it to him/her, can he/she tell its name every time?""
Response: 1

Item ID: CREDI_D5
Item text: ""Can the child remove an item of clothing (e.g., take off his/her shirt)?""
Response: 1

Item ID: CREDI_D6
Item text: ""Can the child say ten or more separate words (e.g., names like “mama” or objects like “ball”)?""
Response: 1

Item ID: CREDI_D7
Item text: ""Can the child tell you when he/she is tired or hungry?""
Response: 1

Item ID: CREDI_D8
Item text: ""Can the child sing a short song or repeat parts of a rhyme from memory by him/herself?""
Response: 1

Item ID: CREDI_D9
Item text: ""Can the child jump with both feet leaving the ground?""
Response: 1
    Now predict this person's response to the held-out item below.
    Held-out item ID: CREDI_C8
    Held-out item text: ""Can the child kick a ball, or other round objects, forward using his/her foot?""
    Return the predicted response as 0 or 1."
60_506_2022,CREDI_C9,"Does the child involve others in play (i.e., play interactive games with other children)?",1,1,"Child involved in play with others, social interactive behavior.",39,"Below are the observed responses for one person.
    Observed item responses:
    Item ID: CREDI_C1
Item text: ""Can the child maintain a standing position on his/her own, without holding on or receiving support?""
Response: 1

Item ID: CREDI_C10
Item text: ""Does the child show sympathy or look concerned when others are hurt or sad?""
Response: 1

Item ID: CREDI_C11
Item text: ""Can the child run more than a few steps without falling or bumping into objects?""
Response: 1

Item ID: CREDI_C12
Item text: ""Can the child drink from a cup (without a lid) on his/her own without spilling?""
Response: 0

Item ID: CREDI_C13
Item text: ""Can the child stack three or more small objects (e.g., blocks, cups, bottle caps) on top of each other?""
Response: 1

Item ID: CREDI_C14
Item text: ""Can the child answer simple questions (e.g., “do you want water?”) by saying “yes” or “no,” rather than nodding?""
Response: 0

Item ID: CREDI_C15
Item text: ""Does the child play with an object by making it something else? (e.g., imagining a bottle as a doll, a stone as a car, or a spoon as an airplane)""
Response: 0

Item ID: CREDI_C16
Item text: ""Can the child correctly name at least one family member other than mom and dad (e.g., name of brother, sister, aunt, uncle)?""
Response: 0

Item ID: CREDI_C17
Item text: ""Can the child ask for something (e.g., food, water) by name when he/she wants it?""
Response: 0

Item ID: CREDI_C18
Item text: ""Can the child walk backwards?""
Response: 0

Item ID: CREDI_C19
Item text: ""If the child knows an object (like a cup or an animal) and you show it to him/her, can he/she tell its name every time?""
Response: 0

Item ID: CREDI_C2
Item text: ""Can the child follow simple directions (e.g., “stand up” or “come here”)?""
Response: 1

Item ID: CREDI_C20
Item text: ""Can the child say ten or more separate words (e.g., names like “mama” or objects like “ball”)?""
Response: 0

Item ID: CREDI_C3
Item text: ""Does the child imitate others’ behavior (e.g., washing hands or dishes)?""
Response: 1

Item ID: CREDI_C4
Item text: ""Can the child climb onto an object such as a chair or bench?""
Response: 1

Item ID: CREDI_C5
Item text: ""Is the child kind to younger children (e.g., speaks to them nicely and touches them gently)?""
Response: 1

Item ID: CREDI_C6
Item text: ""Does the child show curiosity to learn new things (e.g., by asking questions or exploring a new area)?""
Response: 0

Item ID: CREDI_C7
Item text: ""Can the child point to a person or object when asked (e.g., “where is mama?” or “where is the ball?”)?""
Response: 1

Item ID: CREDI_C8
Item text: ""Can the child kick a ball, or other round objects, forward using his/her foot?""
Response: 1

Item ID: CREDI_D1
Item text: ""Can the child walk backwards?""
Response: 1

Item ID: CREDI_D10
Item text: ""Can the child correctly use any of the words “I,” “you,” “she,” or “he” (e.g., “I go to store,” or “he eats rice”)?""
Response: 0

Item ID: CREDI_D11
Item text: ""Can the child correctly ask questions using any of the words “what,” “which,” “where,” or “who”?""
Response: 0

Item ID: CREDI_D12
Item text: ""Can the child count up to five objects (e.g., fingers, people)?""
Response: 1

Item ID: CREDI_D13
Item text: ""Can the child speak using sentences of three or more words that go together (e.g., “I want water” or “the house is big”)?""
Response: 1

Item ID: CREDI_D14
Item text: ""If you show the child two objects or people of different size, can he/she tell you which one is the big one and which is the small one?""
Response: 1

Item ID: CREDI_D15
Item text: ""Can the child identify at least one color (e.g., red, blue, yellow)?""
Response: 1

Item ID: CREDI_D16
Item text: ""Can the child explain in words what common objects like a cup or a chair are used for?""
Response: 0

Item ID: CREDI_D17
Item text: ""If you ask the child to give you three objects (e.g., stones, beans), does the child give you the correct amount?""
Response: 0

Item ID: CREDI_D18
Item text: ""Can the child use “on”, “in”, “under” correctly to tell the location of the object? (e.g., “the cup is on the table” instead of “the cup is in the table”)""
Response: 0

Item ID: CREDI_D19
Item text: ""Does the child ask about familiar people other than parents when they are not there (e.g., “where is the neighbor?”)?""
Response: 0

Item ID: CREDI_D2
Item text: ""Can the child ask for something (e.g., food, water) by name when he/she wants it?""
Response: 1

Item ID: CREDI_D20
Item text: ""Does the child ask “why” questions (e.g., “why are you tall?”)?""
Response: 0

Item ID: CREDI_D3
Item text: ""Can the child correctly name at least one family member other than mom and dad (e.g., name of brother, sister, aunt, uncle)?""
Response: 1

Item ID: CREDI_D4
Item text: ""If the child knows an object (like a cup or an animal) and you show it to him/her, can he/she tell its name every time?""
Response: 1

Item ID: CREDI_D5
Item text: ""Can the child remove an item of clothing (e.g., take off his/her shirt)?""
Response: 1

Item ID: CREDI_D6
Item text: ""Can the child say ten or more separate words (e.g., names like “mama” or objects like “ball”)?""
Response: 1

Item ID: CREDI_D7
Item text: ""Can the child tell you when he/she is tired or hungry?""
Response: 1

Item ID: CREDI_D8
Item text: ""Can the child sing a short song or repeat parts of a rhyme from memory by him/herself?""
Response: 1

Item ID: CREDI_D9
Item text: ""Can the child jump with both feet leaving the ground?""
Response: 1
    Now predict this person's response to the held-out item below.
    Held-out item ID: CREDI_C9
    Held-out item text: ""Does the child involve others in play (i.e., play interactive games with other children)?""
    Return the predicted response as 0 or 1."
60_506_2022,CREDI_D1,Can the child walk backwards?,1,1,Child walks backwards and moves actively.,39,"Below are the observed responses for one person.
    Observed item responses:
    Item ID: CREDI_C1
Item text: ""Can the child maintain a standing position on his/her own, without holding on or receiving support?""
Response: 1

Item ID: CREDI_C10
Item text: ""Does the child show sympathy or look concerned when others are hurt or sad?""
Response: 1

Item ID: CREDI_C11
Item text: ""Can the child run more than a few steps without falling or bumping into objects?""
Response: 1

Item ID: CREDI_C12
Item text: ""Can the child drink from a cup (without a lid) on his/her own without spilling?""
Response: 0

Item ID: CREDI_C13
Item text: ""Can the child stack three or more small objects (e.g., blocks, cups, bottle caps) on top of each other?""
Response: 1

Item ID: CREDI_C14
Item text: ""Can the child answer simple questions (e.g., “do you want water?”) by saying “yes” or “no,” rather than nodding?""
Response: 0

Item ID: CREDI_C15
Item text: ""Does the child play with an object by making it something else? (e.g., imagining a bottle as a doll, a stone as a car, or a spoon as an airplane)""
Response: 0

Item ID: CREDI_C16
Item text: ""Can the child correctly name at least one family member other than mom and dad (e.g., name of brother, sister, aunt, uncle)?""
Response: 0

Item ID: CREDI_C17
Item text: ""Can the child ask for something (e.g., food, water) by name when he/she wants it?""
Response: 0

Item ID: CREDI_C18
Item text: ""Can the child walk backwards?""
Response: 0

Item ID: CREDI_C19
Item text: ""If the child knows an object (like a cup or an animal) and you show it to him/her, can he/she tell its name every time?""
Response: 0

Item ID: CREDI_C2
Item text: ""Can the child follow simple directions (e.g., “stand up” or “come here”)?""
Response: 1

Item ID: CREDI_C20
Item text: ""Can the child say ten or more separate words (e.g., names like “mama” or objects like “ball”)?""
Response: 0

Item ID: CREDI_C3
Item text: ""Does the child imitate others’ behavior (e.g., washing hands or dishes)?""
Response: 1

Item ID: CREDI_C4
Item text: ""Can the child climb onto an object such as a chair or bench?""
Response: 1

Item ID: CREDI_C5
Item text: ""Is the child kind to younger children (e.g., speaks to them nicely and touches them gently)?""
Response: 1

Item ID: CREDI_C6
Item text: ""Does the child show curiosity to learn new things (e.g., by asking questions or exploring a new area)?""
Response: 0

Item ID: CREDI_C7
Item text: ""Can the child point to a person or object when asked (e.g., “where is mama?” or “where is the ball?”)?""
Response: 1

Item ID: CREDI_C8
Item text: ""Can the child kick a ball, or other round objects, forward using his/her foot?""
Response: 1

Item ID: CREDI_C9
Item text: ""Does the child involve others in play (i.e., play interactive games with other children)?""
Response: 1

Item ID: CREDI_D10
Item text: ""Can the child correctly use any of the words “I,” “you,” “she,” or “he” (e.g., “I go to store,” or “he eats rice”)?""
Response: 0

Item ID: CREDI_D11
Item text: ""Can the child correctly ask questions using any of the words “what,” “which,” “where,” or “who”?""
Response: 0

Item ID: CREDI_D12
Item text: ""Can the child count up to five objects (e.g., fingers, people)?""
Response: 1

Item ID: CREDI_D13
Item text: ""Can the child speak using sentences of three or more words that go together (e.g., “I want water” or “the house is big”)?""
Response: 1

Item ID: CREDI_D14
Item text: ""If you show the child two objects or people of different size, can he/she tell you which one is the big one and which is the small one?""
Response: 1

Item ID: CREDI_D15
Item text: ""Can the child identify at least one color (e.g., red, blue, yellow)?""
Response: 1

Item ID: CREDI_D16
Item text: ""Can the child explain in words what common objects like a cup or a chair are used for?""
Response: 0

Item ID: CREDI_D17
Item text: ""If you ask the child to give you three objects (e.g., stones, beans), does the child give you the correct amount?""
Response: 0

Item ID: CREDI_D18
Item text: ""Can the child use “on”, “in”, “under” correctly to tell the location of the object? (e.g., “the cup is on the table” instead of “the cup is in the table”)""
Response: 0

Item ID: CREDI_D19
Item text: ""Does the child ask about familiar people other than parents when they are not there (e.g., “where is the neighbor?”)?""
Response: 0

Item ID: CREDI_D2
Item text: ""Can the child ask for something (e.g., food, water) by name when he/she wants it?""
Response: 1

Item ID: CREDI_D20
Item text: ""Does the child ask “why” questions (e.g., “why are you tall?”)?""
Response: 0

Item ID: CREDI_D3
Item text: ""Can the child correctly name at least one family member other than mom and dad (e.g., name of brother, sister, aunt, uncle)?""
Response: 1

Item ID: CREDI_D4
Item text: ""If the child knows an object (like a cup or an animal) and you show it to him/her, can he/she tell its name every time?""
Response: 1

Item ID: CREDI_D5
Item text: ""Can the child remove an item of clothing (e.g., take off his/her shirt)?""
Response: 1

Item ID: CREDI_D6
Item text: ""Can the child say ten or more separate words (e.g., names like “mama” or objects like “ball”)?""
Response: 1

Item ID: CREDI_D7
Item text: ""Can the child tell you when he/she is tired or hungry?""
Response: 1

Item ID: CREDI_D8
Item text: ""Can the child sing a short song or repeat parts of a rhyme from memory by him/herself?""
Response: 1

Item ID: CREDI_D9
Item text: ""Can the child jump with both feet leaving the ground?""
Response: 1
    Now predict this person's response to the held-out item below.
    Held-out item ID: CREDI_D1
    Held-out item text: ""Can the child walk backwards?""
    Return the predicted response as 0 or 1."
60_506_2022,CREDI_D10,"Can the child correctly use any of the words “I,” “you,” “she,” or “he” (e.g., “I go to store,” or “he eats rice”)?",0,0,Child has not used pronouns correctly per similar language tasks.,39,"Below are the observed responses for one person.
    Observed item responses:
    Item ID: CREDI_C1
Item text: ""Can the child maintain a standing position on his/her own, without holding on or receiving support?""
Response: 1

Item ID: CREDI_C10
Item text: ""Does the child show sympathy or look concerned when others are hurt or sad?""
Response: 1

Item ID: CREDI_C11
Item text: ""Can the child run more than a few steps without falling or bumping into objects?""
Response: 1

Item ID: CREDI_C12
Item text: ""Can the child drink from a cup (without a lid) on his/her own without spilling?""
Response: 0

Item ID: CREDI_C13
Item text: ""Can the child stack three or more small objects (e.g., blocks, cups, bottle caps) on top of each other?""
Response: 1

Item ID: CREDI_C14
Item text: ""Can the child answer simple questions (e.g., “do you want water?”) by saying “yes” or “no,” rather than nodding?""
Response: 0

Item ID: CREDI_C15
Item text: ""Does the child play with an object by making it something else? (e.g., imagining a bottle as a doll, a stone as a car, or a spoon as an airplane)""
Response: 0

Item ID: CREDI_C16
Item text: ""Can the child correctly name at least one family member other than mom and dad (e.g., name of brother, sister, aunt, uncle)?""
Response: 0

Item ID: CREDI_C17
Item text: ""Can the child ask for something (e.g., food, water) by name when he/she wants it?""
Response: 0

Item ID: CREDI_C18
Item text: ""Can the child walk backwards?""
Response: 0

Item ID: CREDI_C19
Item text: ""If the child knows an object (like a cup or an animal) and you show it to him/her, can he/she tell its name every time?""
Response: 0

Item ID: CREDI_C2
Item text: ""Can the child follow simple directions (e.g., “stand up” or “come here”)?""
Response: 1

Item ID: CREDI_C20
Item text: ""Can the child say ten or more separate words (e.g., names like “mama” or objects like “ball”)?""
Response: 0

Item ID: CREDI_C3
Item text: ""Does the child imitate others’ behavior (e.g., washing hands or dishes)?""
Response: 1

Item ID: CREDI_C4
Item text: ""Can the child climb onto an object such as a chair or bench?""
Response: 1

Item ID: CREDI_C5
Item text: ""Is the child kind to younger children (e.g., speaks to them nicely and touches them gently)?""
Response: 1

Item ID: CREDI_C6
Item text: ""Does the child show curiosity to learn new things (e.g., by asking questions or exploring a new area)?""
Response: 0

Item ID: CREDI_C7
Item text: ""Can the child point to a person or object when asked (e.g., “where is mama?” or “where is the ball?”)?""
Response: 1

Item ID: CREDI_C8
Item text: ""Can the child kick a ball, or other round objects, forward using his/her foot?""
Response: 1

Item ID: CREDI_C9
Item text: ""Does the child involve others in play (i.e., play interactive games with other children)?""
Response: 1

Item ID: CREDI_D1
Item text: ""Can the child walk backwards?""
Response: 1

Item ID: CREDI_D11
Item text: ""Can the child correctly ask questions using any of the words “what,” “which,” “where,” or “who”?""
Response: 0

Item ID: CREDI_D12
Item text: ""Can the child count up to five objects (e.g., fingers, people)?""
Response: 1

Item ID: CREDI_D13
Item text: ""Can the child speak using sentences of three or more words that go together (e.g., “I want water” or “the house is big”)?""
Response: 1

Item ID: CREDI_D14
Item text: ""If you show the child two objects or people of different size, can he/she tell you which one is the big one and which is the small one?""
Response: 1

Item ID: CREDI_D15
Item text: ""Can the child identify at least one color (e.g., red, blue, yellow)?""
Response: 1

Item ID: CREDI_D16
Item text: ""Can the child explain in words what common objects like a cup or a chair are used for?""
Response: 0

Item ID: CREDI_D17
Item text: ""If you ask the child to give you three objects (e.g., stones, beans), does the child give you the correct amount?""
Response: 0

Item ID: CREDI_D18
Item text: ""Can the child use “on”, “in”, “under” correctly to tell the location of the object? (e.g., “the cup is on the table” instead of “the cup is in the table”)""
Response: 0

Item ID: CREDI_D19
Item text: ""Does the child ask about familiar people other than parents when they are not there (e.g., “where is the neighbor?”)?""
Response: 0

Item ID: CREDI_D2
Item text: ""Can the child ask for something (e.g., food, water) by name when he/she wants it?""
Response: 1

Item ID: CREDI_D20
Item text: ""Does the child ask “why” questions (e.g., “why are you tall?”)?""
Response: 0

Item ID: CREDI_D3
Item text: ""Can the child correctly name at least one family member other than mom and dad (e.g., name of brother, sister, aunt, uncle)?""
Response: 1

Item ID: CREDI_D4
Item text: ""If the child knows an object (like a cup or an animal) and you show it to him/her, can he/she tell its name every time?""
Response: 1

Item ID: CREDI_D5
Item text: ""Can the child remove an item of clothing (e.g., take off his/her shirt)?""
Response: 1

Item ID: CREDI_D6
Item text: ""Can the child say ten or more separate words (e.g., names like “mama” or objects like “ball”)?""
Response: 1

Item ID: CREDI_D7
Item text: ""Can the child tell you when he/she is tired or hungry?""
Response: 1

Item ID: CREDI_D8
Item text: ""Can the child sing a short song or repeat parts of a rhyme from memory by him/herself?""
Response: 1

Item ID: CREDI_D9
Item text: ""Can the child jump with both feet leaving the ground?""
Response: 1
    Now predict this person's response to the held-out item below.
    Held-out item ID: CREDI_D10
    Held-out item text: ""Can the child correctly use any of the words “I,” “you,” “she,” or “he” (e.g., “I go to store,” or “he eats rice”)?""
    Return the predicted response as 0 or 1."
60_506_2022,CREDI_D11,"Can the child correctly ask questions using any of the words “what,” “which,” “where,” or “who”?",0,0,Child has not used question words correctly.,39,"Below are the observed responses for one person.
    Observed item responses:
    Item ID: CREDI_C1
Item text: ""Can the child maintain a standing position on his/her own, without holding on or receiving support?""
Response: 1

Item ID: CREDI_C10
Item text: ""Does the child show sympathy or look concerned when others are hurt or sad?""
Response: 1

Item ID: CREDI_C11
Item text: ""Can the child run more than a few steps without falling or bumping into objects?""
Response: 1

Item ID: CREDI_C12
Item text: ""Can the child drink from a cup (without a lid) on his/her own without spilling?""
Response: 0

Item ID: CREDI_C13
Item text: ""Can the child stack three or more small objects (e.g., blocks, cups, bottle caps) on top of each other?""
Response: 1

Item ID: CREDI_C14
Item text: ""Can the child answer simple questions (e.g., “do you want water?”) by saying “yes” or “no,” rather than nodding?""
Response: 0

Item ID: CREDI_C15
Item text: ""Does the child play with an object by making it something else? (e.g., imagining a bottle as a doll, a stone as a car, or a spoon as an airplane)""
Response: 0

Item ID: CREDI_C16
Item text: ""Can the child correctly name at least one family member other than mom and dad (e.g., name of brother, sister, aunt, uncle)?""
Response: 0

Item ID: CREDI_C17
Item text: ""Can the child ask for something (e.g., food, water) by name when he/she wants it?""
Response: 0

Item ID: CREDI_C18
Item text: ""Can the child walk backwards?""
Response: 0

Item ID: CREDI_C19
Item text: ""If the child knows an object (like a cup or an animal) and you show it to him/her, can he/she tell its name every time?""
Response: 0

Item ID: CREDI_C2
Item text: ""Can the child follow simple directions (e.g., “stand up” or “come here”)?""
Response: 1

Item ID: CREDI_C20
Item text: ""Can the child say ten or more separate words (e.g., names like “mama” or objects like “ball”)?""
Response: 0

Item ID: CREDI_C3
Item text: ""Does the child imitate others’ behavior (e.g., washing hands or dishes)?""
Response: 1

Item ID: CREDI_C4
Item text: ""Can the child climb onto an object such as a chair or bench?""
Response: 1

Item ID: CREDI_C5
Item text: ""Is the child kind to younger children (e.g., speaks to them nicely and touches them gently)?""
Response: 1

Item ID: CREDI_C6
Item text: ""Does the child show curiosity to learn new things (e.g., by asking questions or exploring a new area)?""
Response: 0

Item ID: CREDI_C7
Item text: ""Can the child point to a person or object when asked (e.g., “where is mama?” or “where is the ball?”)?""
Response: 1

Item ID: CREDI_C8
Item text: ""Can the child kick a ball, or other round objects, forward using his/her foot?""
Response: 1

Item ID: CREDI_C9
Item text: ""Does the child involve others in play (i.e., play interactive games with other children)?""
Response: 1

Item ID: CREDI_D1
Item text: ""Can the child walk backwards?""
Response: 1

Item ID: CREDI_D10
Item text: ""Can the child correctly use any of the words “I,” “you,” “she,” or “he” (e.g., “I go to store,” or “he eats rice”)?""
Response: 0

Item ID: CREDI_D12
Item text: ""Can the child count up to five objects (e.g., fingers, people)?""
Response: 1

Item ID: CREDI_D13
Item text: ""Can the child speak using sentences of three or more words that go together (e.g., “I want water” or “the house is big”)?""
Response: 1

Item ID: CREDI_D14
Item text: ""If you show the child two objects or people of different size, can he/she tell you which one is the big one and which is the small one?""
Response: 1

Item ID: CREDI_D15
Item text: ""Can the child identify at least one color (e.g., red, blue, yellow)?""
Response: 1

Item ID: CREDI_D16
Item text: ""Can the child explain in words what common objects like a cup or a chair are used for?""
Response: 0

Item ID: CREDI_D17
Item text: ""If you ask the child to give you three objects (e.g., stones, beans), does the child give you the correct amount?""
Response: 0

Item ID: CREDI_D18
Item text: ""Can the child use “on”, “in”, “under” correctly to tell the location of the object? (e.g., “the cup is on the table” instead of “the cup is in the table”)""
Response: 0

Item ID: CREDI_D19
Item text: ""Does the child ask about familiar people other than parents when they are not there (e.g., “where is the neighbor?”)?""
Response: 0

Item ID: CREDI_D2
Item text: ""Can the child ask for something (e.g., food, water) by name when he/she wants it?""
Response: 1

Item ID: CREDI_D20
Item text: ""Does the child ask “why” questions (e.g., “why are you tall?”)?""
Response: 0

Item ID: CREDI_D3
Item text: ""Can the child correctly name at least one family member other than mom and dad (e.g., name of brother, sister, aunt, uncle)?""
Response: 1

Item ID: CREDI_D4
Item text: ""If the child knows an object (like a cup or an animal) and you show it to him/her, can he/she tell its name every time?""
Response: 1

Item ID: CREDI_D5
Item text: ""Can the child remove an item of clothing (e.g., take off his/her shirt)?""
Response: 1

Item ID: CREDI_D6
Item text: ""Can the child say ten or more separate words (e.g., names like “mama” or objects like “ball”)?""
Response: 1

Item ID: CREDI_D7
Item text: ""Can the child tell you when he/she is tired or hungry?""
Response: 1

Item ID: CREDI_D8
Item text: ""Can the child sing a short song or repeat parts of a rhyme from memory by him/herself?""
Response: 1

Item ID: CREDI_D9
Item text: ""Can the child jump with both feet leaving the ground?""
Response: 1
    Now predict this person's response to the held-out item below.
    Held-out item ID: CREDI_D11
    Held-out item text: ""Can the child correctly ask questions using any of the words “what,” “which,” “where,” or “who”?""
    Return the predicted response as 0 or 1."
60_506_2022,CREDI_D12,"Can the child count up to five objects (e.g., fingers, people)?",1,1,Child performs other counting and numeric tasks successfully.,39,"Below are the observed responses for one person.
    Observed item responses:
    Item ID: CREDI_C1
Item text: ""Can the child maintain a standing position on his/her own, without holding on or receiving support?""
Response: 1

Item ID: CREDI_C10
Item text: ""Does the child show sympathy or look concerned when others are hurt or sad?""
Response: 1

Item ID: CREDI_C11
Item text: ""Can the child run more than a few steps without falling or bumping into objects?""
Response: 1

Item ID: CREDI_C12
Item text: ""Can the child drink from a cup (without a lid) on his/her own without spilling?""
Response: 0

Item ID: CREDI_C13
Item text: ""Can the child stack three or more small objects (e.g., blocks, cups, bottle caps) on top of each other?""
Response: 1

Item ID: CREDI_C14
Item text: ""Can the child answer simple questions (e.g., “do you want water?”) by saying “yes” or “no,” rather than nodding?""
Response: 0

Item ID: CREDI_C15
Item text: ""Does the child play with an object by making it something else? (e.g., imagining a bottle as a doll, a stone as a car, or a spoon as an airplane)""
Response: 0

Item ID: CREDI_C16
Item text: ""Can the child correctly name at least one family member other than mom and dad (e.g., name of brother, sister, aunt, uncle)?""
Response: 0

Item ID: CREDI_C17
Item text: ""Can the child ask for something (e.g., food, water) by name when he/she wants it?""
Response: 0

Item ID: CREDI_C18
Item text: ""Can the child walk backwards?""
Response: 0

Item ID: CREDI_C19
Item text: ""If the child knows an object (like a cup or an animal) and you show it to him/her, can he/she tell its name every time?""
Response: 0

Item ID: CREDI_C2
Item text: ""Can the child follow simple directions (e.g., “stand up” or “come here”)?""
Response: 1

Item ID: CREDI_C20
Item text: ""Can the child say ten or more separate words (e.g., names like “mama” or objects like “ball”)?""
Response: 0

Item ID: CREDI_C3
Item text: ""Does the child imitate others’ behavior (e.g., washing hands or dishes)?""
Response: 1

Item ID: CREDI_C4
Item text: ""Can the child climb onto an object such as a chair or bench?""
Response: 1

Item ID: CREDI_C5
Item text: ""Is the child kind to younger children (e.g., speaks to them nicely and touches them gently)?""
Response: 1

Item ID: CREDI_C6
Item text: ""Does the child show curiosity to learn new things (e.g., by asking questions or exploring a new area)?""
Response: 0

Item ID: CREDI_C7
Item text: ""Can the child point to a person or object when asked (e.g., “where is mama?” or “where is the ball?”)?""
Response: 1

Item ID: CREDI_C8
Item text: ""Can the child kick a ball, or other round objects, forward using his/her foot?""
Response: 1

Item ID: CREDI_C9
Item text: ""Does the child involve others in play (i.e., play interactive games with other children)?""
Response: 1

Item ID: CREDI_D1
Item text: ""Can the child walk backwards?""
Response: 1

Item ID: CREDI_D10
Item text: ""Can the child correctly use any of the words “I,” “you,” “she,” or “he” (e.g., “I go to store,” or “he eats rice”)?""
Response: 0

Item ID: CREDI_D11
Item text: ""Can the child correctly ask questions using any of the words “what,” “which,” “where,” or “who”?""
Response: 0

Item ID: CREDI_D13
Item text: ""Can the child speak using sentences of three or more words that go together (e.g., “I want water” or “the house is big”)?""
Response: 1

Item ID: CREDI_D14
Item text: ""If you show the child two objects or people of different size, can he/she tell you which one is the big one and which is the small one?""
Response: 1

Item ID: CREDI_D15
Item text: ""Can the child identify at least one color (e.g., red, blue, yellow)?""
Response: 1

Item ID: CREDI_D16
Item text: ""Can the child explain in words what common objects like a cup or a chair are used for?""
Response: 0

Item ID: CREDI_D17
Item text: ""If you ask the child to give you three objects (e.g., stones, beans), does the child give you the correct amount?""
Response: 0

Item ID: CREDI_D18
Item text: ""Can the child use “on”, “in”, “under” correctly to tell the location of the object? (e.g., “the cup is on the table” instead of “the cup is in the table”)""
Response: 0

Item ID: CREDI_D19
Item text: ""Does the child ask about familiar people other than parents when they are not there (e.g., “where is the neighbor?”)?""
Response: 0

Item ID: CREDI_D2
Item text: ""Can the child ask for something (e.g., food, water) by name when he/she wants it?""
Response: 1

Item ID: CREDI_D20
Item text: ""Does the child ask “why” questions (e.g., “why are you tall?”)?""
Response: 0

Item ID: CREDI_D3
Item text: ""Can the child correctly name at least one family member other than mom and dad (e.g., name of brother, sister, aunt, uncle)?""
Response: 1

Item ID: CREDI_D4
Item text: ""If the child knows an object (like a cup or an animal) and you show it to him/her, can he/she tell its name every time?""
Response: 1

Item ID: CREDI_D5
Item text: ""Can the child remove an item of clothing (e.g., take off his/her shirt)?""
Response: 1

Item ID: CREDI_D6
Item text: ""Can the child say ten or more separate words (e.g., names like “mama” or objects like “ball”)?""
Response: 1

Item ID: CREDI_D7
Item text: ""Can the child tell you when he/she is tired or hungry?""
Response: 1

Item ID: CREDI_D8
Item text: ""Can the child sing a short song or repeat parts of a rhyme from memory by him/herself?""
Response: 1

Item ID: CREDI_D9
Item text: ""Can the child jump with both feet leaving the ground?""
Response: 1
    Now predict this person's response to the held-out item below.
    Held-out item ID: CREDI_D12
    Held-out item text: ""Can the child count up to five objects (e.g., fingers, people)?""
    Return the predicted response as 0 or 1."
60_506_2022,CREDI_D13,"Can the child speak using sentences of three or more words that go together (e.g., “I want water” or “the house is big”)?",1,1,Child uses multiple words and phrases in speech.,39,"Below are the observed responses for one person.
    Observed item responses:
    Item ID: CREDI_C1
Item text: ""Can the child maintain a standing position on his/her own, without holding on or receiving support?""
Response: 1

Item ID: CREDI_C10
Item text: ""Does the child show sympathy or look concerned when others are hurt or sad?""
Response: 1

Item ID: CREDI_C11
Item text: ""Can the child run more than a few steps without falling or bumping into objects?""
Response: 1

Item ID: CREDI_C12
Item text: ""Can the child drink from a cup (without a lid) on his/her own without spilling?""
Response: 0

Item ID: CREDI_C13
Item text: ""Can the child stack three or more small objects (e.g., blocks, cups, bottle caps) on top of each other?""
Response: 1

Item ID: CREDI_C14
Item text: ""Can the child answer simple questions (e.g., “do you want water?”) by saying “yes” or “no,” rather than nodding?""
Response: 0

Item ID: CREDI_C15
Item text: ""Does the child play with an object by making it something else? (e.g., imagining a bottle as a doll, a stone as a car, or a spoon as an airplane)""
Response: 0

Item ID: CREDI_C16
Item text: ""Can the child correctly name at least one family member other than mom and dad (e.g., name of brother, sister, aunt, uncle)?""
Response: 0

Item ID: CREDI_C17
Item text: ""Can the child ask for something (e.g., food, water) by name when he/she wants it?""
Response: 0

Item ID: CREDI_C18
Item text: ""Can the child walk backwards?""
Response: 0

Item ID: CREDI_C19
Item text: ""If the child knows an object (like a cup or an animal) and you show it to him/her, can he/she tell its name every time?""
Response: 0

Item ID: CREDI_C2
Item text: ""Can the child follow simple directions (e.g., “stand up” or “come here”)?""
Response: 1

Item ID: CREDI_C20
Item text: ""Can the child say ten or more separate words (e.g., names like “mama” or objects like “ball”)?""
Response: 0

Item ID: CREDI_C3
Item text: ""Does the child imitate others’ behavior (e.g., washing hands or dishes)?""
Response: 1

Item ID: CREDI_C4
Item text: ""Can the child climb onto an object such as a chair or bench?""
Response: 1

Item ID: CREDI_C5
Item text: ""Is the child kind to younger children (e.g., speaks to them nicely and touches them gently)?""
Response: 1

Item ID: CREDI_C6
Item text: ""Does the child show curiosity to learn new things (e.g., by asking questions or exploring a new area)?""
Response: 0

Item ID: CREDI_C7
Item text: ""Can the child point to a person or object when asked (e.g., “where is mama?” or “where is the ball?”)?""
Response: 1

Item ID: CREDI_C8
Item text: ""Can the child kick a ball, or other round objects, forward using his/her foot?""
Response: 1

Item ID: CREDI_C9
Item text: ""Does the child involve others in play (i.e., play interactive games with other children)?""
Response: 1

Item ID: CREDI_D1
Item text: ""Can the child walk backwards?""
Response: 1

Item ID: CREDI_D10
Item text: ""Can the child correctly use any of the words “I,” “you,” “she,” or “he” (e.g., “I go to store,” or “he eats rice”)?""
Response: 0

Item ID: CREDI_D11
Item text: ""Can the child correctly ask questions using any of the words “what,” “which,” “where,” or “who”?""
Response: 0

Item ID: CREDI_D12
Item text: ""Can the child count up to five objects (e.g., fingers, people)?""
Response: 1

Item ID: CREDI_D14
Item text: ""If you show the child two objects or people of different size, can he/she tell you which one is the big one and which is the small one?""
Response: 1

Item ID: CREDI_D15
Item text: ""Can the child identify at least one color (e.g., red, blue, yellow)?""
Response: 1

Item ID: CREDI_D16
Item text: ""Can the child explain in words what common objects like a cup or a chair are used for?""
Response: 0

Item ID: CREDI_D17
Item text: ""If you ask the child to give you three objects (e.g., stones, beans), does the child give you the correct amount?""
Response: 0

Item ID: CREDI_D18
Item text: ""Can the child use “on”, “in”, “under” correctly to tell the location of the object? (e.g., “the cup is on the table” instead of “the cup is in the table”)""
Response: 0

Item ID: CREDI_D19
Item text: ""Does the child ask about familiar people other than parents when they are not there (e.g., “where is the neighbor?”)?""
Response: 0

Item ID: CREDI_D2
Item text: ""Can the child ask for something (e.g., food, water) by name when he/she wants it?""
Response: 1

Item ID: CREDI_D20
Item text: ""Does the child ask “why” questions (e.g., “why are you tall?”)?""
Response: 0

Item ID: CREDI_D3
Item text: ""Can the child correctly name at least one family member other than mom and dad (e.g., name of brother, sister, aunt, uncle)?""
Response: 1

Item ID: CREDI_D4
Item text: ""If the child knows an object (like a cup or an animal) and you show it to him/her, can he/she tell its name every time?""
Response: 1

Item ID: CREDI_D5
Item text: ""Can the child remove an item of clothing (e.g., take off his/her shirt)?""
Response: 1

Item ID: CREDI_D6
Item text: ""Can the child say ten or more separate words (e.g., names like “mama” or objects like “ball”)?""
Response: 1

Item ID: CREDI_D7
Item text: ""Can the child tell you when he/she is tired or hungry?""
Response: 1

Item ID: CREDI_D8
Item text: ""Can the child sing a short song or repeat parts of a rhyme from memory by him/herself?""
Response: 1

Item ID: CREDI_D9
Item text: ""Can the child jump with both feet leaving the ground?""
Response: 1
    Now predict this person's response to the held-out item below.
    Held-out item ID: CREDI_D13
    Held-out item text: ""Can the child speak using sentences of three or more words that go together (e.g., “I want water” or “the house is big”)?""
    Return the predicted response as 0 or 1."
60_506_2022,CREDI_D14,"If you show the child two objects or people of different size, can he/she tell you which one is the big one and which is the small one?",1,1,Child identifies size differences correctly in similar tasks.,39,"Below are the observed responses for one person.
    Observed item responses:
    Item ID: CREDI_C1
Item text: ""Can the child maintain a standing position on his/her own, without holding on or receiving support?""
Response: 1

Item ID: CREDI_C10
Item text: ""Does the child show sympathy or look concerned when others are hurt or sad?""
Response: 1

Item ID: CREDI_C11
Item text: ""Can the child run more than a few steps without falling or bumping into objects?""
Response: 1

Item ID: CREDI_C12
Item text: ""Can the child drink from a cup (without a lid) on his/her own without spilling?""
Response: 0

Item ID: CREDI_C13
Item text: ""Can the child stack three or more small objects (e.g., blocks, cups, bottle caps) on top of each other?""
Response: 1

Item ID: CREDI_C14
Item text: ""Can the child answer simple questions (e.g., “do you want water?”) by saying “yes” or “no,” rather than nodding?""
Response: 0

Item ID: CREDI_C15
Item text: ""Does the child play with an object by making it something else? (e.g., imagining a bottle as a doll, a stone as a car, or a spoon as an airplane)""
Response: 0

Item ID: CREDI_C16
Item text: ""Can the child correctly name at least one family member other than mom and dad (e.g., name of brother, sister, aunt, uncle)?""
Response: 0

Item ID: CREDI_C17
Item text: ""Can the child ask for something (e.g., food, water) by name when he/she wants it?""
Response: 0

Item ID: CREDI_C18
Item text: ""Can the child walk backwards?""
Response: 0

Item ID: CREDI_C19
Item text: ""If the child knows an object (like a cup or an animal) and you show it to him/her, can he/she tell its name every time?""
Response: 0

Item ID: CREDI_C2
Item text: ""Can the child follow simple directions (e.g., “stand up” or “come here”)?""
Response: 1

Item ID: CREDI_C20
Item text: ""Can the child say ten or more separate words (e.g., names like “mama” or objects like “ball”)?""
Response: 0

Item ID: CREDI_C3
Item text: ""Does the child imitate others’ behavior (e.g., washing hands or dishes)?""
Response: 1

Item ID: CREDI_C4
Item text: ""Can the child climb onto an object such as a chair or bench?""
Response: 1

Item ID: CREDI_C5
Item text: ""Is the child kind to younger children (e.g., speaks to them nicely and touches them gently)?""
Response: 1

Item ID: CREDI_C6
Item text: ""Does the child show curiosity to learn new things (e.g., by asking questions or exploring a new area)?""
Response: 0

Item ID: CREDI_C7
Item text: ""Can the child point to a person or object when asked (e.g., “where is mama?” or “where is the ball?”)?""
Response: 1

Item ID: CREDI_C8
Item text: ""Can the child kick a ball, or other round objects, forward using his/her foot?""
Response: 1

Item ID: CREDI_C9
Item text: ""Does the child involve others in play (i.e., play interactive games with other children)?""
Response: 1

Item ID: CREDI_D1
Item text: ""Can the child walk backwards?""
Response: 1

Item ID: CREDI_D10
Item text: ""Can the child correctly use any of the words “I,” “you,” “she,” or “he” (e.g., “I go to store,” or “he eats rice”)?""
Response: 0

Item ID: CREDI_D11
Item text: ""Can the child correctly ask questions using any of the words “what,” “which,” “where,” or “who”?""
Response: 0

Item ID: CREDI_D12
Item text: ""Can the child count up to five objects (e.g., fingers, people)?""
Response: 1

Item ID: CREDI_D13
Item text: ""Can the child speak using sentences of three or more words that go together (e.g., “I want water” or “the house is big”)?""
Response: 1

Item ID: CREDI_D15
Item text: ""Can the child identify at least one color (e.g., red, blue, yellow)?""
Response: 1

Item ID: CREDI_D16
Item text: ""Can the child explain in words what common objects like a cup or a chair are used for?""
Response: 0

Item ID: CREDI_D17
Item text: ""If you ask the child to give you three objects (e.g., stones, beans), does the child give you the correct amount?""
Response: 0

Item ID: CREDI_D18
Item text: ""Can the child use “on”, “in”, “under” correctly to tell the location of the object? (e.g., “the cup is on the table” instead of “the cup is in the table”)""
Response: 0

Item ID: CREDI_D19
Item text: ""Does the child ask about familiar people other than parents when they are not there (e.g., “where is the neighbor?”)?""
Response: 0

Item ID: CREDI_D2
Item text: ""Can the child ask for something (e.g., food, water) by name when he/she wants it?""
Response: 1

Item ID: CREDI_D20
Item text: ""Does the child ask “why” questions (e.g., “why are you tall?”)?""
Response: 0

Item ID: CREDI_D3
Item text: ""Can the child correctly name at least one family member other than mom and dad (e.g., name of brother, sister, aunt, uncle)?""
Response: 1

Item ID: CREDI_D4
Item text: ""If the child knows an object (like a cup or an animal) and you show it to him/her, can he/she tell its name every time?""
Response: 1

Item ID: CREDI_D5
Item text: ""Can the child remove an item of clothing (e.g., take off his/her shirt)?""
Response: 1

Item ID: CREDI_D6
Item text: ""Can the child say ten or more separate words (e.g., names like “mama” or objects like “ball”)?""
Response: 1

Item ID: CREDI_D7
Item text: ""Can the child tell you when he/she is tired or hungry?""
Response: 1

Item ID: CREDI_D8
Item text: ""Can the child sing a short song or repeat parts of a rhyme from memory by him/herself?""
Response: 1

Item ID: CREDI_D9
Item text: ""Can the child jump with both feet leaving the ground?""
Response: 1
    Now predict this person's response to the held-out item below.
    Held-out item ID: CREDI_D14
    Held-out item text: ""If you show the child two objects or people of different size, can he/she tell you which one is the big one and which is the small one?""
    Return the predicted response as 0 or 1."
60_506_2022,CREDI_D15,"Can the child identify at least one color (e.g., red, blue, yellow)?",1,1,Child identifies size and counts objects correctly.,39,"Below are the observed responses for one person.
    Observed item responses:
    Item ID: CREDI_C1
Item text: ""Can the child maintain a standing position on his/her own, without holding on or receiving support?""
Response: 1

Item ID: CREDI_C10
Item text: ""Does the child show sympathy or look concerned when others are hurt or sad?""
Response: 1

Item ID: CREDI_C11
Item text: ""Can the child run more than a few steps without falling or bumping into objects?""
Response: 1

Item ID: CREDI_C12
Item text: ""Can the child drink from a cup (without a lid) on his/her own without spilling?""
Response: 0

Item ID: CREDI_C13
Item text: ""Can the child stack three or more small objects (e.g., blocks, cups, bottle caps) on top of each other?""
Response: 1

Item ID: CREDI_C14
Item text: ""Can the child answer simple questions (e.g., “do you want water?”) by saying “yes” or “no,” rather than nodding?""
Response: 0

Item ID: CREDI_C15
Item text: ""Does the child play with an object by making it something else? (e.g., imagining a bottle as a doll, a stone as a car, or a spoon as an airplane)""
Response: 0

Item ID: CREDI_C16
Item text: ""Can the child correctly name at least one family member other than mom and dad (e.g., name of brother, sister, aunt, uncle)?""
Response: 0

Item ID: CREDI_C17
Item text: ""Can the child ask for something (e.g., food, water) by name when he/she wants it?""
Response: 0

Item ID: CREDI_C18
Item text: ""Can the child walk backwards?""
Response: 0

Item ID: CREDI_C19
Item text: ""If the child knows an object (like a cup or an animal) and you show it to him/her, can he/she tell its name every time?""
Response: 0

Item ID: CREDI_C2
Item text: ""Can the child follow simple directions (e.g., “stand up” or “come here”)?""
Response: 1

Item ID: CREDI_C20
Item text: ""Can the child say ten or more separate words (e.g., names like “mama” or objects like “ball”)?""
Response: 0

Item ID: CREDI_C3
Item text: ""Does the child imitate others’ behavior (e.g., washing hands or dishes)?""
Response: 1

Item ID: CREDI_C4
Item text: ""Can the child climb onto an object such as a chair or bench?""
Response: 1

Item ID: CREDI_C5
Item text: ""Is the child kind to younger children (e.g., speaks to them nicely and touches them gently)?""
Response: 1

Item ID: CREDI_C6
Item text: ""Does the child show curiosity to learn new things (e.g., by asking questions or exploring a new area)?""
Response: 0

Item ID: CREDI_C7
Item text: ""Can the child point to a person or object when asked (e.g., “where is mama?” or “where is the ball?”)?""
Response: 1

Item ID: CREDI_C8
Item text: ""Can the child kick a ball, or other round objects, forward using his/her foot?""
Response: 1

Item ID: CREDI_C9
Item text: ""Does the child involve others in play (i.e., play interactive games with other children)?""
Response: 1

Item ID: CREDI_D1
Item text: ""Can the child walk backwards?""
Response: 1

Item ID: CREDI_D10
Item text: ""Can the child correctly use any of the words “I,” “you,” “she,” or “he” (e.g., “I go to store,” or “he eats rice”)?""
Response: 0

Item ID: CREDI_D11
Item text: ""Can the child correctly ask questions using any of the words “what,” “which,” “where,” or “who”?""
Response: 0

Item ID: CREDI_D12
Item text: ""Can the child count up to five objects (e.g., fingers, people)?""
Response: 1

Item ID: CREDI_D13
Item text: ""Can the child speak using sentences of three or more words that go together (e.g., “I want water” or “the house is big”)?""
Response: 1

Item ID: CREDI_D14
Item text: ""If you show the child two objects or people of different size, can he/she tell you which one is the big one and which is the small one?""
Response: 1

Item ID: CREDI_D16
Item text: ""Can the child explain in words what common objects like a cup or a chair are used for?""
Response: 0

Item ID: CREDI_D17
Item text: ""If you ask the child to give you three objects (e.g., stones, beans), does the child give you the correct amount?""
Response: 0

Item ID: CREDI_D18
Item text: ""Can the child use “on”, “in”, “under” correctly to tell the location of the object? (e.g., “the cup is on the table” instead of “the cup is in the table”)""
Response: 0

Item ID: CREDI_D19
Item text: ""Does the child ask about familiar people other than parents when they are not there (e.g., “where is the neighbor?”)?""
Response: 0

Item ID: CREDI_D2
Item text: ""Can the child ask for something (e.g., food, water) by name when he/she wants it?""
Response: 1

Item ID: CREDI_D20
Item text: ""Does the child ask “why” questions (e.g., “why are you tall?”)?""
Response: 0

Item ID: CREDI_D3
Item text: ""Can the child correctly name at least one family member other than mom and dad (e.g., name of brother, sister, aunt, uncle)?""
Response: 1

Item ID: CREDI_D4
Item text: ""If the child knows an object (like a cup or an animal) and you show it to him/her, can he/she tell its name every time?""
Response: 1

Item ID: CREDI_D5
Item text: ""Can the child remove an item of clothing (e.g., take off his/her shirt)?""
Response: 1

Item ID: CREDI_D6
Item text: ""Can the child say ten or more separate words (e.g., names like “mama” or objects like “ball”)?""
Response: 1

Item ID: CREDI_D7
Item text: ""Can the child tell you when he/she is tired or hungry?""
Response: 1

Item ID: CREDI_D8
Item text: ""Can the child sing a short song or repeat parts of a rhyme from memory by him/herself?""
Response: 1

Item ID: CREDI_D9
Item text: ""Can the child jump with both feet leaving the ground?""
Response: 1
    Now predict this person's response to the held-out item below.
    Held-out item ID: CREDI_D15
    Held-out item text: ""Can the child identify at least one color (e.g., red, blue, yellow)?""
    Return the predicted response as 0 or 1."
60_506_2022,CREDI_D16,Can the child explain in words what common objects like a cup or a chair are used for?,0,0,Child unable to explain uses of common objects verbally.,39,"Below are the observed responses for one person.
    Observed item responses:
    Item ID: CREDI_C1
Item text: ""Can the child maintain a standing position on his/her own, without holding on or receiving support?""
Response: 1

Item ID: CREDI_C10
Item text: ""Does the child show sympathy or look concerned when others are hurt or sad?""
Response: 1

Item ID: CREDI_C11
Item text: ""Can the child run more than a few steps without falling or bumping into objects?""
Response: 1

Item ID: CREDI_C12
Item text: ""Can the child drink from a cup (without a lid) on his/her own without spilling?""
Response: 0

Item ID: CREDI_C13
Item text: ""Can the child stack three or more small objects (e.g., blocks, cups, bottle caps) on top of each other?""
Response: 1

Item ID: CREDI_C14
Item text: ""Can the child answer simple questions (e.g., “do you want water?”) by saying “yes” or “no,” rather than nodding?""
Response: 0

Item ID: CREDI_C15
Item text: ""Does the child play with an object by making it something else? (e.g., imagining a bottle as a doll, a stone as a car, or a spoon as an airplane)""
Response: 0

Item ID: CREDI_C16
Item text: ""Can the child correctly name at least one family member other than mom and dad (e.g., name of brother, sister, aunt, uncle)?""
Response: 0

Item ID: CREDI_C17
Item text: ""Can the child ask for something (e.g., food, water) by name when he/she wants it?""
Response: 0

Item ID: CREDI_C18
Item text: ""Can the child walk backwards?""
Response: 0

Item ID: CREDI_C19
Item text: ""If the child knows an object (like a cup or an animal) and you show it to him/her, can he/she tell its name every time?""
Response: 0

Item ID: CREDI_C2
Item text: ""Can the child follow simple directions (e.g., “stand up” or “come here”)?""
Response: 1

Item ID: CREDI_C20
Item text: ""Can the child say ten or more separate words (e.g., names like “mama” or objects like “ball”)?""
Response: 0

Item ID: CREDI_C3
Item text: ""Does the child imitate others’ behavior (e.g., washing hands or dishes)?""
Response: 1

Item ID: CREDI_C4
Item text: ""Can the child climb onto an object such as a chair or bench?""
Response: 1

Item ID: CREDI_C5
Item text: ""Is the child kind to younger children (e.g., speaks to them nicely and touches them gently)?""
Response: 1

Item ID: CREDI_C6
Item text: ""Does the child show curiosity to learn new things (e.g., by asking questions or exploring a new area)?""
Response: 0

Item ID: CREDI_C7
Item text: ""Can the child point to a person or object when asked (e.g., “where is mama?” or “where is the ball?”)?""
Response: 1

Item ID: CREDI_C8
Item text: ""Can the child kick a ball, or other round objects, forward using his/her foot?""
Response: 1

Item ID: CREDI_C9
Item text: ""Does the child involve others in play (i.e., play interactive games with other children)?""
Response: 1

Item ID: CREDI_D1
Item text: ""Can the child walk backwards?""
Response: 1

Item ID: CREDI_D10
Item text: ""Can the child correctly use any of the words “I,” “you,” “she,” or “he” (e.g., “I go to store,” or “he eats rice”)?""
Response: 0

Item ID: CREDI_D11
Item text: ""Can the child correctly ask questions using any of the words “what,” “which,” “where,” or “who”?""
Response: 0

Item ID: CREDI_D12
Item text: ""Can the child count up to five objects (e.g., fingers, people)?""
Response: 1

Item ID: CREDI_D13
Item text: ""Can the child speak using sentences of three or more words that go together (e.g., “I want water” or “the house is big”)?""
Response: 1

Item ID: CREDI_D14
Item text: ""If you show the child two objects or people of different size, can he/she tell you which one is the big one and which is the small one?""
Response: 1

Item ID: CREDI_D15
Item text: ""Can the child identify at least one color (e.g., red, blue, yellow)?""
Response: 1

Item ID: CREDI_D17
Item text: ""If you ask the child to give you three objects (e.g., stones, beans), does the child give you the correct amount?""
Response: 0

Item ID: CREDI_D18
Item text: ""Can the child use “on”, “in”, “under” correctly to tell the location of the object? (e.g., “the cup is on the table” instead of “the cup is in the table”)""
Response: 0

Item ID: CREDI_D19
Item text: ""Does the child ask about familiar people other than parents when they are not there (e.g., “where is the neighbor?”)?""
Response: 0

Item ID: CREDI_D2
Item text: ""Can the child ask for something (e.g., food, water) by name when he/she wants it?""
Response: 1

Item ID: CREDI_D20
Item text: ""Does the child ask “why” questions (e.g., “why are you tall?”)?""
Response: 0

Item ID: CREDI_D3
Item text: ""Can the child correctly name at least one family member other than mom and dad (e.g., name of brother, sister, aunt, uncle)?""
Response: 1

Item ID: CREDI_D4
Item text: ""If the child knows an object (like a cup or an animal) and you show it to him/her, can he/she tell its name every time?""
Response: 1

Item ID: CREDI_D5
Item text: ""Can the child remove an item of clothing (e.g., take off his/her shirt)?""
Response: 1

Item ID: CREDI_D6
Item text: ""Can the child say ten or more separate words (e.g., names like “mama” or objects like “ball”)?""
Response: 1

Item ID: CREDI_D7
Item text: ""Can the child tell you when he/she is tired or hungry?""
Response: 1

Item ID: CREDI_D8
Item text: ""Can the child sing a short song or repeat parts of a rhyme from memory by him/herself?""
Response: 1

Item ID: CREDI_D9
Item text: ""Can the child jump with both feet leaving the ground?""
Response: 1
    Now predict this person's response to the held-out item below.
    Held-out item ID: CREDI_D16
    Held-out item text: ""Can the child explain in words what common objects like a cup or a chair are used for?""
    Return the predicted response as 0 or 1."
60_506_2022,CREDI_D17,"If you ask the child to give you three objects (e.g., stones, beans), does the child give you the correct amount?",0,0,Child scores 0 on similar quantity tasks.,39,"Below are the observed responses for one person.
    Observed item responses:
    Item ID: CREDI_C1
Item text: ""Can the child maintain a standing position on his/her own, without holding on or receiving support?""
Response: 1

Item ID: CREDI_C10
Item text: ""Does the child show sympathy or look concerned when others are hurt or sad?""
Response: 1

Item ID: CREDI_C11
Item text: ""Can the child run more than a few steps without falling or bumping into objects?""
Response: 1

Item ID: CREDI_C12
Item text: ""Can the child drink from a cup (without a lid) on his/her own without spilling?""
Response: 0

Item ID: CREDI_C13
Item text: ""Can the child stack three or more small objects (e.g., blocks, cups, bottle caps) on top of each other?""
Response: 1

Item ID: CREDI_C14
Item text: ""Can the child answer simple questions (e.g., “do you want water?”) by saying “yes” or “no,” rather than nodding?""
Response: 0

Item ID: CREDI_C15
Item text: ""Does the child play with an object by making it something else? (e.g., imagining a bottle as a doll, a stone as a car, or a spoon as an airplane)""
Response: 0

Item ID: CREDI_C16
Item text: ""Can the child correctly name at least one family member other than mom and dad (e.g., name of brother, sister, aunt, uncle)?""
Response: 0

Item ID: CREDI_C17
Item text: ""Can the child ask for something (e.g., food, water) by name when he/she wants it?""
Response: 0

Item ID: CREDI_C18
Item text: ""Can the child walk backwards?""
Response: 0

Item ID: CREDI_C19
Item text: ""If the child knows an object (like a cup or an animal) and you show it to him/her, can he/she tell its name every time?""
Response: 0

Item ID: CREDI_C2
Item text: ""Can the child follow simple directions (e.g., “stand up” or “come here”)?""
Response: 1

Item ID: CREDI_C20
Item text: ""Can the child say ten or more separate words (e.g., names like “mama” or objects like “ball”)?""
Response: 0

Item ID: CREDI_C3
Item text: ""Does the child imitate others’ behavior (e.g., washing hands or dishes)?""
Response: 1

Item ID: CREDI_C4
Item text: ""Can the child climb onto an object such as a chair or bench?""
Response: 1

Item ID: CREDI_C5
Item text: ""Is the child kind to younger children (e.g., speaks to them nicely and touches them gently)?""
Response: 1

Item ID: CREDI_C6
Item text: ""Does the child show curiosity to learn new things (e.g., by asking questions or exploring a new area)?""
Response: 0

Item ID: CREDI_C7
Item text: ""Can the child point to a person or object when asked (e.g., “where is mama?” or “where is the ball?”)?""
Response: 1

Item ID: CREDI_C8
Item text: ""Can the child kick a ball, or other round objects, forward using his/her foot?""
Response: 1

Item ID: CREDI_C9
Item text: ""Does the child involve others in play (i.e., play interactive games with other children)?""
Response: 1

Item ID: CREDI_D1
Item text: ""Can the child walk backwards?""
Response: 1

Item ID: CREDI_D10
Item text: ""Can the child correctly use any of the words “I,” “you,” “she,” or “he” (e.g., “I go to store,” or “he eats rice”)?""
Response: 0

Item ID: CREDI_D11
Item text: ""Can the child correctly ask questions using any of the words “what,” “which,” “where,” or “who”?""
Response: 0

Item ID: CREDI_D12
Item text: ""Can the child count up to five objects (e.g., fingers, people)?""
Response: 1

Item ID: CREDI_D13
Item text: ""Can the child speak using sentences of three or more words that go together (e.g., “I want water” or “the house is big”)?""
Response: 1

Item ID: CREDI_D14
Item text: ""If you show the child two objects or people of different size, can he/she tell you which one is the big one and which is the small one?""
Response: 1

Item ID: CREDI_D15
Item text: ""Can the child identify at least one color (e.g., red, blue, yellow)?""
Response: 1

Item ID: CREDI_D16
Item text: ""Can the child explain in words what common objects like a cup or a chair are used for?""
Response: 0

Item ID: CREDI_D18
Item text: ""Can the child use “on”, “in”, “under” correctly to tell the location of the object? (e.g., “the cup is on the table” instead of “the cup is in the table”)""
Response: 0

Item ID: CREDI_D19
Item text: ""Does the child ask about familiar people other than parents when they are not there (e.g., “where is the neighbor?”)?""
Response: 0

Item ID: CREDI_D2
Item text: ""Can the child ask for something (e.g., food, water) by name when he/she wants it?""
Response: 1

Item ID: CREDI_D20
Item text: ""Does the child ask “why” questions (e.g., “why are you tall?”)?""
Response: 0

Item ID: CREDI_D3
Item text: ""Can the child correctly name at least one family member other than mom and dad (e.g., name of brother, sister, aunt, uncle)?""
Response: 1

Item ID: CREDI_D4
Item text: ""If the child knows an object (like a cup or an animal) and you show it to him/her, can he/she tell its name every time?""
Response: 1

Item ID: CREDI_D5
Item text: ""Can the child remove an item of clothing (e.g., take off his/her shirt)?""
Response: 1

Item ID: CREDI_D6
Item text: ""Can the child say ten or more separate words (e.g., names like “mama” or objects like “ball”)?""
Response: 1

Item ID: CREDI_D7
Item text: ""Can the child tell you when he/she is tired or hungry?""
Response: 1

Item ID: CREDI_D8
Item text: ""Can the child sing a short song or repeat parts of a rhyme from memory by him/herself?""
Response: 1

Item ID: CREDI_D9
Item text: ""Can the child jump with both feet leaving the ground?""
Response: 1
    Now predict this person's response to the held-out item below.
    Held-out item ID: CREDI_D17
    Held-out item text: ""If you ask the child to give you three objects (e.g., stones, beans), does the child give you the correct amount?""
    Return the predicted response as 0 or 1."
60_506_2022,CREDI_D18,"Can the child use “on”, “in”, “under” correctly to tell the location of the object? (e.g., “the cup is on the table” instead of “the cup is in the table”)",0,0,Child has zero responses on similar location language tasks.,39,"Below are the observed responses for one person.
    Observed item responses:
    Item ID: CREDI_C1
Item text: ""Can the child maintain a standing position on his/her own, without holding on or receiving support?""
Response: 1

Item ID: CREDI_C10
Item text: ""Does the child show sympathy or look concerned when others are hurt or sad?""
Response: 1

Item ID: CREDI_C11
Item text: ""Can the child run more than a few steps without falling or bumping into objects?""
Response: 1

Item ID: CREDI_C12
Item text: ""Can the child drink from a cup (without a lid) on his/her own without spilling?""
Response: 0

Item ID: CREDI_C13
Item text: ""Can the child stack three or more small objects (e.g., blocks, cups, bottle caps) on top of each other?""
Response: 1

Item ID: CREDI_C14
Item text: ""Can the child answer simple questions (e.g., “do you want water?”) by saying “yes” or “no,” rather than nodding?""
Response: 0

Item ID: CREDI_C15
Item text: ""Does the child play with an object by making it something else? (e.g., imagining a bottle as a doll, a stone as a car, or a spoon as an airplane)""
Response: 0

Item ID: CREDI_C16
Item text: ""Can the child correctly name at least one family member other than mom and dad (e.g., name of brother, sister, aunt, uncle)?""
Response: 0

Item ID: CREDI_C17
Item text: ""Can the child ask for something (e.g., food, water) by name when he/she wants it?""
Response: 0

Item ID: CREDI_C18
Item text: ""Can the child walk backwards?""
Response: 0

Item ID: CREDI_C19
Item text: ""If the child knows an object (like a cup or an animal) and you show it to him/her, can he/she tell its name every time?""
Response: 0

Item ID: CREDI_C2
Item text: ""Can the child follow simple directions (e.g., “stand up” or “come here”)?""
Response: 1

Item ID: CREDI_C20
Item text: ""Can the child say ten or more separate words (e.g., names like “mama” or objects like “ball”)?""
Response: 0

Item ID: CREDI_C3
Item text: ""Does the child imitate others’ behavior (e.g., washing hands or dishes)?""
Response: 1

Item ID: CREDI_C4
Item text: ""Can the child climb onto an object such as a chair or bench?""
Response: 1

Item ID: CREDI_C5
Item text: ""Is the child kind to younger children (e.g., speaks to them nicely and touches them gently)?""
Response: 1

Item ID: CREDI_C6
Item text: ""Does the child show curiosity to learn new things (e.g., by asking questions or exploring a new area)?""
Response: 0

Item ID: CREDI_C7
Item text: ""Can the child point to a person or object when asked (e.g., “where is mama?” or “where is the ball?”)?""
Response: 1

Item ID: CREDI_C8
Item text: ""Can the child kick a ball, or other round objects, forward using his/her foot?""
Response: 1

Item ID: CREDI_C9
Item text: ""Does the child involve others in play (i.e., play interactive games with other children)?""
Response: 1

Item ID: CREDI_D1
Item text: ""Can the child walk backwards?""
Response: 1

Item ID: CREDI_D10
Item text: ""Can the child correctly use any of the words “I,” “you,” “she,” or “he” (e.g., “I go to store,” or “he eats rice”)?""
Response: 0

Item ID: CREDI_D11
Item text: ""Can the child correctly ask questions using any of the words “what,” “which,” “where,” or “who”?""
Response: 0

Item ID: CREDI_D12
Item text: ""Can the child count up to five objects (e.g., fingers, people)?""
Response: 1

Item ID: CREDI_D13
Item text: ""Can the child speak using sentences of three or more words that go together (e.g., “I want water” or “the house is big”)?""
Response: 1

Item ID: CREDI_D14
Item text: ""If you show the child two objects or people of different size, can he/she tell you which one is the big one and which is the small one?""
Response: 1

Item ID: CREDI_D15
Item text: ""Can the child identify at least one color (e.g., red, blue, yellow)?""
Response: 1

Item ID: CREDI_D16
Item text: ""Can the child explain in words what common objects like a cup or a chair are used for?""
Response: 0

Item ID: CREDI_D17
Item text: ""If you ask the child to give you three objects (e.g., stones, beans), does the child give you the correct amount?""
Response: 0

Item ID: CREDI_D19
Item text: ""Does the child ask about familiar people other than parents when they are not there (e.g., “where is the neighbor?”)?""
Response: 0

Item ID: CREDI_D2
Item text: ""Can the child ask for something (e.g., food, water) by name when he/she wants it?""
Response: 1

Item ID: CREDI_D20
Item text: ""Does the child ask “why” questions (e.g., “why are you tall?”)?""
Response: 0

Item ID: CREDI_D3
Item text: ""Can the child correctly name at least one family member other than mom and dad (e.g., name of brother, sister, aunt, uncle)?""
Response: 1

Item ID: CREDI_D4
Item text: ""If the child knows an object (like a cup or an animal) and you show it to him/her, can he/she tell its name every time?""
Response: 1

Item ID: CREDI_D5
Item text: ""Can the child remove an item of clothing (e.g., take off his/her shirt)?""
Response: 1

Item ID: CREDI_D6
Item text: ""Can the child say ten or more separate words (e.g., names like “mama” or objects like “ball”)?""
Response: 1

Item ID: CREDI_D7
Item text: ""Can the child tell you when he/she is tired or hungry?""
Response: 1

Item ID: CREDI_D8
Item text: ""Can the child sing a short song or repeat parts of a rhyme from memory by him/herself?""
Response: 1

Item ID: CREDI_D9
Item text: ""Can the child jump with both feet leaving the ground?""
Response: 1
    Now predict this person's response to the held-out item below.
    Held-out item ID: CREDI_D18
    Held-out item text: ""Can the child use “on”, “in”, “under” correctly to tell the location of the object? (e.g., “the cup is on the table” instead of “the cup is in the table”)""
    Return the predicted response as 0 or 1."
60_506_2022,CREDI_D19,"Does the child ask about familiar people other than parents when they are not there (e.g., “where is the neighbor?”)?",0,0,Child never asks about familiar people other than parents.,39,"Below are the observed responses for one person.
    Observed item responses:
    Item ID: CREDI_C1
Item text: ""Can the child maintain a standing position on his/her own, without holding on or receiving support?""
Response: 1

Item ID: CREDI_C10
Item text: ""Does the child show sympathy or look concerned when others are hurt or sad?""
Response: 1

Item ID: CREDI_C11
Item text: ""Can the child run more than a few steps without falling or bumping into objects?""
Response: 1

Item ID: CREDI_C12
Item text: ""Can the child drink from a cup (without a lid) on his/her own without spilling?""
Response: 0

Item ID: CREDI_C13
Item text: ""Can the child stack three or more small objects (e.g., blocks, cups, bottle caps) on top of each other?""
Response: 1

Item ID: CREDI_C14
Item text: ""Can the child answer simple questions (e.g., “do you want water?”) by saying “yes” or “no,” rather than nodding?""
Response: 0

Item ID: CREDI_C15
Item text: ""Does the child play with an object by making it something else? (e.g., imagining a bottle as a doll, a stone as a car, or a spoon as an airplane)""
Response: 0

Item ID: CREDI_C16
Item text: ""Can the child correctly name at least one family member other than mom and dad (e.g., name of brother, sister, aunt, uncle)?""
Response: 0

Item ID: CREDI_C17
Item text: ""Can the child ask for something (e.g., food, water) by name when he/she wants it?""
Response: 0

Item ID: CREDI_C18
Item text: ""Can the child walk backwards?""
Response: 0

Item ID: CREDI_C19
Item text: ""If the child knows an object (like a cup or an animal) and you show it to him/her, can he/she tell its name every time?""
Response: 0

Item ID: CREDI_C2
Item text: ""Can the child follow simple directions (e.g., “stand up” or “come here”)?""
Response: 1

Item ID: CREDI_C20
Item text: ""Can the child say ten or more separate words (e.g., names like “mama” or objects like “ball”)?""
Response: 0

Item ID: CREDI_C3
Item text: ""Does the child imitate others’ behavior (e.g., washing hands or dishes)?""
Response: 1

Item ID: CREDI_C4
Item text: ""Can the child climb onto an object such as a chair or bench?""
Response: 1

Item ID: CREDI_C5
Item text: ""Is the child kind to younger children (e.g., speaks to them nicely and touches them gently)?""
Response: 1

Item ID: CREDI_C6
Item text: ""Does the child show curiosity to learn new things (e.g., by asking questions or exploring a new area)?""
Response: 0

Item ID: CREDI_C7
Item text: ""Can the child point to a person or object when asked (e.g., “where is mama?” or “where is the ball?”)?""
Response: 1

Item ID: CREDI_C8
Item text: ""Can the child kick a ball, or other round objects, forward using his/her foot?""
Response: 1

Item ID: CREDI_C9
Item text: ""Does the child involve others in play (i.e., play interactive games with other children)?""
Response: 1

Item ID: CREDI_D1
Item text: ""Can the child walk backwards?""
Response: 1

Item ID: CREDI_D10
Item text: ""Can the child correctly use any of the words “I,” “you,” “she,” or “he” (e.g., “I go to store,” or “he eats rice”)?""
Response: 0

Item ID: CREDI_D11
Item text: ""Can the child correctly ask questions using any of the words “what,” “which,” “where,” or “who”?""
Response: 0

Item ID: CREDI_D12
Item text: ""Can the child count up to five objects (e.g., fingers, people)?""
Response: 1

Item ID: CREDI_D13
Item text: ""Can the child speak using sentences of three or more words that go together (e.g., “I want water” or “the house is big”)?""
Response: 1

Item ID: CREDI_D14
Item text: ""If you show the child two objects or people of different size, can he/she tell you which one is the big one and which is the small one?""
Response: 1

Item ID: CREDI_D15
Item text: ""Can the child identify at least one color (e.g., red, blue, yellow)?""
Response: 1

Item ID: CREDI_D16
Item text: ""Can the child explain in words what common objects like a cup or a chair are used for?""
Response: 0

Item ID: CREDI_D17
Item text: ""If you ask the child to give you three objects (e.g., stones, beans), does the child give you the correct amount?""
Response: 0

Item ID: CREDI_D18
Item text: ""Can the child use “on”, “in”, “under” correctly to tell the location of the object? (e.g., “the cup is on the table” instead of “the cup is in the table”)""
Response: 0

Item ID: CREDI_D2
Item text: ""Can the child ask for something (e.g., food, water) by name when he/she wants it?""
Response: 1

Item ID: CREDI_D20
Item text: ""Does the child ask “why” questions (e.g., “why are you tall?”)?""
Response: 0

Item ID: CREDI_D3
Item text: ""Can the child correctly name at least one family member other than mom and dad (e.g., name of brother, sister, aunt, uncle)?""
Response: 1

Item ID: CREDI_D4
Item text: ""If the child knows an object (like a cup or an animal) and you show it to him/her, can he/she tell its name every time?""
Response: 1

Item ID: CREDI_D5
Item text: ""Can the child remove an item of clothing (e.g., take off his/her shirt)?""
Response: 1

Item ID: CREDI_D6
Item text: ""Can the child say ten or more separate words (e.g., names like “mama” or objects like “ball”)?""
Response: 1

Item ID: CREDI_D7
Item text: ""Can the child tell you when he/she is tired or hungry?""
Response: 1

Item ID: CREDI_D8
Item text: ""Can the child sing a short song or repeat parts of a rhyme from memory by him/herself?""
Response: 1

Item ID: CREDI_D9
Item text: ""Can the child jump with both feet leaving the ground?""
Response: 1
    Now predict this person's response to the held-out item below.
    Held-out item ID: CREDI_D19
    Held-out item text: ""Does the child ask about familiar people other than parents when they are not there (e.g., “where is the neighbor?”)?""
    Return the predicted response as 0 or 1."
60_506_2022,CREDI_D2,"Can the child ask for something (e.g., food, water) by name when he/she wants it?",1,1,Child asks for food or water by name.,39,"Below are the observed responses for one person.
    Observed item responses:
    Item ID: CREDI_C1
Item text: ""Can the child maintain a standing position on his/her own, without holding on or receiving support?""
Response: 1

Item ID: CREDI_C10
Item text: ""Does the child show sympathy or look concerned when others are hurt or sad?""
Response: 1

Item ID: CREDI_C11
Item text: ""Can the child run more than a few steps without falling or bumping into objects?""
Response: 1

Item ID: CREDI_C12
Item text: ""Can the child drink from a cup (without a lid) on his/her own without spilling?""
Response: 0

Item ID: CREDI_C13
Item text: ""Can the child stack three or more small objects (e.g., blocks, cups, bottle caps) on top of each other?""
Response: 1

Item ID: CREDI_C14
Item text: ""Can the child answer simple questions (e.g., “do you want water?”) by saying “yes” or “no,” rather than nodding?""
Response: 0

Item ID: CREDI_C15
Item text: ""Does the child play with an object by making it something else? (e.g., imagining a bottle as a doll, a stone as a car, or a spoon as an airplane)""
Response: 0

Item ID: CREDI_C16
Item text: ""Can the child correctly name at least one family member other than mom and dad (e.g., name of brother, sister, aunt, uncle)?""
Response: 0

Item ID: CREDI_C17
Item text: ""Can the child ask for something (e.g., food, water) by name when he/she wants it?""
Response: 0

Item ID: CREDI_C18
Item text: ""Can the child walk backwards?""
Response: 0

Item ID: CREDI_C19
Item text: ""If the child knows an object (like a cup or an animal) and you show it to him/her, can he/she tell its name every time?""
Response: 0

Item ID: CREDI_C2
Item text: ""Can the child follow simple directions (e.g., “stand up” or “come here”)?""
Response: 1

Item ID: CREDI_C20
Item text: ""Can the child say ten or more separate words (e.g., names like “mama” or objects like “ball”)?""
Response: 0

Item ID: CREDI_C3
Item text: ""Does the child imitate others’ behavior (e.g., washing hands or dishes)?""
Response: 1

Item ID: CREDI_C4
Item text: ""Can the child climb onto an object such as a chair or bench?""
Response: 1

Item ID: CREDI_C5
Item text: ""Is the child kind to younger children (e.g., speaks to them nicely and touches them gently)?""
Response: 1

Item ID: CREDI_C6
Item text: ""Does the child show curiosity to learn new things (e.g., by asking questions or exploring a new area)?""
Response: 0

Item ID: CREDI_C7
Item text: ""Can the child point to a person or object when asked (e.g., “where is mama?” or “where is the ball?”)?""
Response: 1

Item ID: CREDI_C8
Item text: ""Can the child kick a ball, or other round objects, forward using his/her foot?""
Response: 1

Item ID: CREDI_C9
Item text: ""Does the child involve others in play (i.e., play interactive games with other children)?""
Response: 1

Item ID: CREDI_D1
Item text: ""Can the child walk backwards?""
Response: 1

Item ID: CREDI_D10
Item text: ""Can the child correctly use any of the words “I,” “you,” “she,” or “he” (e.g., “I go to store,” or “he eats rice”)?""
Response: 0

Item ID: CREDI_D11
Item text: ""Can the child correctly ask questions using any of the words “what,” “which,” “where,” or “who”?""
Response: 0

Item ID: CREDI_D12
Item text: ""Can the child count up to five objects (e.g., fingers, people)?""
Response: 1

Item ID: CREDI_D13
Item text: ""Can the child speak using sentences of three or more words that go together (e.g., “I want water” or “the house is big”)?""
Response: 1

Item ID: CREDI_D14
Item text: ""If you show the child two objects or people of different size, can he/she tell you which one is the big one and which is the small one?""
Response: 1

Item ID: CREDI_D15
Item text: ""Can the child identify at least one color (e.g., red, blue, yellow)?""
Response: 1

Item ID: CREDI_D16
Item text: ""Can the child explain in words what common objects like a cup or a chair are used for?""
Response: 0

Item ID: CREDI_D17
Item text: ""If you ask the child to give you three objects (e.g., stones, beans), does the child give you the correct amount?""
Response: 0

Item ID: CREDI_D18
Item text: ""Can the child use “on”, “in”, “under” correctly to tell the location of the object? (e.g., “the cup is on the table” instead of “the cup is in the table”)""
Response: 0

Item ID: CREDI_D19
Item text: ""Does the child ask about familiar people other than parents when they are not there (e.g., “where is the neighbor?”)?""
Response: 0

Item ID: CREDI_D20
Item text: ""Does the child ask “why” questions (e.g., “why are you tall?”)?""
Response: 0

Item ID: CREDI_D3
Item text: ""Can the child correctly name at least one family member other than mom and dad (e.g., name of brother, sister, aunt, uncle)?""
Response: 1

Item ID: CREDI_D4
Item text: ""If the child knows an object (like a cup or an animal) and you show it to him/her, can he/she tell its name every time?""
Response: 1

Item ID: CREDI_D5
Item text: ""Can the child remove an item of clothing (e.g., take off his/her shirt)?""
Response: 1

Item ID: CREDI_D6
Item text: ""Can the child say ten or more separate words (e.g., names like “mama” or objects like “ball”)?""
Response: 1

Item ID: CREDI_D7
Item text: ""Can the child tell you when he/she is tired or hungry?""
Response: 1

Item ID: CREDI_D8
Item text: ""Can the child sing a short song or repeat parts of a rhyme from memory by him/herself?""
Response: 1

Item ID: CREDI_D9
Item text: ""Can the child jump with both feet leaving the ground?""
Response: 1
    Now predict this person's response to the held-out item below.
    Held-out item ID: CREDI_D2
    Held-out item text: ""Can the child ask for something (e.g., food, water) by name when he/she wants it?""
    Return the predicted response as 0 or 1."
60_506_2022,CREDI_D20,"Does the child ask “why” questions (e.g., “why are you tall?”)?",0,0,Child has not demonstrated use of 'why' questions.,39,"Below are the observed responses for one person.
    Observed item responses:
    Item ID: CREDI_C1
Item text: ""Can the child maintain a standing position on his/her own, without holding on or receiving support?""
Response: 1

Item ID: CREDI_C10
Item text: ""Does the child show sympathy or look concerned when others are hurt or sad?""
Response: 1

Item ID: CREDI_C11
Item text: ""Can the child run more than a few steps without falling or bumping into objects?""
Response: 1

Item ID: CREDI_C12
Item text: ""Can the child drink from a cup (without a lid) on his/her own without spilling?""
Response: 0

Item ID: CREDI_C13
Item text: ""Can the child stack three or more small objects (e.g., blocks, cups, bottle caps) on top of each other?""
Response: 1

Item ID: CREDI_C14
Item text: ""Can the child answer simple questions (e.g., “do you want water?”) by saying “yes” or “no,” rather than nodding?""
Response: 0

Item ID: CREDI_C15
Item text: ""Does the child play with an object by making it something else? (e.g., imagining a bottle as a doll, a stone as a car, or a spoon as an airplane)""
Response: 0

Item ID: CREDI_C16
Item text: ""Can the child correctly name at least one family member other than mom and dad (e.g., name of brother, sister, aunt, uncle)?""
Response: 0

Item ID: CREDI_C17
Item text: ""Can the child ask for something (e.g., food, water) by name when he/she wants it?""
Response: 0

Item ID: CREDI_C18
Item text: ""Can the child walk backwards?""
Response: 0

Item ID: CREDI_C19
Item text: ""If the child knows an object (like a cup or an animal) and you show it to him/her, can he/she tell its name every time?""
Response: 0

Item ID: CREDI_C2
Item text: ""Can the child follow simple directions (e.g., “stand up” or “come here”)?""
Response: 1

Item ID: CREDI_C20
Item text: ""Can the child say ten or more separate words (e.g., names like “mama” or objects like “ball”)?""
Response: 0

Item ID: CREDI_C3
Item text: ""Does the child imitate others’ behavior (e.g., washing hands or dishes)?""
Response: 1

Item ID: CREDI_C4
Item text: ""Can the child climb onto an object such as a chair or bench?""
Response: 1

Item ID: CREDI_C5
Item text: ""Is the child kind to younger children (e.g., speaks to them nicely and touches them gently)?""
Response: 1

Item ID: CREDI_C6
Item text: ""Does the child show curiosity to learn new things (e.g., by asking questions or exploring a new area)?""
Response: 0

Item ID: CREDI_C7
Item text: ""Can the child point to a person or object when asked (e.g., “where is mama?” or “where is the ball?”)?""
Response: 1

Item ID: CREDI_C8
Item text: ""Can the child kick a ball, or other round objects, forward using his/her foot?""
Response: 1

Item ID: CREDI_C9
Item text: ""Does the child involve others in play (i.e., play interactive games with other children)?""
Response: 1

Item ID: CREDI_D1
Item text: ""Can the child walk backwards?""
Response: 1

Item ID: CREDI_D10
Item text: ""Can the child correctly use any of the words “I,” “you,” “she,” or “he” (e.g., “I go to store,” or “he eats rice”)?""
Response: 0

Item ID: CREDI_D11
Item text: ""Can the child correctly ask questions using any of the words “what,” “which,” “where,” or “who”?""
Response: 0

Item ID: CREDI_D12
Item text: ""Can the child count up to five objects (e.g., fingers, people)?""
Response: 1

Item ID: CREDI_D13
Item text: ""Can the child speak using sentences of three or more words that go together (e.g., “I want water” or “the house is big”)?""
Response: 1

Item ID: CREDI_D14
Item text: ""If you show the child two objects or people of different size, can he/she tell you which one is the big one and which is the small one?""
Response: 1

Item ID: CREDI_D15
Item text: ""Can the child identify at least one color (e.g., red, blue, yellow)?""
Response: 1

Item ID: CREDI_D16
Item text: ""Can the child explain in words what common objects like a cup or a chair are used for?""
Response: 0

Item ID: CREDI_D17
Item text: ""If you ask the child to give you three objects (e.g., stones, beans), does the child give you the correct amount?""
Response: 0

Item ID: CREDI_D18
Item text: ""Can the child use “on”, “in”, “under” correctly to tell the location of the object? (e.g., “the cup is on the table” instead of “the cup is in the table”)""
Response: 0

Item ID: CREDI_D19
Item text: ""Does the child ask about familiar people other than parents when they are not there (e.g., “where is the neighbor?”)?""
Response: 0

Item ID: CREDI_D2
Item text: ""Can the child ask for something (e.g., food, water) by name when he/she wants it?""
Response: 1

Item ID: CREDI_D3
Item text: ""Can the child correctly name at least one family member other than mom and dad (e.g., name of brother, sister, aunt, uncle)?""
Response: 1

Item ID: CREDI_D4
Item text: ""If the child knows an object (like a cup or an animal) and you show it to him/her, can he/she tell its name every time?""
Response: 1

Item ID: CREDI_D5
Item text: ""Can the child remove an item of clothing (e.g., take off his/her shirt)?""
Response: 1

Item ID: CREDI_D6
Item text: ""Can the child say ten or more separate words (e.g., names like “mama” or objects like “ball”)?""
Response: 1

Item ID: CREDI_D7
Item text: ""Can the child tell you when he/she is tired or hungry?""
Response: 1

Item ID: CREDI_D8
Item text: ""Can the child sing a short song or repeat parts of a rhyme from memory by him/herself?""
Response: 1

Item ID: CREDI_D9
Item text: ""Can the child jump with both feet leaving the ground?""
Response: 1
    Now predict this person's response to the held-out item below.
    Held-out item ID: CREDI_D20
    Held-out item text: ""Does the child ask “why” questions (e.g., “why are you tall?”)?""
    Return the predicted response as 0 or 1."
60_506_2022,CREDI_D3,"Can the child correctly name at least one family member other than mom and dad (e.g., name of brother, sister, aunt, uncle)?",1,1,Child names family members correctly per D3 response.,39,"Below are the observed responses for one person.
    Observed item responses:
    Item ID: CREDI_C1
Item text: ""Can the child maintain a standing position on his/her own, without holding on or receiving support?""
Response: 1

Item ID: CREDI_C10
Item text: ""Does the child show sympathy or look concerned when others are hurt or sad?""
Response: 1

Item ID: CREDI_C11
Item text: ""Can the child run more than a few steps without falling or bumping into objects?""
Response: 1

Item ID: CREDI_C12
Item text: ""Can the child drink from a cup (without a lid) on his/her own without spilling?""
Response: 0

Item ID: CREDI_C13
Item text: ""Can the child stack three or more small objects (e.g., blocks, cups, bottle caps) on top of each other?""
Response: 1

Item ID: CREDI_C14
Item text: ""Can the child answer simple questions (e.g., “do you want water?”) by saying “yes” or “no,” rather than nodding?""
Response: 0

Item ID: CREDI_C15
Item text: ""Does the child play with an object by making it something else? (e.g., imagining a bottle as a doll, a stone as a car, or a spoon as an airplane)""
Response: 0

Item ID: CREDI_C16
Item text: ""Can the child correctly name at least one family member other than mom and dad (e.g., name of brother, sister, aunt, uncle)?""
Response: 0

Item ID: CREDI_C17
Item text: ""Can the child ask for something (e.g., food, water) by name when he/she wants it?""
Response: 0

Item ID: CREDI_C18
Item text: ""Can the child walk backwards?""
Response: 0

Item ID: CREDI_C19
Item text: ""If the child knows an object (like a cup or an animal) and you show it to him/her, can he/she tell its name every time?""
Response: 0

Item ID: CREDI_C2
Item text: ""Can the child follow simple directions (e.g., “stand up” or “come here”)?""
Response: 1

Item ID: CREDI_C20
Item text: ""Can the child say ten or more separate words (e.g., names like “mama” or objects like “ball”)?""
Response: 0

Item ID: CREDI_C3
Item text: ""Does the child imitate others’ behavior (e.g., washing hands or dishes)?""
Response: 1

Item ID: CREDI_C4
Item text: ""Can the child climb onto an object such as a chair or bench?""
Response: 1

Item ID: CREDI_C5
Item text: ""Is the child kind to younger children (e.g., speaks to them nicely and touches them gently)?""
Response: 1

Item ID: CREDI_C6
Item text: ""Does the child show curiosity to learn new things (e.g., by asking questions or exploring a new area)?""
Response: 0

Item ID: CREDI_C7
Item text: ""Can the child point to a person or object when asked (e.g., “where is mama?” or “where is the ball?”)?""
Response: 1

Item ID: CREDI_C8
Item text: ""Can the child kick a ball, or other round objects, forward using his/her foot?""
Response: 1

Item ID: CREDI_C9
Item text: ""Does the child involve others in play (i.e., play interactive games with other children)?""
Response: 1

Item ID: CREDI_D1
Item text: ""Can the child walk backwards?""
Response: 1

Item ID: CREDI_D10
Item text: ""Can the child correctly use any of the words “I,” “you,” “she,” or “he” (e.g., “I go to store,” or “he eats rice”)?""
Response: 0

Item ID: CREDI_D11
Item text: ""Can the child correctly ask questions using any of the words “what,” “which,” “where,” or “who”?""
Response: 0

Item ID: CREDI_D12
Item text: ""Can the child count up to five objects (e.g., fingers, people)?""
Response: 1

Item ID: CREDI_D13
Item text: ""Can the child speak using sentences of three or more words that go together (e.g., “I want water” or “the house is big”)?""
Response: 1

Item ID: CREDI_D14
Item text: ""If you show the child two objects or people of different size, can he/she tell you which one is the big one and which is the small one?""
Response: 1

Item ID: CREDI_D15
Item text: ""Can the child identify at least one color (e.g., red, blue, yellow)?""
Response: 1

Item ID: CREDI_D16
Item text: ""Can the child explain in words what common objects like a cup or a chair are used for?""
Response: 0

Item ID: CREDI_D17
Item text: ""If you ask the child to give you three objects (e.g., stones, beans), does the child give you the correct amount?""
Response: 0

Item ID: CREDI_D18
Item text: ""Can the child use “on”, “in”, “under” correctly to tell the location of the object? (e.g., “the cup is on the table” instead of “the cup is in the table”)""
Response: 0

Item ID: CREDI_D19
Item text: ""Does the child ask about familiar people other than parents when they are not there (e.g., “where is the neighbor?”)?""
Response: 0

Item ID: CREDI_D2
Item text: ""Can the child ask for something (e.g., food, water) by name when he/she wants it?""
Response: 1

Item ID: CREDI_D20
Item text: ""Does the child ask “why” questions (e.g., “why are you tall?”)?""
Response: 0

Item ID: CREDI_D4
Item text: ""If the child knows an object (like a cup or an animal) and you show it to him/her, can he/she tell its name every time?""
Response: 1

Item ID: CREDI_D5
Item text: ""Can the child remove an item of clothing (e.g., take off his/her shirt)?""
Response: 1

Item ID: CREDI_D6
Item text: ""Can the child say ten or more separate words (e.g., names like “mama” or objects like “ball”)?""
Response: 1

Item ID: CREDI_D7
Item text: ""Can the child tell you when he/she is tired or hungry?""
Response: 1

Item ID: CREDI_D8
Item text: ""Can the child sing a short song or repeat parts of a rhyme from memory by him/herself?""
Response: 1

Item ID: CREDI_D9
Item text: ""Can the child jump with both feet leaving the ground?""
Response: 1
    Now predict this person's response to the held-out item below.
    Held-out item ID: CREDI_D3
    Held-out item text: ""Can the child correctly name at least one family member other than mom and dad (e.g., name of brother, sister, aunt, uncle)?""
    Return the predicted response as 0 or 1."
60_506_2022,CREDI_D4,"If the child knows an object (like a cup or an animal) and you show it to him/her, can he/she tell its name every time?",1,1,Child consistently names objects correctly.,39,"Below are the observed responses for one person.
    Observed item responses:
    Item ID: CREDI_C1
Item text: ""Can the child maintain a standing position on his/her own, without holding on or receiving support?""
Response: 1

Item ID: CREDI_C10
Item text: ""Does the child show sympathy or look concerned when others are hurt or sad?""
Response: 1

Item ID: CREDI_C11
Item text: ""Can the child run more than a few steps without falling or bumping into objects?""
Response: 1

Item ID: CREDI_C12
Item text: ""Can the child drink from a cup (without a lid) on his/her own without spilling?""
Response: 0

Item ID: CREDI_C13
Item text: ""Can the child stack three or more small objects (e.g., blocks, cups, bottle caps) on top of each other?""
Response: 1

Item ID: CREDI_C14
Item text: ""Can the child answer simple questions (e.g., “do you want water?”) by saying “yes” or “no,” rather than nodding?""
Response: 0

Item ID: CREDI_C15
Item text: ""Does the child play with an object by making it something else? (e.g., imagining a bottle as a doll, a stone as a car, or a spoon as an airplane)""
Response: 0

Item ID: CREDI_C16
Item text: ""Can the child correctly name at least one family member other than mom and dad (e.g., name of brother, sister, aunt, uncle)?""
Response: 0

Item ID: CREDI_C17
Item text: ""Can the child ask for something (e.g., food, water) by name when he/she wants it?""
Response: 0

Item ID: CREDI_C18
Item text: ""Can the child walk backwards?""
Response: 0

Item ID: CREDI_C19
Item text: ""If the child knows an object (like a cup or an animal) and you show it to him/her, can he/she tell its name every time?""
Response: 0

Item ID: CREDI_C2
Item text: ""Can the child follow simple directions (e.g., “stand up” or “come here”)?""
Response: 1

Item ID: CREDI_C20
Item text: ""Can the child say ten or more separate words (e.g., names like “mama” or objects like “ball”)?""
Response: 0

Item ID: CREDI_C3
Item text: ""Does the child imitate others’ behavior (e.g., washing hands or dishes)?""
Response: 1

Item ID: CREDI_C4
Item text: ""Can the child climb onto an object such as a chair or bench?""
Response: 1

Item ID: CREDI_C5
Item text: ""Is the child kind to younger children (e.g., speaks to them nicely and touches them gently)?""
Response: 1

Item ID: CREDI_C6
Item text: ""Does the child show curiosity to learn new things (e.g., by asking questions or exploring a new area)?""
Response: 0

Item ID: CREDI_C7
Item text: ""Can the child point to a person or object when asked (e.g., “where is mama?” or “where is the ball?”)?""
Response: 1

Item ID: CREDI_C8
Item text: ""Can the child kick a ball, or other round objects, forward using his/her foot?""
Response: 1

Item ID: CREDI_C9
Item text: ""Does the child involve others in play (i.e., play interactive games with other children)?""
Response: 1

Item ID: CREDI_D1
Item text: ""Can the child walk backwards?""
Response: 1

Item ID: CREDI_D10
Item text: ""Can the child correctly use any of the words “I,” “you,” “she,” or “he” (e.g., “I go to store,” or “he eats rice”)?""
Response: 0

Item ID: CREDI_D11
Item text: ""Can the child correctly ask questions using any of the words “what,” “which,” “where,” or “who”?""
Response: 0

Item ID: CREDI_D12
Item text: ""Can the child count up to five objects (e.g., fingers, people)?""
Response: 1

Item ID: CREDI_D13
Item text: ""Can the child speak using sentences of three or more words that go together (e.g., “I want water” or “the house is big”)?""
Response: 1

Item ID: CREDI_D14
Item text: ""If you show the child two objects or people of different size, can he/she tell you which one is the big one and which is the small one?""
Response: 1

Item ID: CREDI_D15
Item text: ""Can the child identify at least one color (e.g., red, blue, yellow)?""
Response: 1

Item ID: CREDI_D16
Item text: ""Can the child explain in words what common objects like a cup or a chair are used for?""
Response: 0

Item ID: CREDI_D17
Item text: ""If you ask the child to give you three objects (e.g., stones, beans), does the child give you the correct amount?""
Response: 0

Item ID: CREDI_D18
Item text: ""Can the child use “on”, “in”, “under” correctly to tell the location of the object? (e.g., “the cup is on the table” instead of “the cup is in the table”)""
Response: 0

Item ID: CREDI_D19
Item text: ""Does the child ask about familiar people other than parents when they are not there (e.g., “where is the neighbor?”)?""
Response: 0

Item ID: CREDI_D2
Item text: ""Can the child ask for something (e.g., food, water) by name when he/she wants it?""
Response: 1

Item ID: CREDI_D20
Item text: ""Does the child ask “why” questions (e.g., “why are you tall?”)?""
Response: 0

Item ID: CREDI_D3
Item text: ""Can the child correctly name at least one family member other than mom and dad (e.g., name of brother, sister, aunt, uncle)?""
Response: 1

Item ID: CREDI_D5
Item text: ""Can the child remove an item of clothing (e.g., take off his/her shirt)?""
Response: 1

Item ID: CREDI_D6
Item text: ""Can the child say ten or more separate words (e.g., names like “mama” or objects like “ball”)?""
Response: 1

Item ID: CREDI_D7
Item text: ""Can the child tell you when he/she is tired or hungry?""
Response: 1

Item ID: CREDI_D8
Item text: ""Can the child sing a short song or repeat parts of a rhyme from memory by him/herself?""
Response: 1

Item ID: CREDI_D9
Item text: ""Can the child jump with both feet leaving the ground?""
Response: 1
    Now predict this person's response to the held-out item below.
    Held-out item ID: CREDI_D4
    Held-out item text: ""If the child knows an object (like a cup or an animal) and you show it to him/her, can he/she tell its name every time?""
    Return the predicted response as 0 or 1."
60_506_2022,CREDI_D5,"Can the child remove an item of clothing (e.g., take off his/her shirt)?",1,1,Child performs other self-care skills like clothing removal.,39,"Below are the observed responses for one person.
    Observed item responses:
    Item ID: CREDI_C1
Item text: ""Can the child maintain a standing position on his/her own, without holding on or receiving support?""
Response: 1

Item ID: CREDI_C10
Item text: ""Does the child show sympathy or look concerned when others are hurt or sad?""
Response: 1

Item ID: CREDI_C11
Item text: ""Can the child run more than a few steps without falling or bumping into objects?""
Response: 1

Item ID: CREDI_C12
Item text: ""Can the child drink from a cup (without a lid) on his/her own without spilling?""
Response: 0

Item ID: CREDI_C13
Item text: ""Can the child stack three or more small objects (e.g., blocks, cups, bottle caps) on top of each other?""
Response: 1

Item ID: CREDI_C14
Item text: ""Can the child answer simple questions (e.g., “do you want water?”) by saying “yes” or “no,” rather than nodding?""
Response: 0

Item ID: CREDI_C15
Item text: ""Does the child play with an object by making it something else? (e.g., imagining a bottle as a doll, a stone as a car, or a spoon as an airplane)""
Response: 0

Item ID: CREDI_C16
Item text: ""Can the child correctly name at least one family member other than mom and dad (e.g., name of brother, sister, aunt, uncle)?""
Response: 0

Item ID: CREDI_C17
Item text: ""Can the child ask for something (e.g., food, water) by name when he/she wants it?""
Response: 0

Item ID: CREDI_C18
Item text: ""Can the child walk backwards?""
Response: 0

Item ID: CREDI_C19
Item text: ""If the child knows an object (like a cup or an animal) and you show it to him/her, can he/she tell its name every time?""
Response: 0

Item ID: CREDI_C2
Item text: ""Can the child follow simple directions (e.g., “stand up” or “come here”)?""
Response: 1

Item ID: CREDI_C20
Item text: ""Can the child say ten or more separate words (e.g., names like “mama” or objects like “ball”)?""
Response: 0

Item ID: CREDI_C3
Item text: ""Does the child imitate others’ behavior (e.g., washing hands or dishes)?""
Response: 1

Item ID: CREDI_C4
Item text: ""Can the child climb onto an object such as a chair or bench?""
Response: 1

Item ID: CREDI_C5
Item text: ""Is the child kind to younger children (e.g., speaks to them nicely and touches them gently)?""
Response: 1

Item ID: CREDI_C6
Item text: ""Does the child show curiosity to learn new things (e.g., by asking questions or exploring a new area)?""
Response: 0

Item ID: CREDI_C7
Item text: ""Can the child point to a person or object when asked (e.g., “where is mama?” or “where is the ball?”)?""
Response: 1

Item ID: CREDI_C8
Item text: ""Can the child kick a ball, or other round objects, forward using his/her foot?""
Response: 1

Item ID: CREDI_C9
Item text: ""Does the child involve others in play (i.e., play interactive games with other children)?""
Response: 1

Item ID: CREDI_D1
Item text: ""Can the child walk backwards?""
Response: 1

Item ID: CREDI_D10
Item text: ""Can the child correctly use any of the words “I,” “you,” “she,” or “he” (e.g., “I go to store,” or “he eats rice”)?""
Response: 0

Item ID: CREDI_D11
Item text: ""Can the child correctly ask questions using any of the words “what,” “which,” “where,” or “who”?""
Response: 0

Item ID: CREDI_D12
Item text: ""Can the child count up to five objects (e.g., fingers, people)?""
Response: 1

Item ID: CREDI_D13
Item text: ""Can the child speak using sentences of three or more words that go together (e.g., “I want water” or “the house is big”)?""
Response: 1

Item ID: CREDI_D14
Item text: ""If you show the child two objects or people of different size, can he/she tell you which one is the big one and which is the small one?""
Response: 1

Item ID: CREDI_D15
Item text: ""Can the child identify at least one color (e.g., red, blue, yellow)?""
Response: 1

Item ID: CREDI_D16
Item text: ""Can the child explain in words what common objects like a cup or a chair are used for?""
Response: 0

Item ID: CREDI_D17
Item text: ""If you ask the child to give you three objects (e.g., stones, beans), does the child give you the correct amount?""
Response: 0

Item ID: CREDI_D18
Item text: ""Can the child use “on”, “in”, “under” correctly to tell the location of the object? (e.g., “the cup is on the table” instead of “the cup is in the table”)""
Response: 0

Item ID: CREDI_D19
Item text: ""Does the child ask about familiar people other than parents when they are not there (e.g., “where is the neighbor?”)?""
Response: 0

Item ID: CREDI_D2
Item text: ""Can the child ask for something (e.g., food, water) by name when he/she wants it?""
Response: 1

Item ID: CREDI_D20
Item text: ""Does the child ask “why” questions (e.g., “why are you tall?”)?""
Response: 0

Item ID: CREDI_D3
Item text: ""Can the child correctly name at least one family member other than mom and dad (e.g., name of brother, sister, aunt, uncle)?""
Response: 1

Item ID: CREDI_D4
Item text: ""If the child knows an object (like a cup or an animal) and you show it to him/her, can he/she tell its name every time?""
Response: 1

Item ID: CREDI_D6
Item text: ""Can the child say ten or more separate words (e.g., names like “mama” or objects like “ball”)?""
Response: 1

Item ID: CREDI_D7
Item text: ""Can the child tell you when he/she is tired or hungry?""
Response: 1

Item ID: CREDI_D8
Item text: ""Can the child sing a short song or repeat parts of a rhyme from memory by him/herself?""
Response: 1

Item ID: CREDI_D9
Item text: ""Can the child jump with both feet leaving the ground?""
Response: 1
    Now predict this person's response to the held-out item below.
    Held-out item ID: CREDI_D5
    Held-out item text: ""Can the child remove an item of clothing (e.g., take off his/her shirt)?""
    Return the predicted response as 0 or 1."
60_506_2022,CREDI_D6,"Can the child say ten or more separate words (e.g., names like “mama” or objects like “ball”)?",1,1,Child says multiple words and communicates effectively.,39,"Below are the observed responses for one person.
    Observed item responses:
    Item ID: CREDI_C1
Item text: ""Can the child maintain a standing position on his/her own, without holding on or receiving support?""
Response: 1

Item ID: CREDI_C10
Item text: ""Does the child show sympathy or look concerned when others are hurt or sad?""
Response: 1

Item ID: CREDI_C11
Item text: ""Can the child run more than a few steps without falling or bumping into objects?""
Response: 1

Item ID: CREDI_C12
Item text: ""Can the child drink from a cup (without a lid) on his/her own without spilling?""
Response: 0

Item ID: CREDI_C13
Item text: ""Can the child stack three or more small objects (e.g., blocks, cups, bottle caps) on top of each other?""
Response: 1

Item ID: CREDI_C14
Item text: ""Can the child answer simple questions (e.g., “do you want water?”) by saying “yes” or “no,” rather than nodding?""
Response: 0

Item ID: CREDI_C15
Item text: ""Does the child play with an object by making it something else? (e.g., imagining a bottle as a doll, a stone as a car, or a spoon as an airplane)""
Response: 0

Item ID: CREDI_C16
Item text: ""Can the child correctly name at least one family member other than mom and dad (e.g., name of brother, sister, aunt, uncle)?""
Response: 0

Item ID: CREDI_C17
Item text: ""Can the child ask for something (e.g., food, water) by name when he/she wants it?""
Response: 0

Item ID: CREDI_C18
Item text: ""Can the child walk backwards?""
Response: 0

Item ID: CREDI_C19
Item text: ""If the child knows an object (like a cup or an animal) and you show it to him/her, can he/she tell its name every time?""
Response: 0

Item ID: CREDI_C2
Item text: ""Can the child follow simple directions (e.g., “stand up” or “come here”)?""
Response: 1

Item ID: CREDI_C20
Item text: ""Can the child say ten or more separate words (e.g., names like “mama” or objects like “ball”)?""
Response: 0

Item ID: CREDI_C3
Item text: ""Does the child imitate others’ behavior (e.g., washing hands or dishes)?""
Response: 1

Item ID: CREDI_C4
Item text: ""Can the child climb onto an object such as a chair or bench?""
Response: 1

Item ID: CREDI_C5
Item text: ""Is the child kind to younger children (e.g., speaks to them nicely and touches them gently)?""
Response: 1

Item ID: CREDI_C6
Item text: ""Does the child show curiosity to learn new things (e.g., by asking questions or exploring a new area)?""
Response: 0

Item ID: CREDI_C7
Item text: ""Can the child point to a person or object when asked (e.g., “where is mama?” or “where is the ball?”)?""
Response: 1

Item ID: CREDI_C8
Item text: ""Can the child kick a ball, or other round objects, forward using his/her foot?""
Response: 1

Item ID: CREDI_C9
Item text: ""Does the child involve others in play (i.e., play interactive games with other children)?""
Response: 1

Item ID: CREDI_D1
Item text: ""Can the child walk backwards?""
Response: 1

Item ID: CREDI_D10
Item text: ""Can the child correctly use any of the words “I,” “you,” “she,” or “he” (e.g., “I go to store,” or “he eats rice”)?""
Response: 0

Item ID: CREDI_D11
Item text: ""Can the child correctly ask questions using any of the words “what,” “which,” “where,” or “who”?""
Response: 0

Item ID: CREDI_D12
Item text: ""Can the child count up to five objects (e.g., fingers, people)?""
Response: 1

Item ID: CREDI_D13
Item text: ""Can the child speak using sentences of three or more words that go together (e.g., “I want water” or “the house is big”)?""
Response: 1

Item ID: CREDI_D14
Item text: ""If you show the child two objects or people of different size, can he/she tell you which one is the big one and which is the small one?""
Response: 1

Item ID: CREDI_D15
Item text: ""Can the child identify at least one color (e.g., red, blue, yellow)?""
Response: 1

Item ID: CREDI_D16
Item text: ""Can the child explain in words what common objects like a cup or a chair are used for?""
Response: 0

Item ID: CREDI_D17
Item text: ""If you ask the child to give you three objects (e.g., stones, beans), does the child give you the correct amount?""
Response: 0

Item ID: CREDI_D18
Item text: ""Can the child use “on”, “in”, “under” correctly to tell the location of the object? (e.g., “the cup is on the table” instead of “the cup is in the table”)""
Response: 0

Item ID: CREDI_D19
Item text: ""Does the child ask about familiar people other than parents when they are not there (e.g., “where is the neighbor?”)?""
Response: 0

Item ID: CREDI_D2
Item text: ""Can the child ask for something (e.g., food, water) by name when he/she wants it?""
Response: 1

Item ID: CREDI_D20
Item text: ""Does the child ask “why” questions (e.g., “why are you tall?”)?""
Response: 0

Item ID: CREDI_D3
Item text: ""Can the child correctly name at least one family member other than mom and dad (e.g., name of brother, sister, aunt, uncle)?""
Response: 1

Item ID: CREDI_D4
Item text: ""If the child knows an object (like a cup or an animal) and you show it to him/her, can he/she tell its name every time?""
Response: 1

Item ID: CREDI_D5
Item text: ""Can the child remove an item of clothing (e.g., take off his/her shirt)?""
Response: 1

Item ID: CREDI_D7
Item text: ""Can the child tell you when he/she is tired or hungry?""
Response: 1

Item ID: CREDI_D8
Item text: ""Can the child sing a short song or repeat parts of a rhyme from memory by him/herself?""
Response: 1

Item ID: CREDI_D9
Item text: ""Can the child jump with both feet leaving the ground?""
Response: 1
    Now predict this person's response to the held-out item below.
    Held-out item ID: CREDI_D6
    Held-out item text: ""Can the child say ten or more separate words (e.g., names like “mama” or objects like “ball”)?""
    Return the predicted response as 0 or 1."
60_506_2022,CREDI_D7,Can the child tell you when he/she is tired or hungry?,1,1,Child communicates needs and feelings effectively.,39,"Below are the observed responses for one person.
    Observed item responses:
    Item ID: CREDI_C1
Item text: ""Can the child maintain a standing position on his/her own, without holding on or receiving support?""
Response: 1

Item ID: CREDI_C10
Item text: ""Does the child show sympathy or look concerned when others are hurt or sad?""
Response: 1

Item ID: CREDI_C11
Item text: ""Can the child run more than a few steps without falling or bumping into objects?""
Response: 1

Item ID: CREDI_C12
Item text: ""Can the child drink from a cup (without a lid) on his/her own without spilling?""
Response: 0

Item ID: CREDI_C13
Item text: ""Can the child stack three or more small objects (e.g., blocks, cups, bottle caps) on top of each other?""
Response: 1

Item ID: CREDI_C14
Item text: ""Can the child answer simple questions (e.g., “do you want water?”) by saying “yes” or “no,” rather than nodding?""
Response: 0

Item ID: CREDI_C15
Item text: ""Does the child play with an object by making it something else? (e.g., imagining a bottle as a doll, a stone as a car, or a spoon as an airplane)""
Response: 0

Item ID: CREDI_C16
Item text: ""Can the child correctly name at least one family member other than mom and dad (e.g., name of brother, sister, aunt, uncle)?""
Response: 0

Item ID: CREDI_C17
Item text: ""Can the child ask for something (e.g., food, water) by name when he/she wants it?""
Response: 0

Item ID: CREDI_C18
Item text: ""Can the child walk backwards?""
Response: 0

Item ID: CREDI_C19
Item text: ""If the child knows an object (like a cup or an animal) and you show it to him/her, can he/she tell its name every time?""
Response: 0

Item ID: CREDI_C2
Item text: ""Can the child follow simple directions (e.g., “stand up” or “come here”)?""
Response: 1

Item ID: CREDI_C20
Item text: ""Can the child say ten or more separate words (e.g., names like “mama” or objects like “ball”)?""
Response: 0

Item ID: CREDI_C3
Item text: ""Does the child imitate others’ behavior (e.g., washing hands or dishes)?""
Response: 1

Item ID: CREDI_C4
Item text: ""Can the child climb onto an object such as a chair or bench?""
Response: 1

Item ID: CREDI_C5
Item text: ""Is the child kind to younger children (e.g., speaks to them nicely and touches them gently)?""
Response: 1

Item ID: CREDI_C6
Item text: ""Does the child show curiosity to learn new things (e.g., by asking questions or exploring a new area)?""
Response: 0

Item ID: CREDI_C7
Item text: ""Can the child point to a person or object when asked (e.g., “where is mama?” or “where is the ball?”)?""
Response: 1

Item ID: CREDI_C8
Item text: ""Can the child kick a ball, or other round objects, forward using his/her foot?""
Response: 1

Item ID: CREDI_C9
Item text: ""Does the child involve others in play (i.e., play interactive games with other children)?""
Response: 1

Item ID: CREDI_D1
Item text: ""Can the child walk backwards?""
Response: 1

Item ID: CREDI_D10
Item text: ""Can the child correctly use any of the words “I,” “you,” “she,” or “he” (e.g., “I go to store,” or “he eats rice”)?""
Response: 0

Item ID: CREDI_D11
Item text: ""Can the child correctly ask questions using any of the words “what,” “which,” “where,” or “who”?""
Response: 0

Item ID: CREDI_D12
Item text: ""Can the child count up to five objects (e.g., fingers, people)?""
Response: 1

Item ID: CREDI_D13
Item text: ""Can the child speak using sentences of three or more words that go together (e.g., “I want water” or “the house is big”)?""
Response: 1

Item ID: CREDI_D14
Item text: ""If you show the child two objects or people of different size, can he/she tell you which one is the big one and which is the small one?""
Response: 1

Item ID: CREDI_D15
Item text: ""Can the child identify at least one color (e.g., red, blue, yellow)?""
Response: 1

Item ID: CREDI_D16
Item text: ""Can the child explain in words what common objects like a cup or a chair are used for?""
Response: 0

Item ID: CREDI_D17
Item text: ""If you ask the child to give you three objects (e.g., stones, beans), does the child give you the correct amount?""
Response: 0

Item ID: CREDI_D18
Item text: ""Can the child use “on”, “in”, “under” correctly to tell the location of the object? (e.g., “the cup is on the table” instead of “the cup is in the table”)""
Response: 0

Item ID: CREDI_D19
Item text: ""Does the child ask about familiar people other than parents when they are not there (e.g., “where is the neighbor?”)?""
Response: 0

Item ID: CREDI_D2
Item text: ""Can the child ask for something (e.g., food, water) by name when he/she wants it?""
Response: 1

Item ID: CREDI_D20
Item text: ""Does the child ask “why” questions (e.g., “why are you tall?”)?""
Response: 0

Item ID: CREDI_D3
Item text: ""Can the child correctly name at least one family member other than mom and dad (e.g., name of brother, sister, aunt, uncle)?""
Response: 1

Item ID: CREDI_D4
Item text: ""If the child knows an object (like a cup or an animal) and you show it to him/her, can he/she tell its name every time?""
Response: 1

Item ID: CREDI_D5
Item text: ""Can the child remove an item of clothing (e.g., take off his/her shirt)?""
Response: 1

Item ID: CREDI_D6
Item text: ""Can the child say ten or more separate words (e.g., names like “mama” or objects like “ball”)?""
Response: 1

Item ID: CREDI_D8
Item text: ""Can the child sing a short song or repeat parts of a rhyme from memory by him/herself?""
Response: 1

Item ID: CREDI_D9
Item text: ""Can the child jump with both feet leaving the ground?""
Response: 1
    Now predict this person's response to the held-out item below.
    Held-out item ID: CREDI_D7
    Held-out item text: ""Can the child tell you when he/she is tired or hungry?""
    Return the predicted response as 0 or 1."
60_506_2022,CREDI_D8,Can the child sing a short song or repeat parts of a rhyme from memory by him/herself?,1,1,Child repeats rhymes and sings songs well,39,"Below are the observed responses for one person.
    Observed item responses:
    Item ID: CREDI_C1
Item text: ""Can the child maintain a standing position on his/her own, without holding on or receiving support?""
Response: 1

Item ID: CREDI_C10
Item text: ""Does the child show sympathy or look concerned when others are hurt or sad?""
Response: 1

Item ID: CREDI_C11
Item text: ""Can the child run more than a few steps without falling or bumping into objects?""
Response: 1

Item ID: CREDI_C12
Item text: ""Can the child drink from a cup (without a lid) on his/her own without spilling?""
Response: 0

Item ID: CREDI_C13
Item text: ""Can the child stack three or more small objects (e.g., blocks, cups, bottle caps) on top of each other?""
Response: 1

Item ID: CREDI_C14
Item text: ""Can the child answer simple questions (e.g., “do you want water?”) by saying “yes” or “no,” rather than nodding?""
Response: 0

Item ID: CREDI_C15
Item text: ""Does the child play with an object by making it something else? (e.g., imagining a bottle as a doll, a stone as a car, or a spoon as an airplane)""
Response: 0

Item ID: CREDI_C16
Item text: ""Can the child correctly name at least one family member other than mom and dad (e.g., name of brother, sister, aunt, uncle)?""
Response: 0

Item ID: CREDI_C17
Item text: ""Can the child ask for something (e.g., food, water) by name when he/she wants it?""
Response: 0

Item ID: CREDI_C18
Item text: ""Can the child walk backwards?""
Response: 0

Item ID: CREDI_C19
Item text: ""If the child knows an object (like a cup or an animal) and you show it to him/her, can he/she tell its name every time?""
Response: 0

Item ID: CREDI_C2
Item text: ""Can the child follow simple directions (e.g., “stand up” or “come here”)?""
Response: 1

Item ID: CREDI_C20
Item text: ""Can the child say ten or more separate words (e.g., names like “mama” or objects like “ball”)?""
Response: 0

Item ID: CREDI_C3
Item text: ""Does the child imitate others’ behavior (e.g., washing hands or dishes)?""
Response: 1

Item ID: CREDI_C4
Item text: ""Can the child climb onto an object such as a chair or bench?""
Response: 1

Item ID: CREDI_C5
Item text: ""Is the child kind to younger children (e.g., speaks to them nicely and touches them gently)?""
Response: 1

Item ID: CREDI_C6
Item text: ""Does the child show curiosity to learn new things (e.g., by asking questions or exploring a new area)?""
Response: 0

Item ID: CREDI_C7
Item text: ""Can the child point to a person or object when asked (e.g., “where is mama?” or “where is the ball?”)?""
Response: 1

Item ID: CREDI_C8
Item text: ""Can the child kick a ball, or other round objects, forward using his/her foot?""
Response: 1

Item ID: CREDI_C9
Item text: ""Does the child involve others in play (i.e., play interactive games with other children)?""
Response: 1

Item ID: CREDI_D1
Item text: ""Can the child walk backwards?""
Response: 1

Item ID: CREDI_D10
Item text: ""Can the child correctly use any of the words “I,” “you,” “she,” or “he” (e.g., “I go to store,” or “he eats rice”)?""
Response: 0

Item ID: CREDI_D11
Item text: ""Can the child correctly ask questions using any of the words “what,” “which,” “where,” or “who”?""
Response: 0

Item ID: CREDI_D12
Item text: ""Can the child count up to five objects (e.g., fingers, people)?""
Response: 1

Item ID: CREDI_D13
Item text: ""Can the child speak using sentences of three or more words that go together (e.g., “I want water” or “the house is big”)?""
Response: 1

Item ID: CREDI_D14
Item text: ""If you show the child two objects or people of different size, can he/she tell you which one is the big one and which is the small one?""
Response: 1

Item ID: CREDI_D15
Item text: ""Can the child identify at least one color (e.g., red, blue, yellow)?""
Response: 1

Item ID: CREDI_D16
Item text: ""Can the child explain in words what common objects like a cup or a chair are used for?""
Response: 0

Item ID: CREDI_D17
Item text: ""If you ask the child to give you three objects (e.g., stones, beans), does the child give you the correct amount?""
Response: 0

Item ID: CREDI_D18
Item text: ""Can the child use “on”, “in”, “under” correctly to tell the location of the object? (e.g., “the cup is on the table” instead of “the cup is in the table”)""
Response: 0

Item ID: CREDI_D19
Item text: ""Does the child ask about familiar people other than parents when they are not there (e.g., “where is the neighbor?”)?""
Response: 0

Item ID: CREDI_D2
Item text: ""Can the child ask for something (e.g., food, water) by name when he/she wants it?""
Response: 1

Item ID: CREDI_D20
Item text: ""Does the child ask “why” questions (e.g., “why are you tall?”)?""
Response: 0

Item ID: CREDI_D3
Item text: ""Can the child correctly name at least one family member other than mom and dad (e.g., name of brother, sister, aunt, uncle)?""
Response: 1

Item ID: CREDI_D4
Item text: ""If the child knows an object (like a cup or an animal) and you show it to him/her, can he/she tell its name every time?""
Response: 1

Item ID: CREDI_D5
Item text: ""Can the child remove an item of clothing (e.g., take off his/her shirt)?""
Response: 1

Item ID: CREDI_D6
Item text: ""Can the child say ten or more separate words (e.g., names like “mama” or objects like “ball”)?""
Response: 1

Item ID: CREDI_D7
Item text: ""Can the child tell you when he/she is tired or hungry?""
Response: 1

Item ID: CREDI_D9
Item text: ""Can the child jump with both feet leaving the ground?""
Response: 1
    Now predict this person's response to the held-out item below.
    Held-out item ID: CREDI_D8
    Held-out item text: ""Can the child sing a short song or repeat parts of a rhyme from memory by him/herself?""
    Return the predicted response as 0 or 1."
60_506_2022,CREDI_D9,Can the child jump with both feet leaving the ground?,1,1,Child jumps with both feet leaving the ground.,39,"Below are the observed responses for one person.
    Observed item responses:
    Item ID: CREDI_C1
Item text: ""Can the child maintain a standing position on his/her own, without holding on or receiving support?""
Response: 1

Item ID: CREDI_C10
Item text: ""Does the child show sympathy or look concerned when others are hurt or sad?""
Response: 1

Item ID: CREDI_C11
Item text: ""Can the child run more than a few steps without falling or bumping into objects?""
Response: 1

Item ID: CREDI_C12
Item text: ""Can the child drink from a cup (without a lid) on his/her own without spilling?""
Response: 0

Item ID: CREDI_C13
Item text: ""Can the child stack three or more small objects (e.g., blocks, cups, bottle caps) on top of each other?""
Response: 1

Item ID: CREDI_C14
Item text: ""Can the child answer simple questions (e.g., “do you want water?”) by saying “yes” or “no,” rather than nodding?""
Response: 0

Item ID: CREDI_C15
Item text: ""Does the child play with an object by making it something else? (e.g., imagining a bottle as a doll, a stone as a car, or a spoon as an airplane)""
Response: 0

Item ID: CREDI_C16
Item text: ""Can the child correctly name at least one family member other than mom and dad (e.g., name of brother, sister, aunt, uncle)?""
Response: 0

Item ID: CREDI_C17
Item text: ""Can the child ask for something (e.g., food, water) by name when he/she wants it?""
Response: 0

Item ID: CREDI_C18
Item text: ""Can the child walk backwards?""
Response: 0

Item ID: CREDI_C19
Item text: ""If the child knows an object (like a cup or an animal) and you show it to him/her, can he/she tell its name every time?""
Response: 0

Item ID: CREDI_C2
Item text: ""Can the child follow simple directions (e.g., “stand up” or “come here”)?""
Response: 1

Item ID: CREDI_C20
Item text: ""Can the child say ten or more separate words (e.g., names like “mama” or objects like “ball”)?""
Response: 0

Item ID: CREDI_C3
Item text: ""Does the child imitate others’ behavior (e.g., washing hands or dishes)?""
Response: 1

Item ID: CREDI_C4
Item text: ""Can the child climb onto an object such as a chair or bench?""
Response: 1

Item ID: CREDI_C5
Item text: ""Is the child kind to younger children (e.g., speaks to them nicely and touches them gently)?""
Response: 1

Item ID: CREDI_C6
Item text: ""Does the child show curiosity to learn new things (e.g., by asking questions or exploring a new area)?""
Response: 0

Item ID: CREDI_C7
Item text: ""Can the child point to a person or object when asked (e.g., “where is mama?” or “where is the ball?”)?""
Response: 1

Item ID: CREDI_C8
Item text: ""Can the child kick a ball, or other round objects, forward using his/her foot?""
Response: 1

Item ID: CREDI_C9
Item text: ""Does the child involve others in play (i.e., play interactive games with other children)?""
Response: 1

Item ID: CREDI_D1
Item text: ""Can the child walk backwards?""
Response: 1

Item ID: CREDI_D10
Item text: ""Can the child correctly use any of the words “I,” “you,” “she,” or “he” (e.g., “I go to store,” or “he eats rice”)?""
Response: 0

Item ID: CREDI_D11
Item text: ""Can the child correctly ask questions using any of the words “what,” “which,” “where,” or “who”?""
Response: 0

Item ID: CREDI_D12
Item text: ""Can the child count up to five objects (e.g., fingers, people)?""
Response: 1

Item ID: CREDI_D13
Item text: ""Can the child speak using sentences of three or more words that go together (e.g., “I want water” or “the house is big”)?""
Response: 1

Item ID: CREDI_D14
Item text: ""If you show the child two objects or people of different size, can he/she tell you which one is the big one and which is the small one?""
Response: 1

Item ID: CREDI_D15
Item text: ""Can the child identify at least one color (e.g., red, blue, yellow)?""
Response: 1

Item ID: CREDI_D16
Item text: ""Can the child explain in words what common objects like a cup or a chair are used for?""
Response: 0

Item ID: CREDI_D17
Item text: ""If you ask the child to give you three objects (e.g., stones, beans), does the child give you the correct amount?""
Response: 0

Item ID: CREDI_D18
Item text: ""Can the child use “on”, “in”, “under” correctly to tell the location of the object? (e.g., “the cup is on the table” instead of “the cup is in the table”)""
Response: 0

Item ID: CREDI_D19
Item text: ""Does the child ask about familiar people other than parents when they are not there (e.g., “where is the neighbor?”)?""
Response: 0

Item ID: CREDI_D2
Item text: ""Can the child ask for something (e.g., food, water) by name when he/she wants it?""
Response: 1

Item ID: CREDI_D20
Item text: ""Does the child ask “why” questions (e.g., “why are you tall?”)?""
Response: 0

Item ID: CREDI_D3
Item text: ""Can the child correctly name at least one family member other than mom and dad (e.g., name of brother, sister, aunt, uncle)?""
Response: 1

Item ID: CREDI_D4
Item text: ""If the child knows an object (like a cup or an animal) and you show it to him/her, can he/she tell its name every time?""
Response: 1

Item ID: CREDI_D5
Item text: ""Can the child remove an item of clothing (e.g., take off his/her shirt)?""
Response: 1

Item ID: CREDI_D6
Item text: ""Can the child say ten or more separate words (e.g., names like “mama” or objects like “ball”)?""
Response: 1

Item ID: CREDI_D7
Item text: ""Can the child tell you when he/she is tired or hungry?""
Response: 1

Item ID: CREDI_D8
Item text: ""Can the child sing a short song or repeat parts of a rhyme from memory by him/herself?""
Response: 1
    Now predict this person's response to the held-out item below.
    Held-out item ID: CREDI_D9
    Held-out item text: ""Can the child jump with both feet leaving the ground?""
    Return the predicted response as 0 or 1."
